0.000000000000000000e+00,1.936228954946273006e-13,1.776356839400250465e-15,3.996802888650563546e-14,1.101341240428155288e-13
2.003129890453834161e-01,1.516565949120066925e+00,7.614483122285216066e-01,4.176561717337412549e-01,4.812559543132087225e-01
4.006259780907668322e-01,2.590685146845832509e+00,1.135510980253930269e+00,3.288953799186478122e-01,1.336741170139916335e+00
6.009389671361502483e-01,1.955870815908022253e+00,2.307428073081284392e+00,1.597608673121376111e+00,2.120836025826386084e+00
8.012519561815336644e-01,2.712384924100432304e+00,1.058684363348515900e+00,1.297253395750392668e+00,2.550882069259939211e+00
1.001564945226917080e+00,1.739272832510373679e+00,8.780989266784209324e-01,3.524771084860593429e-01,1.487268497484298679e+00
1.201877934272300497e+00,5.137774105952228609e+00,8.417306208329758954e-01,5.288995526100784828e-01,4.213319517062000585e+00
1.402190923317683913e+00,4.996123514166136204e+00,2.102965258924860137e-01,1.583471614859312204e+00,3.537075737042146617e+00
1.602503912363067329e+00,3.514378456835113074e+00,1.352485627059216933e+00,1.225835343417657874e+00,3.485551118455907815e+00
1.802816901408450745e+00,3.449570071814207051e+00,1.594728106097244691e+00,2.084880162085098743e+00,4.396843853999745200e+00
2.003129890453834161e+00,3.193132530937424995e+00,1.244236034890326525e+00,1.309982494032047917e+00,3.331420445610133729e+00
2.203442879499217355e+00,1.427754742214083272e+00,7.842581023955964570e-01,9.036946227772516549e-01,1.074860887133533449e+00
2.403755868544600993e+00,2.748382529056084156e+00,9.171022228904018858e-01,6.281365201164776924e-01,1.960061679493451336e+00
2.604068857589984631e+00,1.946357537727485099e+00,3.148602506223438513e-01,1.145756834239841426e+00,1.096231888300838841e+00
2.804381846635367825e+00,1.612337317234672884e+00,2.638704251934043676e-01,6.585999716823354166e-01,2.082063873931851550e+00
3.004694835680751019e+00,2.803516163073925149e+00,7.815002524589810262e-01,8.242951246937680887e-01,2.691007027798886675e+00
3.205007824726134658e+00,2.740344000969626492e+00,6.787072823927994270e-01,6.958886834198683979e-02,3.230944357150563384e+00
3.405320813771518296e+00,1.366528439573390541e+00,5.701484154764433487e-01,4.872308980320454452e-01,1.522957706077553652e+00
3.605633802816901490e+00,3.192512091146857856e+00,1.046068167704416796e+00,7.504782303909932617e-01,3.084675777727661661e+00
3.805946791862284684e+00,3.240667433279110110e+00,6.559960172557235403e-01,8.982482065720569508e-01,3.908465286778560976e+00
4.006259780907668322e+00,2.248239323875486306e+00,4.166049476836197751e-01,9.716840405276289117e-01,1.549204581872002606e+00
4.206572769953051960e+00,1.074297578855148538e+00,1.659941299236978307e-01,5.401253614979131257e-01,1.224433698396428793e+00
4.406885758998434710e+00,2.843643652373515351e+00,2.730525531342899437e-01,7.051971985669106546e-01,2.250753796306305343e+00
4.607198748043818348e+00,3.155115163848821513e+00,1.018357755795301189e+00,9.023294016517301452e-01,1.252571415686514866e+00
4.807511737089201986e+00,2.132039010689704917e+00,1.164044452248706785e+00,1.320469418064360134e+00,4.586587178255001618e-01
5.007824726134585624e+00,7.901627803537475403e-01,3.999495872519742701e-01,1.084976392059417316e+00,2.095257960052317792e+00
5.208137715179969263e+00,1.423319496872699208e+00,3.197302513700049365e-01,4.513201597942931298e-01,1.569280861696762841e+00
5.408450704225352013e+00,2.048133975900996884e+00,3.401447394286432058e-01,1.281736751967318400e-01,1.077914515757525171e+00
5.608763693270735651e+00,1.715441495892856771e+00,6.192774745124758340e-01,4.967314573564914904e-01,4.974547033586945166e-01
5.809076682316119289e+00,6.213886708604480225e-01,3.462933628087978000e-01,2.544860448092562399e-01,4.846725667084437195e-01
6.009389671361502039e+00,5.324020208773347917e-01,4.244034695191168938e-01,3.722694546765974444e-01,2.559752304501324849e-01
6.209702660406885677e+00,1.243017470483761766e+00,2.659829783455734398e-01,5.528280917172023745e-01,8.914298736556482972e-01
6.410015649452269315e+00,1.288814976293354286e-01,7.681097356304394941e-02,6.353844759588809232e-01,7.005669702634622631e-01
6.610328638497652953e+00,7.380120536879763993e-01,3.155336147433888128e-01,5.448483070928327177e-01,9.648470317026748566e-02
6.810641627543036591e+00,8.321485573325934082e-01,5.179997573559591562e-01,6.671900137683457466e-01,1.275218051876342296e+00
7.010954616588419341e+00,7.571764039825858994e-01,1.917787626825602221e-01,6.250867586510246987e-01,1.057746507487585808e+00
7.211267605633802980e+00,8.506731832944460781e-01,6.962125992739469638e-01,4.770703818220922710e-01,9.004854331703615600e-01
7.411580594679186618e+00,5.970693336785298788e-01,7.101734130437314940e-01,6.675098722287473585e-01,1.424780098014146290e+00
7.611893583724569368e+00,1.806073434841244663e-01,5.060081382815083684e-01,5.325431832626880135e-01,9.436804641854781295e-01
7.812206572769953006e+00,1.043055202201897069e+00,6.124533832177284087e-02,7.100598558104075364e-01,1.537669574527743110e+00
8.012519561815336644e+00,2.136275279704836771e-01,6.164178318531083889e-01,3.227449512135363019e-01,6.399350403286733213e-01
8.212832550860719394e+00,6.240489643674740350e-01,1.550819266328784807e-01,7.846074988474935341e-02,1.339730849890730546e+00
8.413145539906103920e+00,2.672160579156668714e+00,2.373595422817909029e-01,7.902479978274452588e-01,6.176865544518550522e-01
8.613458528951486670e+00,2.367447050730027147e-01,4.307920334055785339e-01,2.914836675774442609e-01,8.159964792070797390e-01
8.813771517996869420e+00,1.464701262028839546e+00,2.366586890714211244e-01,4.917997531629955676e-02,8.130614889549643287e-01
9.014084507042253946e+00,2.248929328457843990e+00,4.991036147532919021e-01,1.612506070120327539e-01,8.219595637718527525e-01
9.214397496087636696e+00,1.242880126508731919e+00,4.325869911822544656e-01,2.745289595006511485e-01,1.633900070460062581e+00
9.414710485133021223e+00,1.035078060701634106e+00,3.145794482100383593e-01,4.875814042428225914e-01,9.297755184668666795e-01
9.615023474178403973e+00,3.367352994745928196e+00,7.860446402548895151e-01,5.207023866914226584e-01,3.097093539111727356e+00
9.815336463223786723e+00,1.009269320765820543e+00,4.546906943305665805e-01,6.841812404290990024e-01,5.441240631366236480e-01
1.001564945226917125e+01,1.600050595503977435e+00,4.663136900773032778e-01,6.811749759648872971e-01,8.522759898399100420e-01
1.021596244131455400e+01,1.073922176281732588e+00,3.319540141715116022e-01,2.836548606375119408e-01,1.146855654467043850e+00
1.041627543035993853e+01,1.048862337098518616e+00,4.113259960260076120e-01,3.721827545315730679e-01,1.316916528509952944e-01
1.061658841940532128e+01,6.069604444985605696e-01,1.445144235015782541e-01,1.548263511022981986e-01,5.548671592028268096e-01
1.081690140845070403e+01,9.095510468358084522e-01,3.666199044258872108e-01,2.192187444830397958e-01,4.674617219174014848e-01
1.101721439749608855e+01,6.612994578976214566e-01,2.942367646425466110e-01,3.739122360338869577e-01,1.137260855464998555e+00
1.121752738654147130e+01,1.357127919771758506e+00,2.185534696588977421e-01,5.466928454798467563e-01,1.022670640268954489e+00
1.141784037558685405e+01,2.628359689653869125e-01,4.103744784290475067e-01,5.172905918713069928e-01,1.345413179151709437e+00
1.161815336463223858e+01,3.287332735622908175e-01,1.091607046205589210e-01,2.247139139133351449e-01,1.305114773286036867e-01
1.181846635367762133e+01,2.961279865756039076e-01,2.109361046029990527e-01,5.978815830620257676e-01,3.214380084876856114e-01
1.201877934272300408e+01,6.362594337975981951e-01,2.180082994652586814e-01,2.124507142790816872e-01,3.833211953552620455e-01
1.221909233176838860e+01,5.052649260971983081e-01,2.225352603384973538e-01,3.944166776430103050e-01,9.650566615325740782e-01
1.241940532081377135e+01,4.249957588831172473e-01,1.658687998506969963e-01,2.311210183207623725e-01,1.840359755390158503e-01
1.261971830985915588e+01,7.507927039375681399e-01,2.267033396729846439e-01,1.359755930287375181e-01,1.570032031548316276e-01
1.282003129890453863e+01,5.740933630544081678e-01,8.113408920725879991e-02,1.329325794982331999e-01,3.392965534191328403e-01
1.302034428794992138e+01,5.013136522663573791e-01,2.014599246690405021e-01,1.331779023377752391e-01,6.692746540815771583e-01
1.322065727699530591e+01,9.074455450728686756e-01,8.023439543068373869e-02,1.108440556763809481e-01,2.258929147294548856e-01
1.342097026604068866e+01,8.528398559390174549e-01,2.709503675100937148e-01,1.718756367236074500e-01,6.563866023918175641e-01
1.362128325508607318e+01,5.432700050118601798e-01,2.347995579224423646e-01,5.200104536533841637e-01,8.926700014864084043e-01
1.382159624413145593e+01,7.426399454001294531e-01,1.984973217272558710e-01,1.932870591772480329e-01,4.773645689946599546e-01
1.402190923317683868e+01,1.245710373244276054e-01,7.899973355894902849e-02,9.432907858198649742e-02,6.395971616432766238e-01
1.422222222222222321e+01,3.710160976337493199e-01,3.364627527094320864e-02,1.822729566101317644e-01,5.615622150833686765e-01
1.442253521126760596e+01,1.492132175164919139e-01,2.628352209983534915e-01,2.487288350789514935e-01,2.030451247567972572e-01
1.462284820031298871e+01,3.373639642183335896e-01,4.270978868453348953e-01,1.030612932639063950e-01,1.628828324423834406e-01
1.482316118935837324e+01,2.856156917045996613e-01,9.655177644852049046e-02,3.065992734959053362e-02,9.138583826024831991e-02
1.502347417840375599e+01,3.735051936702038500e-01,1.210458318586158932e-01,1.286407727534994716e-01,4.031621997874576535e-01
1.522378716744913874e+01,8.515209227961272331e-01,2.296117124762478978e-01,2.907339724539887427e-01,1.107757285053288410e+00
1.542410015649452326e+01,7.697716222325978741e-01,3.219181446868996654e-01,3.642240333715925371e-01,8.148923664299415615e-01
1.562441314553990601e+01,2.172702235917430835e-01,4.793082313343915435e-01,4.105872596964978971e-01,1.637467642821005542e-01
1.582472613458529054e+01,5.029119918727561478e-01,1.914468545547017009e-01,2.844433867818856876e-01,4.873934935610777508e-01
1.602503912363067329e+01,4.330496812135390394e-01,1.707174828330975946e-01,8.008476990228674541e-02,4.081170610793258269e-01
1.622535211267605604e+01,3.488019814988233547e-01,2.515628393455064393e-01,3.479581215706439856e-01,6.766101802166929469e-01
1.642566510172143879e+01,7.183343314062875518e-01,6.146386883052854661e-02,3.526822521445011765e-02,8.376033632419300767e-01
1.662597809076682509e+01,3.895375565867267298e-01,1.708711398832443995e-01,2.410609947135750886e-01,2.542797472894035571e-01
1.682629107981220784e+01,3.942185727819528807e-01,3.444961052964835568e-01,1.983463281997424055e-01,8.225608000851872825e-01
1.702660406885759059e+01,5.944409214749180048e-01,3.701126809170086213e-02,4.446326896202668633e-01,6.528432209199924730e-01
1.722691705790297334e+01,9.441968906135610462e-01,4.036020677195664152e-01,1.314332069524687951e-01,2.439037568937564293e-01
1.742723004694835609e+01,7.532069758165661488e-01,2.369811489439226926e-01,2.228856190430473228e-01,6.675222713750027514e-01
1.762754303599373884e+01,2.442417191665670062e-01,1.363220679117304601e-01,1.014798918511975040e-01,4.831237464029925488e-01
1.782785602503912514e+01,7.125850535975641886e-01,1.254523667508762319e-01,1.442200849162507958e-01,6.849435037964468620e-01
1.802816901408450789e+01,5.755932175658413641e-01,1.814120343411366187e-01,3.906417358149997798e-01,7.876011339314513693e-01
1.822848200312989064e+01,4.014676259822111959e-01,3.144888910609136001e-01,1.885711121780276334e-01,6.807349977077432890e-02
1.842879499217527339e+01,4.335734872546375129e-01,1.751817450141957277e-01,1.308115365283116505e-01,5.510946707717664372e-01
1.862910798122065614e+01,4.309717961859582669e-01,9.657515540586479597e-02,2.112969394003036683e-01,6.410596641936527895e-01
1.882942097026604245e+01,6.094559823158856027e-01,2.300059089249287814e-01,2.469679616147655299e-01,2.413594847236138485e-01
1.902973395931142520e+01,4.879182582227157283e-01,5.251630764193202655e-02,2.946957257421102816e-01,3.942562398667468632e-02
1.923004694835680795e+01,7.862143494812401379e-01,1.166571713252935460e-01,9.847378968790888865e-02,5.381170871376643738e-01
1.943035993740219070e+01,2.018687624505706713e-01,1.886433368510422592e-01,1.100871353806608943e-01,1.930839452730123973e-01
1.963067292644757345e+01,2.702599344171582318e-01,2.189617013199671725e-01,1.164367590822899950e-01,9.003250756252759723e-01
1.983098591549295975e+01,2.550948193432882594e-01,1.465859090017779254e-01,2.390631206485904769e-01,2.284628108647856204e-01
2.003129890453834250e+01,1.715929617307469790e-01,2.617074432544643295e-02,1.626037709690559760e-02,5.798852318235756531e-01
2.023161189358372525e+01,1.442524441529888513e-01,6.790789961790348606e-02,1.391893920370804727e-01,1.987677005102890804e-01
2.043192488262910800e+01,6.398085641255356615e-01,9.642664272436898831e-02,6.957519710808991731e-02,7.536875153019936269e-01
2.063223787167449075e+01,6.044937692292259301e-01,3.350720977470866280e-01,1.155168321976236395e-01,5.294902497796183383e-02
2.083255086071987705e+01,5.055245051333819850e-01,1.247991959433655540e-01,2.169620706567993995e-01,2.928352475572684743e-01
2.103286384976525980e+01,6.910192394583453135e-01,7.791849741458296841e-02,1.887887093597190868e-01,5.951518463666057857e-01
2.123317683881064255e+01,3.616376659584748521e-01,1.037080425256606681e-01,1.099486239315538572e-01,9.021144785484365158e-01
2.143348982785602530e+01,7.199638643918689906e-01,1.731508150489363684e-01,1.347033626284579177e-01,9.033570368831030928e-01
2.163380281690140805e+01,1.223100353764747378e-01,9.073103552954744910e-02,1.591269689881282534e-01,2.362499369175590225e-01
2.183411580594679080e+01,2.877722122250829240e-01,1.502102155983334741e-01,2.354868196212875908e-01,1.341522917706794160e-01
2.203442879499217710e+01,3.960821235138736185e-01,2.036399889195281698e-01,1.506919479751741286e-01,3.682040524907065904e-01
2.223474178403755985e+01,8.798337902794664545e-02,1.964481815351689364e-01,6.266253485316841676e-02,5.750888140910253021e-01
2.243505477308294260e+01,4.571149325043814549e-01,2.014753919503475821e-01,2.678854184540872541e-01,3.109882516165936028e-01
2.263536776212832535e+01,1.109617884727426146e-01,2.231141226954091172e-01,1.577458400467638411e-01,6.520070593098252765e-01
2.283568075117370810e+01,3.492816536895622104e-01,1.062513378447599161e-01,1.508916052554249987e-01,5.039954398463616370e-01
2.303599374021909441e+01,4.335729341727515562e-01,9.277692345310881161e-02,1.011897539999525447e-01,2.791885667592690079e-01
2.323630672926447716e+01,9.504645483640718207e-02,2.114935600530623572e-01,2.710376773683715879e-01,3.576178697254814298e-01
2.343661971830985991e+01,5.889578097855991956e-01,2.714783779378923678e-01,2.197702076242653291e-01,2.569217139539587413e-01
2.363693270735524266e+01,6.528095094137016385e-01,1.309173732887205233e-01,1.041722423856060314e-01,5.918064513753460432e-01
2.383724569640062541e+01,2.761386457891828461e-01,2.837251615585167364e-01,4.046311915197488285e-02,6.782924104333442061e-01
2.403755868544600816e+01,1.886468922528002357e-01,1.207170695940217170e-01,3.122620368180625827e-01,4.638926788241648502e-01
2.423787167449139446e+01,1.124390739933428113e-01,1.538893392564785190e-01,3.240020910322581327e-01,2.422261186726359095e-01
2.443818466353677721e+01,2.966039464786976998e-01,1.343608201686824766e-01,9.789243625511762081e-02,3.803618541646029971e-01
2.463849765258215996e+01,3.551860855511296267e-01,1.724687113569768615e-01,2.206679769657849399e-01,2.903108518149312700e-01
2.483881064162754271e+01,1.204761941667266828e-01,3.380115183692092989e-02,2.389013052714639151e-01,7.462298426190566714e-01
2.503912363067292546e+01,2.160570159611219232e-01,1.978629437863693719e-01,2.958701481272807410e-01,5.469138449656685275e-01
2.523943661971831176e+01,1.481578368841990068e-01,8.774244648688249437e-03,9.508768645851474466e-02,3.355798821260270737e-01
2.543974960876369451e+01,1.740291824903808793e-01,7.646771847815427015e-02,5.746001774706868681e-02,6.078852805141519156e-01
2.564006259780907726e+01,4.162894358071455025e-01,9.106379280491261330e-02,6.542605072587363846e-02,3.744960456112653713e-01
2.584037558685446001e+01,2.838211502249714524e-01,7.030125624048730315e-02,9.120410475763517100e-02,1.070335074241346440e-01
2.604068857589984276e+01,2.754359935892953803e-01,1.936950097337880594e-01,7.719269420390102721e-02,3.221772857894628639e-01
2.624100156494522906e+01,5.794230846370940213e-02,1.791420183362305019e-01,1.619588833273847839e-01,2.252872780981929890e-01
2.644131455399061181e+01,1.596770773169359225e-01,1.398421967697422441e-01,8.784302878604388631e-02,4.362512573790534032e-01
2.664162754303599456e+01,8.878146791781517388e-02,1.415697500342845971e-01,7.650046461338802506e-02,1.427522893053188857e-01
2.684194053208137731e+01,3.104608541498770080e-01,2.054394540755959953e-01,1.004696891433688039e-01,3.408948505128281403e-01
2.704225352112676006e+01,2.552446551946790931e-01,2.008494531535677252e-01,1.875975674710756991e-01,7.816294285525968721e-01
2.724256651017214637e+01,1.471575247008064524e-01,4.721541389544735290e-02,1.013118001825045744e-01,4.348386888891330182e-01
2.744287949921752912e+01,5.247356692669814526e-01,1.097963560765963797e-01,1.729248826412174145e-01,3.497994907557236965e-01
2.764319248826291187e+01,3.487787981418464245e-01,7.438769605381799488e-02,7.874871602224393918e-02,5.772637280636662149e-01
2.784350547730829462e+01,4.888899783562264401e-01,3.259249340915734705e-02,1.372882814090243264e-01,4.009247748445026183e-01
2.804381846635367737e+01,4.356946535670399578e-01,1.680496816592798592e-01,5.532490955187081838e-02,4.521364719531127396e-01
2.824413145539906012e+01,2.389438039689641968e-01,8.375026857911670175e-02,1.938707733474645187e-02,3.054695653618157980e-01
2.844444444444444642e+01,2.387029799217811332e-01,3.326980898326635239e-01,1.580003062920598556e-01,5.214955087528079236e-01
2.864475743348982917e+01,1.675273330233601754e-01,1.268388034843382361e-01,2.452311717560687332e-01,4.738750457406093464e-01
2.884507042253521192e+01,7.064441288902820193e-02,4.518107117421150259e-02,5.528401571707778489e-02,9.068755932114541674e-01
2.904538341158059467e+01,3.853275526159722908e-01,6.194833936168956529e-02,8.254752138279085327e-02,1.804366193883703284e-01
2.924569640062597742e+01,1.374282952950151848e-01,1.109544538696377591e-01,1.207382518900083773e-01,2.359393254509619953e-01
2.944600938967136372e+01,1.901672488801685323e-01,2.626238621306750676e-01,2.278103309290059608e-01,3.774178210574965497e-01
2.964632237871674647e+01,1.982645040313384954e-01,2.102561312089674672e-01,1.182884136733519109e-01,1.323577581383482971e-01
2.984663536776212922e+01,4.946989527455723096e-02,1.464922677244971105e-01,7.403080160854327851e-02,3.073157668142519894e-01
3.004694835680751197e+01,3.097614083532559404e-01,1.609132975302721147e-01,1.579204255698645198e-01,3.015751029064625555e-01
3.024726134585289472e+01,5.335153523539869491e-01,2.196868147926393788e-02,1.403642087844576281e-01,6.647982012277310615e-02
3.044757433489827747e+01,4.625629295336162183e-01,5.306929778541496362e-02,1.493122004849839202e-01,5.323096667061728848e-02
3.064788732394366377e+01,3.977447641513520704e-01,6.259918585498901178e-02,1.155249058548334234e-01,5.849565390180330171e-01
3.084820031298904652e+01,4.232475658602288249e-01,1.991311318521236107e-01,9.964284863307659723e-02,7.342166346782956765e-01
3.104851330203442927e+01,2.640935896518898374e-01,1.009515145068499431e-01,4.400007409539407471e-02,2.191110323099409729e-01
3.124882629107981202e+01,4.118781322247304644e-01,5.517025312091105443e-02,1.279314901100333246e-01,8.755988716213578549e-01
3.144913928012519477e+01,8.489326239183583866e-02,6.104517087007974019e-02,1.809831700287813927e-01,4.800718287772032244e-01
3.164945226917058108e+01,4.846800331655790051e-01,2.267317866458303799e-01,1.304309587396207948e-01,4.888271601639949115e-01
3.184976525821596383e+01,1.581536903539219885e-01,2.577015923875626835e-01,1.088557148352597564e-01,2.603872494593214570e-01
3.205007824726134658e+01,3.334552464199763699e-01,1.628679044863256820e-01,1.300918078913199938e-01,5.488744361729197552e-01
3.225039123630673288e+01,1.795570520246107526e-01,8.781598559935720194e-02,1.051146980842345563e-01,2.615130215579050676e-01
3.245070422535211208e+01,1.430889752456412367e-01,5.359016319111225418e-02,1.343787418279764612e-01,1.807074706676332909e-01
3.265101721439749838e+01,6.285783871284630342e-01,4.752811163545034301e-02,1.215308839868967095e-01,1.403055449578499425e-01
3.285133020344287758e+01,3.233888641348555693e-01,8.751438383292435563e-02,6.505847121782576403e-02,5.045048842570558634e-01
3.305164319248826388e+01,2.559427724475744070e-01,1.055885179796349216e-01,2.873916020402690619e-02,1.748253382719588689e-01
3.325195618153365018e+01,1.938741097566034077e-01,1.952310932693258616e-01,9.513792336946806649e-02,1.641579009817847323e-01
3.345226917057902938e+01,4.127037262999450618e-01,8.193648056668605129e-02,1.554291470297965994e-01,5.583852720651213408e-01
3.365258215962441568e+01,5.125343258858739981e-01,1.186109053796248480e-01,1.314374119769932681e-01,1.578007403236882100e-01
3.385289514866979488e+01,2.467805679226381665e-01,1.060621314901569745e-01,1.273453572378386855e-01,2.873997333183042069e-01
3.405320813771518118e+01,8.754217327554139061e-01,1.280768648872661064e-01,3.049818532670467430e-02,4.616610164592274135e-01
3.425352112676056748e+01,3.813480101999286442e-01,1.028046401195022441e-01,3.249337296043492557e-02,1.792391417868987868e-01
3.445383411580594668e+01,1.872627251648332214e-01,7.375121260268605039e-02,1.387232204812732274e-02,2.722372718510896461e-01
3.465414710485133298e+01,4.981066167740677009e-01,1.967940294043353244e-01,6.499521873498667612e-02,3.861057428660212287e-01
3.485446009389671218e+01,4.873981570318273171e-01,2.749141352202744137e-01,9.315314895299924014e-02,3.863176124879220130e-01
3.505477308294209848e+01,1.271986552537618387e-01,1.501848239218172010e-01,1.155038453690116623e-01,8.611726710986564171e-02
3.525508607198747768e+01,4.370770232536392297e-01,6.864961808604090956e-03,5.439281578378795529e-02,8.678666774511094306e-02
3.545539906103286398e+01,4.818949603713064689e-01,1.597839454104727497e-01,2.184145399301622992e-01,3.762941052814414711e-01
3.565571205007825029e+01,2.818031290809571709e-01,1.230564421584440238e-01,4.957240431015236953e-02,2.100399274379063097e-01
3.585602503912362948e+01,2.540942467096495849e-01,1.104759639874579452e-01,6.744268281749216110e-02,3.380131960428265359e-01
3.605633802816901579e+01,1.499440142363604178e-01,5.838982107238124830e-02,1.121133296850970462e-01,3.401549115906229992e-01
3.625665101721439498e+01,2.752031125654397226e-01,9.887256444760733620e-02,1.514175121896327580e-01,2.296044809734651138e-01
3.645696400625978129e+01,6.469267905041969913e-01,1.089515592656600251e-01,9.400836583771249311e-02,3.781281515325446430e-01
3.665727699530516759e+01,4.134854666752780239e-01,4.122395852366367991e-02,9.052978341639977833e-02,6.675514278947797253e-01
3.685758998435054679e+01,1.393339468954372384e-01,1.037773026410908073e-01,8.320946614831728483e-02,9.737516768298271064e-02
3.705790297339593309e+01,3.695333536634413107e-01,6.483588054773192777e-02,4.145320141831292104e-02,1.330012108100842583e-01
3.725821596244131229e+01,3.808844262159237215e-01,3.533707798578346326e-02,1.462115060902129393e-01,1.914890726804243659e-01
3.745852895148669859e+01,1.927744248704054697e-01,7.845724703043450987e-02,6.282748875744569028e-02,3.394475370878457521e-01
3.765884194053208489e+01,3.652577868361541746e-01,2.569628695645368582e-02,7.951383319123034310e-02,2.171603662024259307e-01
3.785915492957746409e+01,1.723114618127413178e-01,3.073764151364540790e-03,9.393517164553301380e-02,2.819201367790198365e-01
3.805946791862285039e+01,3.120168777062916621e-01,9.103374430965871511e-02,7.107801635694338538e-02,6.160749337469659248e-02
3.825978090766822959e+01,2.572980796895700251e-01,4.798324648109585089e-02,2.359645248615306612e-02,1.910920527550638293e-01
3.846009389671361589e+01,9.921730919639987212e-02,9.818127601809152616e-02,2.670069997991705857e-02,1.381784793292600566e-01
3.866040688575900219e+01,3.765545677636213950e-01,6.052300455365038773e-02,5.043825378145338351e-02,2.764441433936411507e-01
3.886071987480438139e+01,1.881171670850507738e-01,6.408024333047507293e-02,8.584480944017665316e-02,2.479125563670829188e-02
3.906103286384976769e+01,2.146114915330504247e-01,1.250179218897550792e-01,8.058586987090582410e-02,1.795926422959181201e-01
3.926134585289514689e+01,4.357038127036688135e-01,3.536970793445139843e-02,9.364537853195975536e-02,8.393164639180819564e-02
3.946165884194053319e+01,4.029426891696623325e-02,5.651186184749404373e-02,8.150491872413712091e-02,3.921605337184292522e-02
3.966197183098591950e+01,8.205514195554669543e-02,5.927145277354117087e-02,4.142192066383080379e-02,2.874325780536743924e-01
3.986228482003129869e+01,2.618788725986529453e-01,3.709860490318186987e-02,9.981206982670187688e-02,1.358254322701510086e-01
4.006259780907668500e+01,1.652094449765669215e-01,1.359500820358812700e-01,1.421678064607240499e-01,1.583156489308904513e-01
4.026291079812206419e+01,1.082829247621309304e-01,3.862866032602859517e-02,1.041288506739373870e-01,2.901789525462221131e-01
4.046322378716745050e+01,1.206561620045963762e-01,3.250491933488354468e-02,1.618637517247692795e-02,5.997196146199893635e-02
4.066353677621283680e+01,5.661182702873110428e-02,1.747412349889531508e-02,4.499077175903622161e-02,1.211795736600600054e-01
4.086384976525821600e+01,1.027170605127425973e-01,6.023926759970430617e-02,2.516289056197494600e-02,2.000427697136386296e-01
4.106416275430360230e+01,1.051046236493357322e-01,7.441099251110401547e-02,7.060597132214881111e-02,2.230333934319172207e-01
4.126447574334898150e+01,1.363358543873148532e-01,3.624694371970767909e-02,1.518290766249439511e-02,1.016164476700580077e-01
4.146478873239436780e+01,4.130977795475324066e-02,2.531461698256232823e-02,4.469486885875353921e-02,2.613097536488613593e-02
4.166510172143975410e+01,2.219255895276204260e-01,2.245223207273254473e-02,4.880138413883059606e-02,1.663787634215451172e-01
4.186541471048513330e+01,2.443601478261815674e-01,4.051872951130287143e-02,3.210302113371198834e-02,6.983383575720666925e-02
4.206572769953051960e+01,8.023685911015406014e-02,5.848639479349855563e-02,3.563750092809025299e-02,8.631376967726880900e-02
4.226604068857589880e+01,1.505178722473330122e-01,8.112882614319126551e-02,7.129129700392630720e-02,1.346053214815979560e-01
4.246635367762128510e+01,2.288044497572895297e-01,2.997189834481939208e-02,3.256877394635442763e-02,1.675900717529705819e-01
4.266666666666666430e+01,4.607026452866686689e-02,3.994882476283992401e-02,6.210443231347492765e-03,1.339489944037943192e-01
4.286697965571205060e+01,1.824430997162862778e-01,3.984528829238476177e-02,1.431640211586294835e-02,1.085229683977462223e-01
4.306729264475743690e+01,1.485602678596813497e-01,7.146319912259667916e-03,3.080828249801647808e-02,6.074876715645830677e-02
4.326760563380281610e+01,1.686914007642042468e-01,5.229379171557727718e-02,5.133824856103350737e-02,1.985252736330237189e-01
4.346791862284820240e+01,1.304426912448121978e-01,2.786245206022537613e-02,3.723160703660102072e-02,6.978075210394281414e-02
4.366823161189358160e+01,1.985764952783415985e-02,4.201212305214196974e-02,2.129782170156023502e-02,7.769564065097905869e-02
4.386854460093896790e+01,1.367672232713201819e-01,5.544291012959762189e-04,1.378590657480201903e-02,3.564984264418185472e-02
4.406885758998435421e+01,2.416454353959124612e-01,1.555656496496144250e-02,3.158973130383675026e-03,2.775004284479716532e-02
4.426917057902973340e+01,7.497356580619522759e-02,5.525786148591371044e-02,2.102092757197763367e-02,2.067303083610804448e-01
4.446948356807511971e+01,1.177127473435727323e-01,3.990827242475022962e-02,1.498002563021463666e-02,8.158723374766159442e-02
4.466979655712049890e+01,1.240590926267513966e-01,2.316636971523314964e-02,2.482747959998429788e-02,1.162617411095282355e-01
4.487010954616588521e+01,1.141140436771639621e-01,1.882223939242507610e-02,1.218453886768511036e-03,1.179346075057831345e-01
4.507042253521127151e+01,1.344764686347483529e-01,8.994022488499290452e-03,3.499725575120955778e-02,2.855424354588595101e-02
4.527073552425665071e+01,5.979114083038780669e-02,2.425136981472125405e-02,1.992460456115711237e-02,8.103563838774779926e-02
4.547104851330203701e+01,1.103719297638391938e-01,2.853265134112668855e-02,2.684049056281341897e-02,1.708231004204981140e-02
4.567136150234741621e+01,9.614586963926619045e-02,2.049101287910322020e-02,1.732788384064058371e-02,6.043107596665484027e-02
4.587167449139280251e+01,1.574078764190081081e-01,6.147492464129937668e-03,1.527838064383168007e-02,7.296157830675308043e-02
4.607198748043818881e+01,9.364411882008336074e-02,1.376839085311911196e-02,2.279308516918662764e-02,1.487874422851915603e-02
4.627230046948356801e+01,1.012868710725995797e-01,1.595425065166911766e-02,1.193181291340049237e-02,4.828012964553272945e-02
4.647261345852895431e+01,7.212379932219507850e-02,2.058941966112235594e-02,1.082761633243284338e-02,2.755821607207516177e-02
4.667292644757433351e+01,5.725687043473895455e-02,2.187393870707732280e-02,2.202596714660748703e-02,9.345761821181323981e-02
4.687323943661971981e+01,8.818681000713934903e-02,9.142231864821860621e-03,9.230931310836963319e-03,4.896321314077178161e-02
4.707355242566510611e+01,1.119613208452766850e-01,3.897040419039339738e-03,1.123667442275186681e-02,5.548242630144865212e-02
4.727386541471048531e+01,8.335817195898717613e-02,1.899691611349324863e-02,1.245235829701288495e-02,7.331340676109542043e-02
4.747417840375587161e+01,1.060458285928338462e-01,8.015887012617749913e-03,9.062192137546287024e-03,4.334709450092863459e-02
4.767449139280125081e+01,1.036189483142381934e-01,4.811354403184696024e-03,1.102434251112462474e-02,5.214482795773903862e-02
4.787480438184663711e+01,1.274102936167832711e-01,1.666560223750534683e-02,3.502596545896434488e-02,8.434050703332959809e-02
4.807511737089201631e+01,6.331362961888707674e-02,1.606142014826014361e-02,1.211152551335163696e-02,4.757153875475720467e-02
4.827543035993740261e+01,6.958868065037419892e-02,1.201874171176228225e-02,9.720961714651730340e-03,3.175734579483602271e-02
4.847574334898278892e+01,1.157075445295903671e-01,2.236885163547132349e-02,1.766699610088700786e-02,7.001931117471799082e-02
4.867605633802816811e+01,7.360884857316415952e-02,1.187657046838990101e-02,1.845466966450034010e-02,4.157913825808735864e-02
4.887636932707355442e+01,5.742428588798508676e-02,5.941594899572620082e-03,8.930738307065932274e-03,3.534094666427540360e-02
4.907668231611893361e+01,9.658128804646179399e-02,7.262859724837138209e-03,1.154203279180131617e-02,3.717648202853798822e-02
4.927699530516431992e+01,8.304329458074509451e-02,9.552047585384854447e-03,1.405384372144726640e-02,4.114155834366738096e-02
4.947730829420970622e+01,5.401950870149026251e-02,8.947646656267280174e-03,1.220527174884678684e-02,4.263122296771593850e-02
4.967762128325508542e+01,7.326129649457732707e-02,1.676677593751737042e-02,1.177946817402411063e-02,2.960393020404887554e-02
4.987793427230047172e+01,8.826833392602437267e-02,4.317966380671067923e-03,2.627415335374707304e-03,3.683209957522864952e-02
