8.262067066134947124e-01,4.465468048373377741e-01,-1.092976449894415225e+00,2.780387888963051779e-01
-7.282098679968911803e+00,-4.263816587867490959e+00,-6.977907122782808003e+00,-4.868873846470704869e+00
-1.351721383353782358e+01,-8.523989005277005759e+00,-1.069787120087154442e+01,-9.211455866211252896e+00
-1.692595998311260885e+01,-1.184882042678011516e+01,-1.163642256774755523e+01,-1.214434813479400610e+01
-1.769299216885642778e+01,-1.376881709095900419e+01,-1.096425830602819218e+01,-1.325876123852382804e+01
-1.664814479269754699e+01,-1.401070006012498936e+01,-1.048171442075474502e+01,-1.225128877393992255e+01
-1.466753419382863655e+01,-1.272045147286429945e+01,-1.120363172753259917e+01,-9.047430065281583111e+00
-1.245415442654033633e+01,-1.051343841695111259e+01,-1.285170054401610429e+01,-4.174186599431270572e+00
-1.059123898077704951e+01,-8.204407519430690243e+00,-1.438174981886777459e+01,1.039376821549164998e+00
-9.499321659562113496e+00,-6.350328492943064340e+00,-1.481037955112488369e+01,4.872516819110203734e+00
-9.261181568489604388e+00,-4.978094993119635880e+00,-1.370941602018103112e+01,6.103313206548045322e+00
-9.613461150271561451e+00,-3.785818130057088116e+00,-1.131528318937514044e+01,4.702845885881056454e+00
-1.021674500124640339e+01,-2.694486156734511528e+00,-8.424985058293030349e+00,1.771590772661839841e+00
-1.092355472548439543e+01,-2.239407338216682142e+00,-6.105260272699642776e+00,-1.189729703867379085e+00
-1.176047767025559665e+01,-3.345747661826566244e+00,-5.216218849775425603e+00,-3.072837180512254296e+00
-1.268817093377788119e+01,-6.541448999909265538e+00,-5.931759080355657687e+00,-3.488581194720752787e+00
-1.341615756850239904e+01,-1.118433897600899485e+01,-7.545763325002192268e+00,-2.585321556808948262e+00
-1.347281036382490527e+01,-1.538928502818850141e+01,-8.786151459201558822e+00,-7.457977719847963538e-01
-1.255450989188826583e+01,-1.693735511493675361e+01,-8.638639194432691681e+00,1.450495870662156239e+00
-1.095858578246216375e+01,-1.473001254675269323e+01,-7.245558028331942069e+00,3.056300930066623511e+00
-9.678546094817894740e+00,-9.775334144597280783e+00,-6.055438813303776868e+00,2.865453793443241359e+00
-9.840853063049879168e+00,-4.819514888608813052e+00,-6.749579993268547184e+00,1.126386847911252931e-01
-1.176577011367493419e+01,-2.681916800439337667e+00,-9.648348073370009104e+00,-4.675671238033292099e+00
-1.448232103216619038e+01,-4.426789341840147607e+00,-1.309874669350113940e+01,-9.577841251329477501e+00
-1.627196674109066876e+01,-8.731478411786385507e+00,-1.459690742065077096e+01,-1.229294317923739399e+01
-1.588527853199751938e+01,-1.290769078982032880e+01,-1.273899449347891100e+01,-1.159530411047706622e+01
-1.343607205533218973e+01,-1.475490383605180966e+01,-8.343191457432501679e+00,-8.097735618994509110e+00
-1.027768078347105352e+01,-1.385591464383652394e+01,-3.924243766652766752e+00,-3.784516429685151895e+00
-8.038046118381993566e+00,-1.148185090624738791e+01,-2.030757589535266305e+00,-7.433213384487319386e-01
-7.594061198877195551e+00,-9.410506612311333896e+00,-3.595259088695239136e+00,-9.702894069567036262e-03
-8.690537160084499391e+00,-8.708159138107971486e+00,-7.317016281352868745e+00,-1.220975158582549236e+00
-1.036501977647651529e+01,-9.324330188618564108e+00,-1.053192272024328346e+01,-3.169342267918389133e+00
-1.176244730634872582e+01,-1.051592110170519945e+01,-1.111626691265401767e+01,-4.746512860279256785e+00
-1.267992846482136038e+01,-1.149702261117385405e+01,-9.087718511569176982e+00,-5.552421164268526610e+00
-1.345400931466978633e+01,-1.179782677686763037e+01,-6.575209723816676899e+00,-5.803541824717740383e+00
-1.440621559180307720e+01,-1.129812933839158440e+01,-6.081094451641751775e+00,-5.838350942177800817e+00
-1.544625955626880831e+01,-1.017057851203438190e+01,-8.459464039808175073e+00,-5.813210606649136025e+00
-1.619241834324921925e+01,-8.856293162270445052e+00,-1.230261421661807297e+01,-5.800552845753432329e+00
-1.637994637819929267e+01,-7.980493732751053670e+00,-1.515498830489256399e+01,-5.941340262088024460e+00
-1.607275460409394796e+01,-8.070702510261156704e+00,-1.540314990022455710e+01,-6.287635834682814284e+00
-1.551199551764790030e+01,-9.134848322855139813e+00,-1.327738445452557769e+01,-6.501506002417427155e+00
-1.486019423005782869e+01,-1.045938842623588272e+01,-1.036602378073728659e+01,-5.926851753824948332e+00
-1.413661501452356539e+01,-1.101753918767482432e+01,-8.321161600597978492e+00,-4.215073633741992509e+00
-1.336656624442013630e+01,-1.033582348468083367e+01,-7.869766554687653404e+00,-2.005483092001762557e+00
-1.275971641506422394e+01,-8.994623812208525138e+00,-8.686593515165149881e+00,-8.987293333779243776e-01
-1.273041035701221091e+01,-8.094456765054665937e+00,-9.898606593536834808e+00,-2.469596701550238471e+00
-1.368583424896029044e+01,-8.124518967114171986e+00,-1.068638316012279077e+01,-6.956084741971064744e+00
-1.567372811370307417e+01,-8.463587031686849116e+00,-1.063983814718817378e+01,-1.273181037559944961e+01
-1.814470263008784556e+01,-8.111612939314616355e+00,-9.800297390484146831e+00,-1.717990972507713821e+01
-2.009114295380502924e+01,-6.850093306068078647e+00,-8.454533843155816797e+00,-1.842957407281786075e+01
-2.058234777314336839e+01,-5.550464835429981036e+00,-6.842044988423193530e+00,-1.660008935111632766e+01
-1.938648796443511912e+01,-5.338975391342066779e+00,-5.043136528117035056e+00,-1.354574379682197716e+01
-1.724064156653712487e+01,-6.553401732151945325e+00,-3.216094618479423239e+00,-1.135928841240857778e+01
-1.551092259412355467e+01,-8.511087336978436113e+00,-1.937559504882822914e+00,-1.090200577922863268e+01
-1.535153158894095604e+01,-1.013648641754223867e+01,-2.083191095767922274e+00,-1.146410357618843534e+01
-1.683759988365747517e+01,-1.069650761274044015e+01,-4.046443268797188964e+00,-1.159511156352228411e+01
-1.871475014777680101e+01,-1.004455954793207439e+01,-6.968056372754537264e+00,-1.027230180462481357e+01
-1.913998186300397109e+01,-8.441265155708414625e+00,-8.980125485682414421e+00,-7.569623983890758190e+00
-1.706052419229331107e+01,-6.344372022169233460e+00,-8.569979129994365508e+00,-4.553995822182408837e+00
-1.321019085270806492e+01,-4.338789910987336462e+00,-5.894209997499963549e+00,-2.645399439449903856e+00
-9.828772173704306780e+00,-3.060882520509897287e+00,-2.765223589055520570e+00,-2.884315358706094568e+00
-9.191021370613281505e+00,-2.957671165336127395e+00,-1.302575213082490357e+00,-5.495987662899806558e+00
-1.201059807854469241e+01,-3.976809057188823715e+00,-2.437485250501131961e+00,-9.872450916985602731e+00
-1.687573723910382739e+01,-5.479375220582738848e+00,-5.378596903767199677e+00,-1.479295982816667809e+01
-2.108609123957860021e+01,-6.542735006497233385e+00,-8.217389756660912425e+00,-1.869837854799179411e+01
-2.231651421453145190e+01,-6.485704763181314725e+00,-9.160978760710683844e+00,-2.009976000355242576e+01
-2.004768883064574325e+01,-5.271694896896711668e+00,-7.694541202452731099e+00,-1.822941136663213868e+01
-1.584996721836432521e+01,-3.568905888064758170e+00,-4.978995420249834325e+00,-1.362623567515272605e+01
-1.231124410639335487e+01,-2.448275372543136541e+00,-3.087946899642509013e+00,-8.071818091088239555e+00
-1.133347548544021244e+01,-2.812508842617207350e+00,-3.512073223769094810e+00,-3.722520413188891375e+00
-1.301356427745156452e+01,-4.777400211595947965e+00,-6.104044914661484356e+00,-2.013223058293949652e+00
-1.585704615392234729e+01,-7.404618357874026557e+00,-9.331586545048788039e+00,-3.075910237541007675e+00
-1.799360908879371124e+01,-9.143176400597976539e+00,-1.149933898365349627e+01,-5.896214801543387729e+00
-1.835968141223629146e+01,-8.859740401399733400e+00,-1.181223926803424185e+01,-8.902932230898038313e+00
-1.705109144504353225e+01,-6.727682312887240279e+00,-1.056897963752360603e+01,-1.061822180271452432e+01
-1.483896963333267927e+01,-4.160099794141947527e+00,-8.687237723511660903e+00,-1.017251683935526962e+01
-1.242550527011983519e+01,-2.696787060169709260e+00,-7.112777068971388061e+00,-7.569268280460299536e+00
-1.003953615161599089e+01,-2.730957947202133251e+00,-6.405538576714166155e+00,-3.610770627064954663e+00
-7.582235457636307352e+00,-3.230513590067196183e+00,-6.563383195791067770e+00,4.735436289319598924e-01
-5.057805094042405081e+00,-2.780733877537147958e+00,-7.135348987877762283e+00,3.515416640726584774e+00
-2.795003593814735510e+00,-1.023494712926966699e+00,-7.583281966521079553e+00,4.843756412031476444e+00
-1.202597794928623287e+00,8.909957921119330271e-01,-7.632997453587187842e+00,4.564242430024040509e+00
-3.395995432966201766e-01,1.313068929154010078e+00,-7.356131109437482607e+00,3.536950690524523377e+00
1.611244791590371872e-01,-4.146696557964388852e-01,-7.006809285662975562e+00,2.914407294906303569e+00
6.787057026826170958e-01,-3.409495849349409635e+00,-6.815963772572992241e+00,3.402194017546539939e+00
1.187893067339188535e+00,-6.015646759467235150e+00,-6.831441050343437738e+00,4.777057536326849707e+00
1.359379866548091398e+00,-6.953631484502337479e+00,-6.798577936465062699e+00,6.112384976952042415e+00
1.051030432793695457e+00,-5.853747871358603305e+00,-6.204337893691728389e+00,6.552884696243252982e+00
5.886807496200097134e-01,-3.152693524103123757e+00,-4.632056473873908509e+00,5.966474602303984298e+00
5.252394541534500805e-01,1.131907899575139154e-01,-2.243575998936104376e+00,4.939965620113004441e+00
1.161247701978523450e+00,2.522070729758399743e+00,9.140784603058224600e-02,4.205852853271253800e+00
2.261094894472191807e+00,2.815387905955552217e+00,1.271731433315477666e+00,4.050253195450028265e+00
3.115124205265301871e+00,6.752377723304904267e-01,7.261379738218723956e-01,4.178158495360185576e+00
2.873629260235093241e+00,-2.983655616357954621e+00,-1.160730536467586393e+00,4.069324997553493084e+00
1.032543654227251251e+00,-6.614701992974238998e+00,-3.321783182271867307e+00,3.460598047771413110e+00
-2.147043746721076118e+00,-8.983079059639344166e+00,-4.782347838312137611e+00,2.532916608990186003e+00
-5.609579864592242338e+00,-9.582278693192680663e+00,-5.298304719637817684e+00,1.681072778320176653e+00
-8.007862836021429231e+00,-8.406060320413581977e+00,-5.277443792018864599e+00,1.128961167740604843e+00
-8.450833369026318209e+00,-5.738550982185262050e+00,-5.073629753155726618e+00,7.526424326486808036e-01
-6.987604065772608841e+00,-2.376456243953040559e+00,-4.484535008136459666e+00,2.093896939752011299e-01
-4.546121237008859950e+00,1.990477020329792512e-01,-3.151261064509436327e+00,-8.158202181491116534e-01
-2.426077768465150442e+00,4.280008508721854787e-01,-1.445172769250085532e+00,-2.422803065274719003e+00
-1.625538244271346855e+00,-2.096334266476082231e+00,-6.323864861731419706e-01,-4.375924060210050648e+00
-2.296265784313820113e+00,-5.892366730637511374e+00,-1.816228655191980401e+00,-6.070588245550821327e+00
-3.631823723337356924e+00,-8.285772200709978108e+00,-4.660659104004550635e+00,-6.734097276292725809e+00
-4.370886512050411454e+00,-7.209729680211354186e+00,-7.324239255054282971e+00,-5.895283110514728087e+00
-3.692677472477751799e+00,-2.738738934159282934e+00,-7.823389752941575459e+00,-3.817700828970512550e+00
-1.875228017516998191e+00,2.868444292113756511e+00,-5.630476368437653534e+00,-1.489018726582365781e+00
-1.679605991311138857e-01,6.690437951660417326e+00,-2.177095788822272837e+00,-1.029291660785330853e-01
8.165342262542457652e-02,7.087517893546132264e+00,7.198053686968643172e-02,-3.819611827298776685e-01
-1.567226244833730631e+00,4.602780093909540682e+00,-7.067157379476357582e-01,-2.160471598650029801e+00
-4.231045974759127581e+00,1.253112660322333038e+00,-4.371881425400955479e+00,-4.438643950851594688e+00
-6.202544406942950062e+00,-1.000953534686179536e+00,-8.775959295200264521e+00,-5.900772980615333729e+00
-6.079340006988343426e+00,-1.319099366094577785e+00,-1.119587988008292179e+01,-5.703079270641890020e+00
-3.735308613817893697e+00,-2.694087879436125876e-02,-1.030260846275786335e+01,-4.105891364493879259e+00
-3.968461664617849438e-01,1.949550395603450559e+00,-7.097893078227166974e+00,-2.435150367415020778e+00
2.220283636453291187e+00,3.661386644790327605e+00,-3.983781493220749592e+00,-2.211823814261366206e+00
2.986902167495291138e+00,4.499862610016502451e+00,-2.800633566196058410e+00,-3.971373728723360585e+00
1.848562419316169381e+00,4.346108111389458628e+00,-3.589646146458503662e+00,-6.692983326656957388e+00
-4.308907478528454238e-01,3.472435504985536880e+00,-5.006058291194362297e+00,-8.395491917997111031e+00
-2.837852140894210340e+00,2.221518724498591002e+00,-5.693948955539263501e+00,-7.562381369981761026e+00
-4.555822517403455230e+00,7.081709804434028754e-01,-5.260052374816363674e+00,-4.346706681537497730e+00
-5.172546589186965527e+00,-1.155653688726003825e+00,-4.200054464945608856e+00,-5.650834089925038661e-01
-4.703296960314713893e+00,-3.309249362454511179e+00,-3.196222703200719550e+00,1.625785908294785420e+00
-3.494819792493376376e+00,-5.253388976209049765e+00,-2.573243179656408142e+00,1.366155330455894656e+00
-2.077882780235522198e+00,-6.227122028914118701e+00,-2.298150852162352820e+00,-3.165755262578747731e-01
-1.008001757240672980e+00,-5.781198498211762349e+00,-2.303299816945334033e+00,-1.452851535289535478e+00
-6.601936940324187875e-01,-4.203980685696155462e+00,-2.642874269729995174e+00,-7.406167173322916186e-01
-9.946777037121767862e-01,-2.352344801880743574e+00,-3.281397604265453349e+00,1.562470045957815579e+00
-1.499534118868743660e+00,-1.027896893980623005e+00,-3.857584366405048204e+00,4.059601727288350226e+00
-1.516017227052086636e+00,-4.746081281655027961e-01,-3.881609841112171999e+00,5.362943755369881771e+00
-7.846664003242608265e-01,-4.213133143047084195e-01,-3.250242826466553936e+00,4.954409743058593385e+00
2.875555893532751317e-01,-5.393194853468844530e-01,-2.426994487858884053e+00,3.245903897828621432e+00
9.396356908589814649e-01,-7.814056549178300948e-01,-1.959036972671729604e+00,1.062605284226949998e+00
6.661961521008596954e-01,-1.233569507133256415e+00,-1.842070960082277775e+00,-9.058991364074779895e-01
-4.382955145197173219e-01,-1.718375929673298996e+00,-1.470615012975811542e+00,-2.322285785176108508e+00
-1.842201895872577211e+00,-1.750153524759759494e+00,-2.352548626451020364e-01,-3.107690636617451929e+00
-3.008736768925112770e+00,-1.038812949440568234e+00,1.836567624970550483e+00,-3.311353657445154308e+00
-3.734654582049739435e+00,-2.669046024578125564e-03,3.930012562394098019e+00,-3.145315304137481949e+00
-4.218777077042366486e+00,3.712981911658135292e-01,4.854471375141323541e+00,-3.076787403051731040e+00
-4.864318472574318264e+00,-7.004175448795100234e-01,3.801336991212481031e+00,-3.683729941166568711e+00
-5.932044231544886692e+00,-3.072212565591495803e+00,1.064523051774804552e+00,-5.205032497552603665e+00
-7.286986684430837080e+00,-5.608004810363199866e+00,-1.833276953261201880e+00,-7.160663601577057058e+00
-8.479771452529616838e+00,-6.847068109228644950e+00,-2.958772275911779825e+00,-8.517777954776311944e+00
-9.115168007513467785e+00,-5.986981718143951525e+00,-1.307864757962194258e+00,-8.403709036041457026e+00
-9.140533884094926620e+00,-3.563211254661024174e+00,2.372426915432286787e+00,-6.795643955687845406e+00
-8.765037731645469066e+00,-1.256375765095347541e+00,5.977414684681206403e+00,-4.589989381144722991e+00
-8.138144679743295029e+00,-7.543153363720170868e-01,7.354028275060592534e+00,-2.985769203920207282e+00
-7.150552647300301601e+00,-2.429852790816712016e+00,5.605319781917209809e+00,-2.643740787914772739e+00
-5.531298632820267791e+00,-4.962251708504126668e+00,1.642226860986987891e+00,-3.199056554134724895e+00
-3.123938838962965203e+00,-6.292053379395585289e+00,-2.263565751475745458e+00,-3.475723812453683781e+00
-1.446823958401213250e-01,-5.079203250086604449e+00,-3.748095873894528030e+00,-2.351519492345376161e+00
2.741114867706369029e+00,-1.462322093228589637e+00,-1.843762775369346851e+00,2.560185664837848485e-01
4.661166007707432613e+00,3.253539366164488467e+00,2.259719433266541344e+00,3.081536855242655193e+00
5.054721847973568494e+00,7.378452828648709882e+00,5.875176314110301057e+00,4.308855186488913525e+00
4.088885415790318945e+00,9.421090038128911104e+00,6.583737453500982717e+00,2.964972850626292900e+00
2.543913546744588583e+00,8.435676652356397298e+00,3.849541896928838192e+00,-2.534817006314053489e-01
1.217605815494033905e+00,4.414047720779556094e+00,-6.863720575877763075e-01,-3.488273612306654226e+00
3.950123438161893819e-01,-1.377537997822935845e+00,-4.367063676232482372e+00,-5.149408070894329725e+00
-1.729277654312309231e-01,-6.640431300695397887e+00,-5.257526885724415955e+00,-5.029389955502058029e+00
-8.610748276035761206e-01,-9.099059671663328075e+00,-3.308657152970313042e+00,-4.189872528649601691e+00
-1.719684880252269954e+00,-7.800683230260058387e+00,-2.402817848269155621e-01,-3.832182441718680277e+00
-2.295380939126804964e+00,-3.697208211292467794e+00,1.739494039368277623e+00,-4.218887088218240322e+00
-1.850994291702045880e+00,9.550094298185799468e-01,1.475085426857664972e+00,-4.565074007951130497e+00
1.016470046378082498e-01,3.960347664907906573e+00,-4.237660953668505592e-01,-3.868515315110250263e+00
3.316196351697662692e+00,4.415271086472593254e+00,-2.122126361208794165e+00,-1.818268190895181213e+00
6.806500069023450727e+00,3.062790432128930096e+00,-1.846814716708378823e+00,1.009039687863297674e+00
9.382174767402030824e+00,1.586862427731824177e+00,9.671083168853721324e-01,3.656344842973899834e+00
1.029373653893333085e+01,1.325937576800652717e+00,5.303540622190801024e+00,5.389304658682650739e+00
9.511308282375694034e+00,2.310059343237468088e+00,9.156159783941131280e+00,5.953239357545759169e+00
7.579629953917651264e+00,3.353986511412061500e+00,1.079095585754880915e+01,5.539992513102011351e+00
5.323687508054566919e+00,3.155872711740301817e+00,9.870065348319947418e+00,4.666203347057138018e+00
3.587866411773431796e+00,1.508338979233145416e+00,7.550607883077919524e+00,3.965278847782661487e+00
2.968161881795608359e+00,-4.387045965322972085e-01,5.481837153654615769e+00,3.851272231990686468e+00
3.542024227919363000e+00,-1.158763078318353790e+00,4.671871482035183654e+00,4.247595449351315722e+00
4.805764864210049225e+00,-1.337452871429403445e-01,5.226020396462273787e+00,4.676214307968693973e+00
5.985675255567642239e+00,1.652753507438927461e+00,6.856916052149656160e+00,4.702871656400898992e+00
6.546292769531707023e+00,2.622740250967006581e+00,9.226047852012492001e+00,4.335904155642528401e+00
6.485528725497290203e+00,2.061711266407637133e+00,1.166766872636578078e+01,3.975049929704914220e+00
6.186289633088128070e+00,7.285965425053310129e-01,1.293209864976612344e+01,3.952143213943659639e+00
6.000388882284051206e+00,7.196476230396184337e-02,1.173975938878106717e+01,4.129461949333312454e+00
5.950798627151161924e+00,8.591495904297686836e-01,7.918253011302088140e+00,3.974943240556755075e+00
5.780717616712380824e+00,2.495151569998477648e+00,3.002508436076321452e+00,3.075103343293590363e+00
5.248191258640638068e+00,3.537454719549822713e+00,-4.931360389393556476e-01,1.637239878559032524e+00
4.362862225951576356e+00,2.821730732747984582e+00,-7.471697983596067294e-01,5.276946309336290053e-01
3.341949954126351763e+00,2.569500941990198739e-01,1.984475187208678770e+00,7.505550317326269427e-01
2.360391138136461731e+00,-3.165795094634428875e+00,5.367230261805661762e+00,2.701692494006715961e+00
1.411735195087639783e+00,-5.950306293542268143e+00,6.523562829029319943e+00,5.749030918535355639e+00
4.847166353999673993e-01,-6.785481584001041178e+00,4.114884634925174645e+00,8.513904947895751363e+00
-1.544948813546088429e-01,-5.021417103520767533e+00,-5.851566025307751717e-01,9.710267909405162712e+00
-1.818731973742061803e-02,-8.989421167015331227e-01,-4.549552670718914449e+00,8.922079006055708916e+00
1.089222667267915945e+00,4.375708638949213025e+00,-5.183469585994694206e+00,6.728330854267903227e+00
2.566716421007320115e+00,8.797090289166385801e+00,-2.133004266213737843e+00,4.140149422834335624e+00
3.144868422868316138e+00,1.022589632195774811e+01,2.584296494393902854e+00,1.872560894046968905e+00
1.746865090579756474e+00,7.517169227598936132e+00,6.002153519625068157e+00,3.079533912774201979e-02
-1.532288135732159384e+00,1.447559583823716522e+00,6.037966852160076670e+00,-1.627069428835229647e+00
-5.174198107107659261e+00,-5.395200279889469819e+00,2.651867509467476847e+00,-3.165944994328859341e+00
-7.071962838892704717e+00,-9.894375680022617914e+00,-2.150183013613698346e+00,-4.179824644269434231e+00
-5.946787349006808832e+00,-1.004793487138384833e+01,-5.420013125342852511e+00,-4.006404794643150247e+00
-2.279803851848112739e+00,-5.917707016368912498e+00,-4.960326038124765802e+00,-2.290211768349131205e+00
2.015125358081599760e+00,6.015584803835628547e-01,-6.784640243056604403e-01,5.806414446275762753e-01
4.934512003325106200e+00,6.911906493504271332e+00,5.277026123080056585e+00,3.547919152640177209e+00
5.650726787880252289e+00,1.100775927163140899e+01,9.757936449615161933e+00,5.437888477498650452e+00
4.759139381522060397e+00,1.220468256025771581e+01,1.049149096953789595e+01,5.613068597326053677e+00
3.543432546700721275e+00,1.100757234575873866e+01,7.432207275227565191e+00,4.308275771393484277e+00
3.063771921144418986e+00,8.453510110221273521e+00,2.764898267579178004e+00,2.476112532612092743e+00
3.737021269103159238e+00,5.543918047210737221e+00,-4.349416887353512728e-01,1.254719707528661354e+00
5.409438364372198826e+00,3.042090461547161784e+00,-5.003603935668245184e-02,1.358350990496954402e+00
7.548755781198237536e+00,1.412142922888378616e+00,3.843888434318172287e+00,2.721310642396832957e+00
9.368573153522262942e+00,6.555552109338569355e-01,9.033585872184078269e+00,4.578783157535029957e+00
1.001297639043677101e+01,2.214464279256242452e-01,1.238929468256079502e+01,5.909530748559802760e+00
8.940720258704962120e+00,-6.393986320823162872e-01,1.158461889367169206e+01,5.976056391119321631e+00
6.382395924363533979e+00,-2.128149759470026492e+00,6.533082136989815325e+00,4.705759803944074449e+00
3.500345722372613988e+00,-3.413427556149567721e+00,-2.078621951095475928e-01,2.771626538992372435e+00
1.917265110058620436e+00,-3.067734268354624483e+00,-4.622478217042382376e+00,1.307406157976916949e+00
2.692414721835470814e+00,-2.958181252487945279e-01,-3.765203216340542447e+00,1.292378345969362963e+00
5.411698999057007242e+00,4.044828609368173566e+00,1.913245816118553932e+00,2.887247510953549590e+00
8.249822187158628140e+00,7.654542805983500564e+00,8.468742464566528128e+00,5.208427263147479280e+00
9.207167901454187842e+00,8.271183527553134240e+00,1.113285471886021227e+01,6.826989479150352480e+00
7.627496989778125069e+00,5.315291638337628299e+00,7.799189804806821336e+00,6.708807098103670263e+00
4.681240434459053468e+00,3.749693146163515789e-01,4.773390269170803002e-01,4.918573182793886112e+00
2.344120462195689036e+00,-3.857707275698594174e+00,-6.330641343125616771e+00,2.587938942249051522e+00
1.754423633743270594e+00,-5.336553147451077450e+00,-8.771809343824243044e+00,1.179078689821013937e+00
2.363643626675605347e+00,-3.775460878042074420e+00,-5.916051904924756855e+00,1.502402443353069383e+00
2.546730087178289192e+00,-4.615792230824226072e-01,2.851379424405157958e-02,3.090693015349507800e+00
1.086121442401521531e+00,2.805018761328036181e+00,5.239743999874243663e+00,4.395115012070919036e+00
-1.726578640684074184e+00,4.683504041562592590e+00,6.527261308674630058e+00,3.803647363381259972e+00
-4.262694750646984332e+00,4.613121567928744504e+00,3.155315296797543745e+00,8.416883040532697757e-01
-4.840536928461653510e+00,2.683820510910697177e+00,-2.738239933850513452e+00,-3.353172229105799040e+00
-3.039179467520234379e+00,-4.660977194749737484e-01,-7.419341636663961737e+00,-6.686402798481726251e+00
4.888283341708496432e-02,-3.653091837548403387e+00,-7.775316216519505552e+00,-7.409538259544371286e+00
2.744900292197403946e+00,-5.433724756283075941e+00,-3.146624001797508452e+00,-5.150340877940490003e+00
3.965626430434373795e+00,-4.879799873541135646e+00,4.208634599382894415e+00,-1.068754715828664770e+00
3.674765109862382584e+00,-2.360844064155375399e+00,1.023251435302034196e+01,2.838350636117368708e+00
2.500182434716267998e+00,5.026738611187874239e-01,1.131366618398693547e+01,4.838784640100830536e+00
1.137639738398435130e+00,1.950344436914405177e+00,6.586017605425865895e+00,4.377410194972196855e+00
2.679282761763544796e-02,1.412370330168828625e+00,-1.223880252264975210e+00,2.268037412290225152e+00
-7.165737822670217305e-01,-1.459588912134840710e-01,-7.345024433905983585e+00,2.330368055780585729e-02
-1.249543280011220947e+00,-1.176467788709807838e+00,-8.113639638797907949e+00,-1.192905600363024954e+00
-1.802870127662681954e+00,-8.461840142718297653e-01,-3.446636284365853342e+00,-1.192001295535474625e+00
-2.376070944423175568e+00,5.066992806823766848e-01,3.239789692589278847e+00,-5.707940629136417643e-01
-2.621881593912777753e+00,1.938953038943055596e+00,7.505566564492180959e+00,-3.347863778418223857e-02
-2.123374955869969050e+00,2.673851691719569157e+00,6.846239745229146578e+00,1.576303789142543821e-01
-8.140284067994318917e-01,2.393027697251235875e+00,2.127176625294445955e+00,2.795270545491931324e-01
9.088675695069192706e-01,1.182325489814578523e+00,-3.269878067986511816e+00,8.562623873479129344e-01
2.477354979605351559e+00,-4.498729058598034958e-01,-5.842364559778704169e+00,2.197206382929710600e+00
3.520002991569169737e+00,-1.553527838793183458e+00,-4.246655348627273341e+00,4.036781624125636903e+00
3.967721799496466417e+00,-1.139033062169161337e+00,3.893922296632779112e-02,5.552521559156558872e+00
3.896657707560577499e+00,1.010170849781918179e+00,3.978905011490794230e+00,5.840911550070715386e+00
3.366271003136344753e+00,3.832855363724124054e+00,5.105019054198171702e+00,4.568625965495351160e+00
2.476526521605123321e+00,5.517991794056044341e+00,2.990062703932823585e+00,2.325924956898761664e+00
1.583320122781954886e+00,4.874816076726567360e+00,-7.253085405217933879e-01,3.834666943161365027e-01
1.319819707064713965e+00,2.401071120237205925e+00,-3.531641705794219099e+00,-6.109720265965911529e-02
2.151824539470348796e+00,-6.155362836870730860e-03,-3.684776780915846039e+00,1.289057353993367849e+00
3.752848564089933614e+00,-5.675021954357037934e-01,-1.334331183380134567e+00,3.506024840345248972e+00
4.948919181345929452e+00,9.283941945828121378e-01,1.620988740592011590e+00,4.970362418253095882e+00
4.600449171179448626e+00,3.028063059350096786e+00,2.975434726260943741e+00,4.507782646140459981e+00
2.733314815828605138e+00,3.944880633225379185e+00,1.906969669239710230e+00,2.297779173175883649e+00
7.208953055236765328e-01,3.096515493469628844e+00,-4.697907587593381784e-01,-2.136838180952288502e-01
1.600499014587985491e-01,1.468892489530751799e+00,-2.103684887100225165e+00,-1.370501428596507365e+00
1.463847265255778796e+00,5.711023502427728937e-01,-1.625896400527694352e+00,-4.834086294948590767e-01
3.539380412165070489e+00,1.049585060937243908e+00,7.195563037025274333e-01,1.784710673044471063e+00
4.830414442412669374e+00,2.211121434581022172e+00,3.390704578059525520e+00,4.035010492693663409e+00
4.701440627840255182e+00,2.728451788778048392e+00,4.723086728452360106e+00,5.186007912236219042e+00
3.930869363114161796e+00,1.792949379624116490e+00,4.131025331010706125e+00,5.163364000391336361e+00
3.975135074835818738e+00,-1.952499890985185116e-01,2.536458340112500487e+00,4.777551201037123718e+00
5.689850731207831913e+00,-1.828040969858867104e+00,1.657075860244496823e+00,4.953576645037236048e+00
8.555309769914991591e+00,-1.647058330339876919e+00,2.589532068030186984e+00,5.953505781391126739e+00
1.102967547798687598e+01,7.211049531674427193e-01,4.831482448062645041e+00,7.238491662008920358e+00
1.177293593132496063e+01,4.085326813588469719e+00,6.683005289158092666e+00,8.066176963063240279e+00
1.073892064389938739e+01,6.400923487755958874e+00,6.759757904326013644e+00,8.217386100139826510e+00
9.175580721073840706e+00,6.254915395568064973e+00,5.250370142908236559e+00,8.097880956157474941e+00
8.522085972834855028e+00,3.901132766186689693e+00,3.751062725189237224e+00,8.121920279692432132e+00
9.218346537404615404e+00,9.391562883778149518e-01,3.844972992356870733e+00,8.098761198746757373e+00
1.048899469690664432e+01,-1.004109836279474921e+00,5.706123697026705521e+00,7.377369689472841330e+00
1.117540382258506071e+01,-1.348683362026238397e+00,7.897954144504593543e+00,5.665570379035736792e+00
1.072882827909586467e+01,-5.686792547659279551e-01,8.486151441777838755e+00,3.640365058544098087e+00
9.479755980185617048e+00,5.429277377009700256e-01,6.568900799465141382e+00,2.586097126193767970e+00
8.099671794965006555e+00,1.461069082747884718e+00,3.038589727595421675e+00,3.242673489159534128e+00
6.898522836488974797e+00,1.964346886683661975e+00,-4.140818934150539837e-02,4.907329885328749697e+00
5.639501555829905755e+00,1.951768983608431762e+00,-9.921092982342738509e-01,5.759963771908311436e+00
3.981530796382371395e+00,1.423516308100911010e+00,2.273140383679325138e-01,4.328362443225799439e+00
2.044822820941136321e+00,5.349360802945107851e-01,2.073512556172926402e+00,8.711233704149730084e-01
4.982435113753446165e-01,-5.048709321134947636e-01,2.696978287638354566e+00,-2.621062007682243511e+00
6.274264145477694010e-02,-1.547760176157419787e+00,1.401989720111364468e+00,-3.896866034694907110e+00
9.047739765767618403e-01,-2.359833924995014875e+00,-7.955764935989442233e-01,-2.122280709538491905e+00
2.469219905354474776e+00,-2.391297903494244093e+00,-1.873064799642175648e+00,1.625657419817575278e+00
3.837590344444104407e+00,-9.673499128021658677e-01,-2.812076841975851837e-01,5.263863558950340860e+00
4.239343416467582948e+00,2.022650453512373936e+00,3.811281701008693013e+00,7.047941163442956736e+00
3.356221447130907087e+00,5.557998870164702510e+00,8.455879455730530125e+00,6.339418755319849552e+00
1.380924148711848876e+00,7.739040764376071913e+00,1.119185991359023014e+01,3.574473088964000844e+00
-1.060968310212341503e+00,6.891457408019423525e+00,1.069653532340305802e+01,-1.727843932496123114e-01
-3.134037703339789260e+00,2.803691821604563206e+00,7.533453619103503307e+00,-3.667568770961821212e+00
-4.188494069280479515e+00,-2.810176965733641730e+00,3.580517668042693114e+00,-5.931279453432206417e+00
-4.124143014550030628e+00,-7.042487755033729258e+00,8.322285916216737300e-01,-6.557247965121510980e+00
-3.398057896187152149e+00,-7.367449304421187506e+00,4.422988037489989921e-01,-5.811244736588488280e+00
-2.641821903954156170e+00,-3.166980835007212391e+00,2.279508373222419948e+00,-4.442404517201716807e+00
-2.253055768152735450e+00,3.721443767041856088e+00,4.955638358446806002e+00,-3.288138438761494697e+00
-2.312551369086872199e+00,9.880808485953245679e+00,6.449663764693354118e+00,-2.870417006728136933e+00
-2.773008534296598437e+00,1.222494565928833765e+01,5.319405833997353561e+00,-3.171636047308080908e+00
-3.602626050550270520e+00,9.804937128698421489e+00,1.822278145296950314e+00,-3.695052402768928879e+00
-4.739520644201259181e+00,4.316661071452577936e+00,-2.056566778123872563e+00,-3.811093733594318245e+00
-6.012931472711297687e+00,-1.053207629900737574e+00,-3.930012817794617863e+00,-3.248377106889477783e+00
-7.198693070532347527e+00,-3.650603508769379779e+00,-2.750014859422145630e+00,-2.422340610863134014e+00
-8.140248677935508326e+00,-2.859724710720258578e+00,3.896421664199452572e-01,-2.279037409116393409e+00
-8.746938476590720768e+00,-1.169132680546967340e-01,2.995501394477906754e+00,-3.629225913367367440e+00
-8.838277245151036965e+00,2.432882063982821474e+00,2.927357687883119119e+00,-6.396274981592564579e+00
-8.037330913114475450e+00,3.527468905147727707e+00,-4.238356270929209690e-02,-9.383961695678976866e+00
-5.956553247238145943e+00,3.414163813810569437e+00,-3.979554352688955632e+00,-1.085676189799665536e+01
-2.665362755853180943e+00,3.147033163571081538e+00,-6.155167325359619745e+00,-9.618966922999323543e+00
9.575318875622308434e-01,3.313812874731027147e+00,-5.112104241379239689e+00,-5.846505640586256547e+00
3.483280622062531418e+00,3.410842529615806473e+00,-1.788840314406530796e+00,-1.046644173199933636e+00
3.814873009176978247e+00,2.427145478325293038e+00,1.273720340141971885e+00,2.837060550746881127e+00
2.013091593329757512e+00,-7.675507934845744035e-03,1.961801630140440844e+00,4.515917215119850781e+00
-6.874114303774883084e-01,-3.096348014713852681e+00,1.441399299108790943e-01,3.918986656239071831e+00
-2.689384099421719299e+00,-5.439176570720558601e+00,-2.393058373388802895e+00,2.010564793501948166e+00
-2.962757513432963119e+00,-6.023897344536628395e+00,-3.368748247797258344e+00,1.552854520623130063e-01
-1.453778740521720181e+00,-4.699897454862161261e+00,-1.631505322268490765e+00,-5.733328534035704305e-01
1.068121886073951643e+00,-1.959352088824644955e+00,2.081490459366234003e+00,1.170789438493193974e-01
3.433839789811960586e+00,1.427812578268438104e+00,5.656826760002553023e+00,1.625466601062243388e+00
4.570310524010096742e+00,4.533644397239846136e+00,7.005712999355045767e+00,2.817708407416316785e+00
3.950933340217722467e+00,6.363724591707695666e+00,5.391754183055435412e+00,2.707203779548077893e+00
1.809209198297151211e+00,6.239923532571578058e+00,1.791291214507909846e+00,1.045438923867875847e+00
-1.011919121786579945e+00,4.278712397636723175e+00,-1.818667226502657330e+00,-1.545256576690266614e+00
-3.456044697354093476e+00,1.457085871285755729e+00,-3.568109583223621151e+00,-3.930511367123405098e+00
-4.670447809072887146e+00,-8.617203335859819902e-01,-2.510920075175515631e+00,-5.053651987528046341e+00
-4.332403936269789035e+00,-1.544158665319919965e+00,1.033630152999684304e+00,-4.445224186093146734e+00
-2.807704615460874464e+00,-8.084083763838545433e-02,5.590957578192796262e+00,-2.433287734275158432e+00
-9.748901019026360304e-01,3.200323937209702319e+00,9.173749480430878123e+00,4.566132565948187449e-02
3.180154002521727308e-01,7.011893447551490688e+00,1.032010435593440612e+01,1.953451121719291805e+00
7.972439925797015770e-01,9.355220464091702937e+00,8.894341114848462126e+00,2.683355503134198905e+00
8.144728663058451446e-01,8.470429779244986079e+00,6.038571913656739731e+00,2.298686332735373039e+00
8.838078325594832529e-01,4.135040909707305978e+00,3.365370394389041397e+00,1.382109491436613657e+00
1.224609318800397029e+00,-1.767161650651462468e+00,2.034282085440554777e+00,6.466849315834336531e-01
1.742713510319551906e+00,-6.199044447774594957e+00,2.223681657181302285e+00,5.138398098335020814e-01
2.312870800358315826e+00,-6.938904121158229188e+00,3.147163035332464887e+00,8.392166568355245992e-01
2.944778550878381917e+00,-4.015224753704701222e+00,3.626384663513362749e+00,9.964061896420293163e-01
3.703598788991425472e+00,5.713506739050123739e-01,3.028193939151948122e+00,4.103688302337375471e-01
4.592467836322004615e+00,4.507153675799661308e+00,1.896330336225968027e+00,-7.902281670955177972e-01
5.537370257226199577e+00,6.685446709992376668e+00,1.525305663655601718e+00,-1.647851203980970070e+00
6.383075710310929018e+00,7.343631862695963797e+00,2.630632082328039356e+00,-1.069779086305034266e+00
6.837289557461168954e+00,7.008607759117894354e+00,4.387661884703403459e+00,1.190134867931926133e+00
6.503384806679431307e+00,5.590073936686943412e+00,4.979481209504436734e+00,4.176225755030603004e+00
5.127278480616164202e+00,2.658271719673339195e+00,3.281355566606738439e+00,6.365767343828286684e+00
2.910707789870347728e+00,-1.491598467362034164e+00,4.755454067859653244e-02,6.733797577927811417e+00
5.732918290123969474e-01,-5.373271886120571494e+00,-2.595119564419412495e+00,5.344235559090226850e+00
-9.909260770799451779e-01,-7.208460746992177981e+00,-2.898177364097666686e+00,3.073540749607932554e+00
-1.275085367528148383e+00,-6.381955033972269042e+00,-9.281332240493433972e-01,8.511033802225175249e-01
-5.204686691446044344e-01,-3.908275611591558452e+00,1.487223601237501969e+00,-8.787277850520063271e-01
4.692177453516959695e-01,-1.361826721198974521e+00,2.189450142542927580e+00,-2.099481033834348587e+00
9.934349788629739386e-01,6.065076424995633486e-01,3.454677938072168719e-01,-2.803025354793987844e+00
1.046496639309336008e+00,2.557872239530322389e+00,-2.925637510110943307e+00,-2.756367626617271860e+00
1.245355149704251208e+00,5.064060023187278325e+00,-5.397841095616429996e+00,-1.740243749210810931e+00
2.117562123757887438e+00,7.426963652643746805e+00,-5.366931783386822197e+00,2.533679089618442321e-02
3.451204821082320517e+00,7.874444093506853370e+00,-2.810706930167472528e+00,1.808900784400407025e+00
4.360101774893587745e+00,5.161958290985147357e+00,6.987557407008325727e-01,2.825842929958374938e+00
3.988847334833490521e+00,-2.235135428584749187e-02,3.106901696835146165e+00,2.828702747115273031e+00
2.220055273652088879e+00,-5.205577818698417403e+00,3.183744147902220156e+00,2.284652187267869561e+00
-1.327020905423651753e-01,-7.635870659351613021e+00,1.269999786351496684e+00,1.984871206080262684e+00
-1.711154816432212566e+00,-5.876308687709501655e+00,-9.446236793585175429e-01,2.397505326195670250e+00
-1.350183664051375576e+00,-4.763722622737557866e-01,-1.592737173708097309e+00,3.241971048749927586e+00
1.204209394947251655e+00,6.400269444229118143e+00,-1.081037273199507293e-01,3.624240717921376032e+00
5.060698605943198203e+00,1.197860117433535265e+01,2.119807072561429973e+00,2.727103376639568477e+00
8.697832138934266766e+00,1.405987313346910916e+01,2.650146831258153757e+00,6.029830104824737136e-01
1.092500228911979754e+01,1.199278507947743222e+01,-8.703767175018375934e-02,-1.599931424492483156e+00
1.156453252694218037e+01,6.993094291466217527e+00,-5.375170533175516852e+00,-2.285616172958903292e+00
1.135993272088369821e+01,1.540989289327458822e+00,-1.048980689796981558e+01,-5.063556526410154524e-01
1.125195297921899673e+01,-1.912882589902391572e+00,-1.252957057422723963e+01,3.311903416781516007e+00
1.158582257269230276e+01,-2.220508276580977824e+00,-1.050382111251597017e+01,7.509182919067049156e+00
1.180025394199603817e+01,-6.237992674319818576e-02,-6.169519498214500075e+00,1.005083332937418206e+01
1.085430622536829759e+01,2.552573610864074194e+00,-2.885674130237620982e+00,9.594204203082661309e+00
8.167243659243824894e+00,3.533616792294589359e+00,-3.149062930662420268e+00,6.235931815685686885e+00
4.352494621096857585e+00,2.012598457334882074e+00,-6.648677812734340442e+00,1.534560655778701044e+00
1.016901823617233136e+00,-1.103880756959538134e+00,-1.049118920788606957e+01,-2.316446589107902465e+00
-3.527497692524900752e-01,-3.785821493963467788e+00,-1.148242207659367864e+01,-3.757854755356865084e+00
4.999788079848662137e-01,-4.361129578674523444e+00,-8.533209315009651519e+00,-2.741284476055719566e+00
2.454059315406105668e+00,-2.731109729333277336e+00,-3.275116420473980661e+00,-6.055591665854295202e-01
3.883523608503374192e+00,-3.473658906893715148e-01,1.274016827856741418e+00,8.753538205625325253e-01
3.745141835005927344e+00,1.017537382803452184e+00,2.659257343306793864e+00,5.479900624998038650e-01
2.086365176656936882e+00,6.600165755479769913e-01,2.862548678634405652e-01,-1.558413259145670526e+00
-1.941622650371695735e-01,-6.484110025260477750e-01,-4.330661271970541293e+00,-4.328086323440223815e+00
-2.001892592748907074e+00,-1.508047725093343949e+00,-8.316097192348875566e+00,-6.210590757372331794e+00
-2.678889793808343356e+00,-1.188326581087787881e+00,-8.981515898828192235e+00,-6.138705042218963293e+00
-2.277867349134753638e+00,-2.034442757786380784e-01,-5.482939070294522210e+00,-4.170082868793987707e+00
-1.372352229025805448e+00,3.267289085285424166e-01,5.681852469793942095e-01,-1.340997816680154608e+00
-6.258642314772621118e-01,-1.589863673692151758e-01,6.156896787942959470e+00,1.170975998026084985e+00
-4.863218010942452207e-01,-1.193736773905236914e+00,8.832689861357215122e+00,2.808004415146362565e+00
-1.119026204858400320e+00,-1.949736834604654190e+00,8.081651762875882383e+00,3.653797205286459793e+00
-2.383863560741060983e+00,-2.188145363938534871e+00,5.224009864329342889e+00,3.889234930329884765e+00
-3.774886412655463541e+00,-2.354534851147597863e+00,2.201452137478054460e+00,3.419707437849429876e+00
-4.563485683476454113e+00,-2.774029873280136282e+00,2.764979482816677936e-01,2.055130314944748182e+00
-4.274863182675353812e+00,-3.005832251714367853e+00,-5.301009420821245488e-01,-9.749849392929264835e-02
-3.105879543299641110e+00,-2.189959695386114014e+00,-1.043923574869831228e+00,-2.528052431185982218e+00
-1.765288041816315712e+00,-2.742347276616555196e-02,-1.991959751487650587e+00,-4.561788916223648904e+00
-8.288683168402068979e-01,2.661398117148091380e+00,-3.283801964996809097e+00,-5.663833786118349423e+00
-2.990819193604037363e-01,4.379165708658038447e+00,-4.095449536257452117e+00,-5.628207489339404290e+00
1.641565509712645810e-01,4.001119793196331820e+00,-3.641046142672310637e+00,-4.659461644541909919e+00
6.424448064192047614e-01,1.552879607819417140e+00,-1.949175083735479319e+00,-3.347607420241651255e+00
6.692918560133468420e-01,-1.853763546418395913e+00,-1.149873479117019190e-02,-2.471223647921958477e+00
-4.350073285502440434e-01,-4.784767124743062539e+00,8.157785541075197600e-01,-2.621785193140431236e+00
-2.905775193063873107e+00,-6.293713975140900807e+00,-2.364069310562435244e-01,-3.786597455772099607e+00
-6.113582634228654555e+00,-6.191906639538237833e+00,-2.694089301998582542e+00,-5.155855176003194096e+00
-8.743197937648439222e+00,-4.747199024602180017e+00,-5.011848014253491357e+00,-5.427393641114655942e+00
-9.517378636432303196e+00,-2.307013470816356993e+00,-5.564283713108695295e+00,-3.622801329095712841e+00
-8.011795484050679761e+00,6.843482986001570012e-01,-3.784042773373692992e+00,5.867953350945420005e-02
-4.963580713746623019e+00,3.378484545605492162e+00,-5.910067381413661725e-01,4.089621221913999349e+00
-1.801877548918589644e+00,4.515514162296510037e+00,2.194552291042198178e+00,6.494463283294940936e+00
2.395944180778255550e-01,3.075878694325315355e+00,3.004736025700569080e+00,6.197708760436139386e+00
7.367705645011561888e-01,-8.221628960489941740e-01,1.503454555595359787e+00,3.760497446479198036e+00
6.054598777353439876e-02,-5.636634598216044623e+00,-1.131946321510978404e+00,8.749260736614038469e-01
-1.039787248493510230e+00,-9.141783007378025516e+00,-2.825970633147790956e+00,-9.601729536651588681e-01
-1.848532424581642131e+00,-9.713597175189768507e+00,-1.940368253895297102e+00,-1.463191261968735279e+00
-1.914950900401659162e+00,-7.230182920828412740e+00,1.430141878909046538e+00,-1.456863374970170932e+00
-1.110712187397006279e+00,-3.003282380044311584e+00,5.312424014765014135e+00,-1.790381438479356158e+00
4.591487239434333678e-01,1.108260753446333124e+00,7.281195763185799308e+00,-2.339690336359076195e+00
2.586918107176254811e+00,3.738951625450419591e+00,6.390540058231615639e+00,-2.079535066093288975e+00
4.961225239520047126e+00,4.562279827109497532e+00,3.848947629652814673e+00,-2.173773317065687549e-01
7.051758454458161296e+00,4.135650465996083547e+00,1.806334132986009866e+00,2.696933513747475697e+00
8.161175019221504456e+00,3.325075877783756351e+00,1.458773186266187016e+00,4.841911592997785618e+00
7.803520941682768886e+00,2.757674246212263203e+00,2.212760183875724707e+00,4.439957193077876951e+00
6.118684578650446682e+00,2.570157249734871474e+00,2.466899993410746728e+00,1.181958333097423486e+00
3.864253859206046915e+00,2.466433279700327219e+00,1.118632662569881253e+00,-3.479801878360511136e+00
1.916178826933588653e+00,1.985066637018975566e+00,-1.467912047143069998e+00,-7.358591572004340442e+00
6.871336849471357811e-01,8.618602510653003979e-01,-3.667474643959941716e+00,-8.959320033933263261e+00
-9.244113777579765490e-02,-6.810161618000851735e-01,-3.779509826368271153e+00,-8.233175059348761593e+00
-1.106041636445856957e+00,-1.950446657216186708e+00,-1.414872172952050589e+00,-6.313776684729184296e+00
-2.868036951475266161e+00,-2.221220805517213126e+00,1.922880349982923232e+00,-4.640043970287067943e+00
-5.173225146755894954e+00,-1.357951179520498597e+00,3.685875065547842500e+00,-4.096169397370902132e+00
-7.006796967552749500e+00,-5.717935989728283736e-02,2.149903991615246479e+00,-4.605879575187470820e+00
-7.137204981350101285e+00,6.594181707426637340e-01,-2.078203016349577492e+00,-5.310520273399721880e+00
-5.062495785390245473e+00,3.274962231898357334e-01,-6.220012917074176251e+00,-5.175105393027571665e+00
-1.569730615469226320e+00,-6.051281355075628365e-01,-7.228980547444602500e+00,-3.676105475289090485e+00
1.584249787082647298e+00,-1.394391373381678401e+00,-4.103534472189542370e+00,-1.201303002699676492e+00
2.674245524766530213e+00,-1.927124216526674427e+00,1.182521236476672843e+00,1.086785666202177092e+00
1.040489217559467550e+00,-2.844892259271781132e+00,5.008142106112010161e+00,1.942420943648068388e+00
-2.455753147122634594e+00,-4.613660555627277837e+00,4.827936375094305177e+00,9.450542678081499393e-01
-5.850129194269275246e+00,-6.562593476728012298e+00,1.172312279246486177e+00,-1.028010902192789455e+00
-7.208322930694272657e+00,-7.100010416341962838e+00,-2.753774200106164916e+00,-2.278481186337882658e+00
-5.807498524138264173e+00,-5.106170660488946744e+00,-3.586552988973632949e+00,-1.511406005449509315e+00
-2.534104784562432044e+00,-1.191174460209507124e+00,-3.774458385095524893e-01,1.118179482812982295e+00
7.993449729947194049e-01,2.486141879627990381e+00,4.776394802983952914e+00,4.031071458975930000e+00
2.656529223488194535e+00,3.807322529262026301e+00,8.352244560387672934e+00,5.363751321278167339e+00
2.597183631881136545e+00,2.326393289341403214e+00,7.895908648785945338e+00,4.343375711946976914e+00
1.271012269625015678e+00,-4.819087453100026064e-01,3.618147225809968504e+00,1.836487688455430201e+00
-1.969150015214828353e-01,-2.531684657496976243e+00,-1.863765517004507544e+00,-3.289726212495899249e-01
-9.543746442821512410e-01,-2.771680818240026767e+00,-5.363984446817868346e+00,-7.354288109595855660e-01
-9.140899607958896667e-01,-1.730251027872547143e+00,-5.282355832907788873e+00,5.998355950681539817e-01
-7.237872564849711088e-01,-6.794383324297134097e-01,-2.570142098801185160e+00,2.316624815731163967e+00
-1.164926388380375766e+00,-4.449087254948195791e-01,1.775137845440991069e-01,2.827455975888978124e+00
-2.363099742773728806e+00,-9.846247924970593646e-01,7.451518391763738425e-01,1.569109643816726907e+00
-3.487951528526795464e+00,-1.812839664558223429e+00,-1.163115803627026157e+00,-5.724515972924238971e-01
-3.296000035499348613e+00,-2.511557547673849200e+00,-3.918756294647276484e+00,-1.933590329297637078e+00
-1.118095349072020239e+00,-2.831285349969226317e+00,-5.241429439450897121e+00,-1.273692681399679838e+00
2.513726856838988777e+00,-2.611986564549324541e+00,-3.708804192879037842e+00,1.372294766626006135e+00
6.074410307986147117e+00,-1.873527869073522867e+00,3.711395789531133360e-01,4.725841739929051322e+00
7.900596226100025987e+00,-9.391867818016141900e-01,5.081919291540054395e+00,7.092650994567765821e+00
7.103965314631704331e+00,-2.606166518011107658e-01,7.957090334174231394e+00,7.407853344697120868e+00
3.994966537571064347e+00,-2.887713377094452624e-02,7.466279069430085791e+00,5.805951379247143329e+00
-1.993711635939977023e-01,-3.072750466997872798e-02,3.986151369797986899e+00,3.351658346121408449e+00
-4.097451063256611015e+00,1.381548764102743035e-02,-5.051721776868896008e-01,1.172908021863191319e+00
-6.860602158722132415e+00,-4.297880482476797159e-02,-3.805266894356275298e+00,-3.127983568369160916e-01
-8.362266329786649521e+00,-8.407405287772333757e-01,-4.851119417917209020e+00,-1.490482187891135402e+00
-8.838568402822561509e+00,-2.924498397649975434e+00,-4.101262409156117172e+00,-2.965783477669082568e+00
-8.459745598710997072e+00,-6.008625027557864762e+00,-2.863273821535634589e+00,-4.879288678146081359e+00
-7.219611366478954295e+00,-8.898736459331411552e+00,-2.233013608470308942e+00,-6.715243956065051201e+00
-5.133628971429198273e+00,-1.026940926838259927e+01,-2.410530005352318650e+00,-7.707340364410491418e+00
-2.459444641076321769e+00,-9.563653245206188203e+00,-2.788099698610533750e+00,-7.428344981843262751e+00
2.620472726428950128e-01,-7.179672448296130938e+00,-2.655856721507393381e+00,-6.079992968540592457e+00
2.346450149137323304e+00,-3.983558035717984946e+00,-1.901807389135492077e+00,-4.339001119070944767e+00
3.216234275188515124e+00,-8.626554920092890377e-01,-1.072665748440197131e+00,-2.960330187623628539e+00
2.668741972013772834e+00,1.333703446329834952e+00,-7.529551009799566597e-01,-2.418322709610302379e+00
9.966860876402763303e-01,1.853823166678592038e+00,-8.968510235483854176e-01,-2.743352357572055755e+00
-1.174278837153778010e+00,4.443382918550173311e-01,-7.896254225236858382e-01,-3.570656504399510212e+00
-3.240487108099348035e+00,-2.290728530981693378e+00,3.112698249629826663e-01,-4.350609767511076420e+00
-4.891804892082608269e+00,-5.188311641072447244e+00,2.428104588356374993e+00,-4.649450748571562819e+00
-6.116173096471762882e+00,-7.374167614176460717e+00,4.654317877701665829e+00,-4.419830635680444431e+00
-6.990087122127135011e+00,-8.800822275308950893e+00,5.704469657800163240e+00,-4.043000050110648225e+00
-7.427784080617526818e+00,-9.871797572805045107e+00,4.861254862686585909e+00,-4.002637690695079797e+00
-7.067804501833851560e+00,-1.058347853828271745e+01,2.583903653391260491e+00,-4.368778602076360151e+00
-5.466477731043374533e+00,-1.022667982535666908e+01,2.107062977538243509e-01,-4.594370563927552276e+00
-2.613507314336233289e+00,-8.114688786055534564e+00,-1.059074629342956264e+00,-3.963609151850263412e+00
6.036402549321300270e-01,-4.612072718338579236e+00,-1.000024029132531744e+00,-2.353790297117061225e+00
2.587202103750399829e+00,-1.260396577254652151e+00,-2.634201668585798295e-01,-5.102939710474687640e-01
2.026750457103213776e+00,3.374909120227704284e-01,4.152599525528482549e-01,5.453528566636128838e-01
-1.001166431986750815e+00,-1.289131244112653729e-01,7.780976972042545903e-01,4.209470259141054327e-01
-4.862380747842133033e+00,-1.436169057533118965e+00,8.931766829359879534e-01,-3.459162424054559870e-01
-7.413903250690719204e+00,-1.983104290116260771e+00,7.473923065127515697e-01,-8.665098998443288014e-01
-7.450738238727123708e+00,-1.261097719963699459e+00,2.114783827934204330e-01,-7.410485714823201731e-01
-5.392401276963640910e+00,-2.571687384448936298e-01,-6.971119901197994073e-01,-3.726923249860808474e-01
-2.777987927756633724e+00,-4.238775725338666533e-01,-1.759056051174562318e+00,-5.551547353857571032e-01
-1.131394928519953602e+00,-2.179288502502962910e+00,-2.770890401070516873e+00,-1.755868693237573330e+00
-1.101868885899103034e+00,-4.324952508702052612e+00,-3.611351767475978303e+00,-3.666005425021269470e+00
-2.349022922982768602e+00,-4.935671224626791087e+00,-4.035227487456022111e+00,-5.331640876675719731e+00
-4.000335039839246321e+00,-2.974430571030981518e+00,-3.636769696411699115e+00,-5.777424092330832650e+00
-5.224421756923339544e+00,7.130463607260785208e-01,-2.243809305475677807e+00,-4.688309190421109385e+00
-5.605002217072725834e+00,3.830268937475490354e+00,-3.023683557409359568e-01,-2.648661689301121669e+00
-5.259671180042454708e+00,4.188984565175334573e+00,1.297759910370202441e+00,-7.710908420033398825e-01
-4.739598872463216317e+00,1.299641899505750597e+00,1.832957806281785063e+00,-2.049015406680740684e-02
-4.699090521924784269e+00,-3.132110125218350749e+00,1.203770482379483031e+00,-7.071193134224236232e-01
-5.398644066532240160e+00,-6.241146666381893304e+00,-6.062996960290096410e-02,-2.403421236187001320e+00
-6.364082512594967156e+00,-5.958319868570203681e+00,-1.124108260236011514e+00,-4.251150079776739865e+00
-6.600747753692557396e+00,-2.486467781588397319e+00,-1.322986355220694854e+00,-5.471225867627505401e+00
-5.339950032401375779e+00,1.899146180442773391e+00,-6.546904059788681840e-01,-5.797992092154973243e+00
-2.716010789534215153e+00,4.628372684789636260e+00,8.071568802533626852e-02,-5.548547244225519037e+00
2.606110571571565449e-01,4.731121257713378547e+00,-1.693836335220009204e-01,-5.259863315717878685e+00
2.421929007087733954e+00,3.286928891755288351e+00,-1.730791003219152024e+00,-5.188728383339860528e+00
3.200314315837013979e+00,2.190844035090869113e+00,-3.698236159572952264e+00,-5.105564520113420102e+00
2.816269170967879099e+00,2.468838194285050580e+00,-4.582857018078315470e+00,-4.552129441706500579e+00
1.882041559762394733e+00,3.612469601763894200e+00,-3.696198904537279617e+00,-3.330221503820473217e+00
8.736535749170329934e-01,4.321762548361101963e+00,-1.992537583240784560e+00,-1.804218355607764446e+00
-1.075409820776751096e-01,3.802223026331513545e+00,-1.440645206117523003e+00,-7.386849912832297305e-01
-1.181974024565076720e+00,2.453147823145574336e+00,-3.314284901955303120e+00,-7.228442793388238918e-01
-2.343229822274855323e+00,1.455447038671326299e+00,-6.860204312521501535e+00,-1.579603285243468269e+00
-3.265238077235347536e+00,1.674227200053109987e+00,-9.622221544509041991e+00,-2.303593183951156309e+00
-3.513816355000717095e+00,2.769875894546376838e+00,-9.330410255744480352e+00,-1.765416472593803077e+00
-2.995119647162906240e+00,3.259912910916855200e+00,-5.809993864036047562e+00,2.952481951682013883e-01
-2.119202786833666696e+00,1.607167329167245473e+00,-1.198221807333953004e+00,2.929541711222832134e+00
-1.396853462351639319e+00,-2.407553611256217252e+00,1.768906291496048500e+00,4.744708635366328586e+00
-8.689345845718898786e-01,-7.128762395452148404e+00,1.866364911441737773e+00,5.104747072701649735e+00
-4.143467550296069807e-02,-9.862311786355487442e+00,8.111631032796436103e-02,4.599118360908097891e+00
1.543888497560076178e+00,-8.610014132640614548e+00,-1.487047686893902654e+00,4.371820117588256061e+00
3.677944922869473388e+00,-3.496183141911606285e+00,-1.399641830774313478e+00,5.026466846960980561e+00
5.403385911149923615e+00,3.105350781342755884e+00,7.247465156176891021e-02,6.080902907595243434e+00
5.545329493104454777e+00,7.850641679759033487e+00,1.258284436200002077e+00,6.304901420680655733e+00
3.469267457143153432e+00,8.333373159086564286e+00,4.467231160395153111e-01,4.610411647085734366e+00
-3.702043608431388466e-01,4.460531698057310201e+00,-2.660699328727416546e+00,9.391610703811301697e-01
-4.414627957978638051e+00,-1.551662081284724382e+00,-6.511320880053698801e+00,-3.380190448238519885e+00
-6.663862988805937526e+00,-6.539148383181919044e+00,-8.728908556048637024e+00,-6.146206320357329389e+00
-5.778569678360813811e+00,-8.202670721020709266e+00,-7.852865840158891331e+00,-5.530323376800016177e+00
-1.975060710974153144e+00,-6.227160742877677180e+00,-4.368358717514823297e+00,-1.338479401673690283e+00
2.935686954558457185e+00,-2.125446734615846545e+00,-2.642874363491692358e-01,4.576515839846255318e+00
6.493434715305846261e+00,1.914709963295186279e+00,2.328649352215572232e+00,9.148491550291250718e+00
7.001692389171240372e+00,4.356452069664308091e+00,2.286191571513436660e+00,9.813870805532038943e+00
4.551883863104150052e+00,5.000536483870031468e+00,-1.674544074138218652e-01,6.132215322794457357e+00
9.485970641218259836e-01,4.681764447257337203e+00,-3.767369373814137390e+00,2.106845057329162496e-01
-1.535320295294537285e+00,4.278777861711367869e+00,-6.836701178315317762e+00,-4.543611335534782469e+00
-1.777828541280861874e+00,3.836806068386068080e+00,-8.045301952721864325e+00,-5.636848730253658957e+00
-5.740068162728217960e-01,2.564746174234340259e+00,-7.038837694588285565e+00,-3.107377493854411643e+00
1.065214766933465784e-01,-2.092264901203660099e-01,-4.571624915847396942e+00,6.499628435404134486e-01
-1.217074985268779663e+00,-3.921036120581560258e+00,-2.025779711049442877e+00,2.666541934034472483e+00
-4.326111374347046734e+00,-6.605150416089339949e+00,-6.230514540897906794e-01,1.407819436083313835e+00
-7.472926684644326301e+00,-6.113926517855349019e+00,-7.791764317794391825e-01,-2.376323439826137029e+00
-8.666022716204771825e+00,-1.930212316753379787e+00,-1.906380636313454335e+00,-6.341282780476161562e+00
-7.021237386212000331e+00,3.938582528186155507e+00,-2.797383604493919762e+00,-8.127426651385095013e+00
-3.296395980498269651e+00,7.961573211143405437e+00,-2.491437665904868481e+00,-6.784420291232355460e+00
6.031313031931734292e-01,7.461648810376489749e+00,-1.122172827333940415e+00,-3.236003290379517061e+00
2.771242765009314102e+00,2.608408039348818708e+00,-2.554123828224323656e-02,4.064518712934481193e-01
2.393636799878217758e+00,-3.575820984555790449e+00,-8.275681693455914090e-01,2.179699852866795684e+00
1.081171716489572332e-01,-7.253865350648764476e+00,-4.121288454315946481e+00,1.381729916564561123e+00
-2.536493882399112998e+00,-6.283953265244751840e+00,-8.794289894243284778e+00,-1.165596610574981318e+00
-4.031242756595270649e+00,-1.362659976032114306e+00,-1.257308204002725027e+01,-3.710811961144832694e+00
-3.614781402586497716e+00,4.782094248732458475e+00,-1.340058516843271619e+01,-4.580585302468353603e+00
-1.499753906052628372e+00,9.212220828033089504e+00,-1.070394408173825873e+01,-3.081032992023179151e+00
1.273594790705265378e+00,1.024295665039345593e+01,-5.745648867674207239e+00,1.330365375276396089e-01
3.309372084052322638e+00,7.902292875690516638e+00,-8.483308679471228686e-01,3.448744668604396768e+00
3.617271869799997042e+00,3.600784215056169746e+00,2.003498908293537717e+00,5.246042013807040050e+00
2.258154299297870260e+00,-5.686144434853953600e-01,2.259995161919134965e+00,4.770795735892715328e+00
2.669640738888626186e-01,-2.696887647249999187e+00,9.124476897353597238e-01,2.375031169984358925e+00
-1.201264945652096738e+00,-1.910429330729630504e+00,-3.401089163153562800e-01,-8.169449704756301944e-01
-1.731700243301260711e+00,1.174925179328332625e+00,-2.411929473624150333e-01,-3.357919213251006951e+00
-1.697886226777790553e+00,4.755797668505009845e+00,1.215358697328942750e+00,-3.868387172313717759e+00
-1.559065079460705494e+00,6.842077511130733036e+00,2.752221553744017779e+00,-1.600120911683334146e+00
-1.258750157098333711e+00,6.406350042875273765e+00,2.706647903621377971e+00,2.845684099888017293e+00
-3.781042722069622442e-01,3.949900727045050797e+00,4.711152205140897165e-01,7.323323496702958124e+00
1.202310225661390453e+00,1.073411256531145996e+00,-2.619972946149901283e+00,9.156976763954652654e+00
2.924802643130715030e+00,-6.536526745734319022e-01,-4.023430867269103928e+00,6.995066611367791509e+00
3.886365665324315266e+00,-6.643076433553222193e-01,-2.083460773617441752e+00,2.024275419585150448e+00
3.536646572360351293e+00,4.934101567618646156e-01,2.292846529597031946e+00,-2.700000688855413777e+00
2.091571404922722088e+00,1.810704734944742489e+00,6.059039806283783136e+00,-4.428268183306646399e+00
3.688875684514395514e-01,2.552253248523212559e+00,6.308977095187061401e+00,-2.617709085766704025e+00
-7.348563722614255278e-01,2.540176607184593927e+00,2.445775014262801861e+00,9.415649175555943495e-01
-7.135685561510928254e-01,2.005871927137443222e+00,-3.462158069099984470e+00,3.680070925543780902e+00
3.870190867779648158e-01,1.320098059616590547e+00,-8.143657588529887192e+00,4.090262675674658510e+00
2.097159890625900580e+00,8.242276578574608825e-01,-9.153441596018238258e+00,2.495872254372687671e+00
3.772000626743999607e+00,7.911441896092666903e-01,-6.211141901068137905e+00,4.287640965739229482e-01
4.839012063724698720e+00,1.408766108904000669e+00,-1.243015528348574428e+00,-6.552652450693874364e-01
5.012540344168529671e+00,2.649311659941872676e+00,2.819529736219048122e+00,-2.793155892618210401e-01
4.426742916122001326e+00,4.048448891627520752e+00,3.827179321360766995e+00,1.064291745949308865e+00
3.588994994239638636e+00,4.691962103237749204e+00,1.715135390861565190e+00,2.570942775999589536e+00
3.126245706342681618e+00,3.709742917679583751e+00,-1.553027333873971294e+00,3.752659629034580835e+00
3.435477409872209176e+00,1.079358601019593467e+00,-3.396590373114155792e+00,4.570430796987406730e+00
4.407805245815571205e+00,-2.000113359753142195e+00,-2.432206778966165217e+00,5.114472371783322480e+00
5.381775657928182355e+00,-3.728559361100780567e+00,5.564225079668282392e-01,5.248833907263948717e+00
5.452309193531598375e+00,-2.969052589910994744e+00,3.191916905330206777e+00,4.629776340171275706e+00
4.099524629087485827e+00,-1.033462325925906672e-01,3.271414725640349186e+00,3.133143108862670889e+00
1.739578184164411123e+00,3.239251717775984307e+00,4.682666596115860891e-01,1.247830885042933158e+00
-3.973982744132600331e-01,5.280166763199858337e+00,-3.370997146109887765e+00,-1.088701347301149064e-01
-1.201724007574040742e+00,5.106583339565751167e+00,-5.631402246026056879e+00,-3.554960016745173923e-01
-6.889871584784860170e-01,2.995672509025048669e+00,-4.906266337206897532e+00,1.296113711197636187e-01
-3.226176701331193164e-02,1.142402932885210054e-01,-1.938943704514188626e+00,2.714768767539508798e-01
-4.496732791366446769e-01,-2.051129764023948976e+00,1.113873433875041341e+00,-6.635476953323000693e-01
-2.004837168940914349e+00,-2.334222996018281648e+00,2.336437379819236160e+00,-2.225422771800341426e+00
-3.542628529835913032e+00,-5.041787950213523217e-01,1.323125651479766240e+00,-2.997322850012905437e+00
-3.822678396076331975e+00,2.429687788381962310e+00,-7.291195651294952729e-01,-1.766955492441096398e+00
-2.709647499069766763e+00,4.631786686383376761e+00,-2.048906633728365456e+00,1.306125530390972900e+00
-1.296119126559001078e+00,4.593339713084676035e+00,-1.721039161537315509e+00,4.501585396670197525e+00
-9.177692430509108990e-01,2.308487750968731600e+00,-4.787030685179787248e-01,5.576657951101094746e+00
-2.008237216835721650e+00,-5.526388117064574557e-01,-1.291284572999206737e-01,3.366762370640596469e+00
-3.782931559743645700e+00,-1.822769959333311096e+00,-1.955381086774027999e+00,-1.228757835692419365e+00
-4.940283974498768771e+00,-5.086851509633755208e-01,-5.448580067810540939e+00,-5.714407899751863695e+00
-4.690431718637841918e+00,2.456239277609460370e+00,-8.521071757759184351e+00,-7.653031984622838735e+00
-3.224597323222115453e+00,5.022565084281840342e+00,-9.011544000497623941e+00,-6.249114551323782685e+00
-1.347941149765323310e+00,5.645957477814620873e+00,-6.221451081384378412e+00,-2.691634644142108623e+00
2.338263166157660555e-01,4.314351651873058913e+00,-1.387136602071305402e+00,8.304665344185837572e-01
1.320119433648860863e+00,2.268449085219661487e+00,3.098745564875386105e+00,2.551152801056574049e+00
2.133183493557257115e+00,9.321873966713634108e-01,5.174294807148942965e+00,2.037905096319027276e+00
3.017206055423882649e+00,1.053972973289254655e+00,4.424024712167623719e+00,2.088679185370845015e-01
4.164638869804298871e+00,2.493390397109768397e+00,2.310893718327258650e+00,-1.408019732430669579e+00
5.409127687757043113e+00,4.389749469462151943e+00,9.785885892681179810e-01,-1.737436908383274359e+00
6.167203158959955189e+00,5.465677045931407463e+00,1.456067090070865655e+00,-8.869797051617164252e-01
5.728796148804287114e+00,4.608435969414004241e+00,2.850847041664674286e+00,2.591292179226875256e-02
3.850854113115897093e+00,1.732839149151624403e+00,3.353180288542000120e+00,-1.125770788755203616e-01
1.164916464458597867e+00,-1.721752774844713896e+00,2.115856181351035481e+00,-1.374231183586385407e+00
-1.079215023225442494e+00,-3.437496807214214023e+00,1.937253734525823945e-01,-2.617083801985079727e+00
-1.815792730503968722e+00,-1.851006395322910780e+00,-2.988950375344266441e-01,-2.351118141821859187e+00
-8.806677542818762694e-01,2.477730135593470440e+00,2.035089192245487677e+00,4.975678560621027771e-03
8.679722904424345131e-01,6.975563265540972502e+00,6.656246934751873567e+00,3.390081804135741894e+00
2.036790013291529089e+00,8.653506126919197072e+00,1.122949500410338963e+01,5.476600541944860900e+00
1.468147967933550069e+00,6.031500055360013768e+00,1.295698552141897508e+01,4.073856071143620916e+00
-1.088443548198415822e+00,8.959931370863691291e-02,1.035926307730335161e+01,-1.260613205395345604e+00
-4.756022681335906555e+00,-6.287910646441994267e+00,4.455583280148770697e+00,-8.579119312922513174e+00
-7.958168443003494907e+00,-9.951454690876454734e+00,-1.620830387628649172e+00,-1.453031612427091090e+01
-9.294822561562297025e+00,-9.204283035963712223e+00,-4.599320167029326001e+00,-1.639958478045814161e+01
-8.287178641642196197e+00,-4.621361444003064811e+00,-3.289435494621431921e+00,-1.372276982829157177e+01
-5.500400012832769470e+00,1.435403312252186536e+00,7.293240127843212406e-01,-8.336893011556732347e+00
-2.075064469460222050e+00,6.225180239944333671e+00,4.493924351514782423e+00,-3.012753381257297303e+00
8.896375643339718975e-01,8.068360767521342680e+00,5.912272134687269087e+00,1.967078902534641349e-01
2.715112230243537983e+00,6.995086744233043774e+00,5.067060473439577883e+00,8.270662848550479618e-01
3.205478139270287574e+00,4.327256888402064128e+00,3.711856337576075138e+00,-2.080902701308573743e-01
2.498450594215360532e+00,1.581886841917272690e+00,3.593593652949282014e+00,-1.530588641758356516e+00
8.497859141951560336e-01,-5.107963556898132973e-01,5.010337601505588268e+00,-2.267145868180009849e+00
-1.479711014304595729e+00,-2.179165385801027810e+00,6.657684296713009431e+00,-2.478980962585922931e+00
-4.140125139676954724e+00,-3.896604231020247333e+00,6.762975153564368291e+00,-2.799280655535985485e+00
-6.566678951311830659e+00,-5.473810807543729950e+00,4.549802022206232088e+00,-3.616095053449803753e+00
-8.101549702119639207e+00,-5.896131177402721413e+00,8.940235849764034404e-01,-4.550503082973197166e+00
-8.376735607599458788e+00,-4.201466467406417493e+00,-2.269659667767405242e+00,-4.724915630936676436e+00
-7.576285059522641419e+00,-6.336587544184145715e-01,-3.262455207121712331e+00,-3.559179795573377714e+00
-6.251530374362002540e+00,3.111604378557714323e+00,-1.715061841669211384e+00,-1.346398582960885770e+00
-4.861769042035313682e+00,4.948345141440034567e+00,1.315286481342381908e+00,8.789655625806600536e-01
-3.518549224138927567e+00,3.898681699643586018e+00,4.135543668592164934e+00,2.016276474988887291e+00
-2.145405541167343166e+00,7.280150454239316948e-01,5.488944385585853958e+00,1.571582501224692008e+00
-8.022620931451217574e-01,-2.733579891324529054e+00,5.137865101662570488e+00,-1.081481942418072995e-01
1.882545396112628167e-01,-4.855209401995868923e+00,3.625927317146681705e+00,-2.119543352696170224e+00
4.208571623640794401e-01,-4.992449668247952665e+00,1.624357354661547959e+00,-3.559934568128370724e+00
-2.617635948934515788e-01,-3.386829163612049776e+00,-4.019256352817762168e-01,-3.969026924025768732e+00
-1.535005875240621931e+00,-6.057129593506674903e-01,-1.969969088019460912e+00,-3.398753621278333359e+00
-2.663520924105063692e+00,2.780710895633625501e+00,-2.334935494185227611e+00,-2.178218906092880935e+00
-2.914801287859220658e+00,6.020163821233241563e+00,-8.259141244873517973e-01,-6.583411744446378000e-01
-2.068325836958396113e+00,7.904020262990031576e+00,2.430559064572558992e+00,8.716463724907015376e-01
-6.211169227106950741e-01,7.043550567269497797e+00,6.217689091107352795e+00,2.148172429170503328e+00
5.010610721624068065e-01,2.820099670813438042e+00,8.809296101613469432e+00,2.927259039697383436e+00
5.306666324607610674e-01,-3.705295579598104627e+00,8.980227617757389424e+00,3.060855832636823148e+00
-6.316224808992652040e-01,-9.889464488057953417e+00,6.684427511400518718e+00,2.599952107915156851e+00
-2.270069087816318110e+00,-1.284161809015465749e+01,3.058039380356596393e+00,1.843407784334858635e+00
-3.201380489555198050e+00,-1.113864474793886039e+01,-1.546094877422819758e-01,1.261891622612627328e+00
-2.524181995779125387e+00,-5.680543664810201676e+00,-1.508358598488889646e+00,1.283383601813314900e+00
-3.124579396295248390e-01,8.906745620995040191e-01,-6.787696142841472824e-01,2.055369324967728062e+00
2.359992644390374039e+00,5.712689575835821820e+00,1.388446294584484209e+00,3.353623151860847695e+00
4.182813241863512665e+00,7.094987122124149614e+00,3.222327686507040934e+00,4.666696339408733962e+00
4.500201586748023175e+00,5.010274632708448195e+00,3.885082739641938510e+00,5.349167403446750235e+00
3.550069358322574420e+00,6.981033562629144207e-01,3.443753937198858583e+00,4.828090713171786952e+00
2.000969289665141648e+00,-4.086656712559902260e+00,2.579546322814349590e+00,2.941865962378136246e+00
3.970646985784490046e-01,-7.743559746759593132e+00,1.895920801638357078e+00,2.661363893748707188e-01
-1.020315115699418795e+00,-9.309258512803928909e+00,1.603538973252520705e+00,-1.990340312046546378e+00
-2.190735090685101305e+00,-8.708630666029042899e+00,1.688265063752935502e+00,-2.683109185210481140e+00
-3.079499588583432423e+00,-6.608661540721408656e+00,2.164911970827022802e+00,-1.525984499989340160e+00
-3.576604530383952874e+00,-3.854132433794990487e+00,3.061278790173061370e+00,7.438271824278606115e-01
-3.457731651365422820e+00,-8.818695583839182284e-01,4.174689925409821534e+00,2.964710605460533888e+00
-2.494809980580799724e+00,2.345388616512288138e+00,4.943174987883818261e+00,4.324195195726951546e+00
-7.163421064610688838e-01,5.805418243010627144e+00,4.708422201078953151e+00,4.691625197111353174e+00
1.419886864207200228e+00,8.845269179454996689e+00,3.263659241690566315e+00,4.444532896088243312e+00
3.175343504133899764e+00,1.024626470160133707e+01,1.201991341636695410e+00,4.096255524019440486e+00
3.920175763769472077e+00,9.024471818052141714e+00,-3.631015451434336794e-01,3.964536286123273801e+00
3.468427915013565510e+00,5.346730919017843142e+00,-5.661755091389032435e-01,3.991252034131020032e+00
2.179240833157155333e+00,7.363877886573564346e-01,6.106056072573096127e-01,3.831546003043170501e+00
8.265624917941821748e-01,-2.743643963523960227e+00,2.400191584920453369e+00,3.225026456958727916e+00
2.601655892492479305e-01,-3.801469457954931297e+00,3.802244159762968145e+00,2.367558008852423068e+00
9.224306720309471963e-01,-2.724622772770292745e+00,4.100541646142386476e+00,1.899220955597678673e+00
2.499040612211194112e+00,-1.026850944736045879e+00,3.101290960146561915e+00,2.452095806636608089e+00
4.064558022541867821e+00,-1.677783605730772953e-01,1.193987941577212775e+00,4.129441269570700790e+00
4.724415051027072820e+00,-3.313352735572597796e-01,-7.193753530703675958e-01,6.350293274368766561e+00
4.246516124870585607e+00,-2.736045055307392282e-01,-1.554101118792974301e+00,8.168833534171923816e+00
3.128857780161694802e+00,1.533185160344921139e+00,-6.183581285277345296e-01,8.812879281242222973e+00
2.070589986318603692e+00,5.320929209266059168e+00,1.883211846071756179e+00,8.064569430537661177e+00
1.353692349376280690e+00,9.381012240748203723e+00,4.781488762747526877e+00,6.264605750911560911e+00
6.784497136093442515e-01,1.106003428976552172e+01,6.426954971597716337e+00,4.017730063304324695e+00
-4.343692266251468204e-01,8.683280537584915137e+00,5.564944513831951767e+00,1.887570482926663518e+00
-2.042682630419885736e+00,2.825189903860960694e+00,2.210822098326419738e+00,3.134732056272624412e-01
-3.523382586807477068e+00,-4.074796104524840423e+00,-2.056091660916710584e+00,-3.002290508734043462e-01
-3.936577666524331942e+00,-9.300966112483028070e+00,-4.824557786001124171e+00,4.036086339010029334e-01
-2.765764326736948053e+00,-1.133177729021744717e+01,-4.353544123904136143e+00,2.454949086390415758e+00
-4.008063938405753701e-01,-1.026252828712239129e+01,-8.090330522470650099e-01,5.220258053491871664e+00
2.100436944529179506e+00,-7.235439750380385782e+00,3.767559954020326174e+00,7.457622788750930098e+00
3.789586150907510831e+00,-3.536695920954179506e+00,6.778295818567669606e+00,7.959206251910617702e+00
4.458038134572077205e+00,-1.246389797319813475e-02,6.688158689592528461e+00,6.402358980428852320e+00
4.602535224835189176e+00,2.906541984265161638e+00,3.849554891316614214e+00,3.712379308052239146e+00
4.861027143700192177e+00,4.806139847360682005e+00,1.374939035913213259e-01,1.555095327083599654e+00
5.491750877802753728e+00,5.122312196125119677e+00,-2.236222801636711832e+00,1.273224566229558707e+00
6.297621748420902499e+00,3.554179336932070221e+00,-2.006960329818562982e+00,3.028173332102466198e+00
6.908993164920067542e+00,6.291314223501053293e-01,4.515815186416735627e-01,5.735103581734454004e+00
7.062533748139955492e+00,-2.343450893448657091e+00,3.399525122404974731e+00,7.782278180665232803e+00
6.650405367183518379e+00,-4.041844168528533565e+00,4.799206606467315339e+00,8.012199899009992521e+00
5.645642246597689429e+00,-3.888475781392588981e+00,3.540930200916429182e+00,6.355599814735158226e+00
4.165772258047509169e+00,-2.115442415737359472e+00,1.327290145478228767e-01,3.810336010295202858e+00
2.701836977217242808e+00,6.964391470331483536e-01,-3.497551902523944545e+00,1.848545596195544150e+00
2.141613999926389678e+00,3.930774299474376843e+00,-5.017192274402860086e+00,1.577465886245405624e+00
3.235049153442489001e+00,6.828990692115099570e+00,-3.072613709115730618e+00,3.074325686202278529e+00
5.789292745151669806e+00,8.393313643959219306e+00,1.738999749344611656e+00,5.309004026017834832e+00
8.441170305841726673e+00,7.785712125171023068e+00,7.064109962744871574e+00,6.816500985188019612e+00
9.483604055770449293e+00,5.019965502630539866e+00,1.018488691443541327e+01,6.732704083768865644e+00
8.157692817459802015e+00,1.189143886387164395e+00,9.671536390156296292e+00,5.396058633293684181e+00
5.264232150870462590e+00,-2.168963518048652173e+00,6.124337936493264856e+00,3.995450424105246867e+00
2.560392579665687229e+00,-4.050274923326960597e+00,1.609945785586254452e+00,3.571531143578721590e+00
1.503903875843718208e+00,-4.408359415266458470e+00,-1.641561875013338723e+00,4.237922342814088417e+00
2.364482604496274565e+00,-3.734890626791044888e+00,-2.401229785169890718e+00,5.229143016534362864e+00
4.252972087640261911e+00,-2.402244644752158820e+00,-8.953839684355207051e-01,5.622007291678658092e+00
5.850275882434119445e+00,-5.558880612114504016e-01,1.576536162268305397e+00,5.060095391538928844e+00
6.221584378477538202e+00,1.386879751315668097e+00,3.588902793158494031e+00,3.920295314772516360e+00
5.217672832438972286e+00,2.416093574241207076e+00,4.498129006367107330e+00,2.886535303022317756e+00
3.350691954382519988e+00,1.512261381479016897e+00,4.691387892688661410e+00,2.364450112733745168e+00
1.378219437681866166e+00,-1.201225724328505606e+00,5.049303357960246430e+00,2.237890594640656872e+00
-7.930385982252419197e-02,-4.008563501407429008e+00,6.128929074748787009e+00,2.119754135671432671e+00
-7.223902454411647023e-01,-4.683468153198263373e+00,7.714173612299674687e+00,1.799995021263251171e+00
-5.745233994715769343e-01,-2.327836615980362733e+00,8.969381371400400482e+00,1.448922525854035692e+00
1.383614686066619581e-01,1.794648693696539565e+00,8.999434818623011978e+00,1.411663631982821077e+00
1.159122580764285537e+00,5.279792556423214656e+00,7.473530615278090039e+00,1.824938285373029156e+00
2.268015224023776533e+00,6.447932067110619059e+00,4.942013471442086470e+00,2.411200901398754759e+00
3.145302749853708502e+00,5.333992087460201148e+00,2.544061661260756946e+00,2.610032414992444760e+00
3.236856799752425573e+00,3.176585483755488326e+00,1.211927570345593619e+00,1.949700036107606227e+00
2.006302824079683855e+00,1.235848162489126656e+00,1.015227607412643618e+00,4.242422119286909932e-01
-4.558078671397599591e-01,5.946872826320637878e-02,1.251613004508233873e+00,-1.384460606796744431e+00
-3.116455695385301095e+00,-4.689923013847539512e-01,1.148132694203992887e+00,-2.588852610436220392e+00
-4.546768434634882894e+00,-7.062790539872145779e-01,4.469470312584409299e-01,-2.535810549856606588e+00
-4.002047914428645825e+00,-9.365899639134374066e-01,-5.918882438110768529e-01,-1.191696683528868483e+00
-2.038142040559079327e+00,-1.329425077195697247e+00,-1.565543811004044494e+00,9.275757216767768210e-01
-8.446946619985089277e-02,-2.021974186775653326e+00,-2.247700058790705668e+00,3.142471988340113764e+00
5.946779219314922704e-01,-3.081960970993747218e+00,-2.689875786018883108e+00,4.920846075277484744e+00
-3.341944302057683891e-01,-4.279582312394344612e+00,-3.133661044841878240e+00,5.944415343082884995e+00
-2.227782466826127461e+00,-4.939607576511138909e+00,-3.731583348445937087e+00,6.097579049124444595e+00
-3.951411835254011962e+00,-4.257874199599863907e+00,-4.212738549587873749e+00,5.523844404781888429e+00
-4.506830456314285804e+00,-2.036279244493785612e+00,-3.906871626341215098e+00,4.620168933449306792e+00
-3.533034499864187161e+00,8.192470542044444359e-01,-2.354243695631998090e+00,3.803834156713630232e+00
-1.487740690895916540e+00,2.677400774411568207e+00,-1.052461020039412165e-02,3.195415220292567415e+00
6.237609291729689920e-01,2.264884108043344835e+00,1.790176346721104261e+00,2.560329974885558357e+00
1.861469453218074666e+00,-4.332191457466753604e-01,1.791386093584810490e+00,1.613868757239030671e+00
1.914510401014686058e+00,-4.121133615844576603e+00,-1.106083405598440872e-01,4.070253257568638983e-01
1.254615307427204396e+00,-6.864463206144487017e+00,-2.632215520128136976e+00,-5.622324236384556029e-01
8.304335155500758292e-01,-6.990984327136170684e+00,-3.914627831358702181e+00,-6.074096560483285279e-01
1.504318081588966516e+00,-3.916759980532414254e+00,-2.783424638541631690e+00,6.904043976539311345e-01
3.506085376332075842e+00,1.322656388621654910e+00,3.961640497312144960e-01,3.104515776739428468e+00
6.207785739449904305e+00,6.269871766013064729e+00,3.863098138998674713e+00,5.723277189016926947e+00
8.441308127176061049e+00,8.265404652683931985e+00,5.592201288275813198e+00,7.359585883026554143e+00
9.212801645005757933e+00,6.155941095222098980e+00,4.662720727940162568e+00,7.209334484305974122e+00
8.277978541004937796e+00,1.228438493844604240e+00,1.830012777267624458e+00,5.318702667840364384e+00
6.148790148617020002e+00,-3.513381039776636516e+00,-1.101743172016720118e+00,2.541270127674668533e+00
3.653567661235781028e+00,-5.293276909118372231e+00,-2.498320954891390500e+00,5.031432320313194984e-02
1.509594901971455405e+00,-3.301879580559647476e+00,-1.775937990830265267e+00,-1.265876047503190716e+00
1.575914952543495950e-01,9.587769593697632597e-01,4.413354656617797800e-01,-1.209824484549072432e+00
-2.393898535662829508e-01,4.823041741878464350e+00,2.712652289021674434e+00,-3.019150152297801482e-01
2.250839851091306354e-01,6.213499248451849866e+00,3.488998347780975173e+00,5.819475066352142179e-01
1.237850431974739873e+00,4.823439456690250537e+00,1.934105582826599390e+00,7.460880896976742616e-01
2.332675580580923391e+00,2.020056710429241065e+00,-1.562465662512638742e+00,1.199448232285212079e-02
2.957775505929215676e+00,-3.287173132040936419e-01,-5.605417465359206375e+00,-1.370937460016296017e+00
2.586975483771442264e+00,-1.133188374945769628e+00,-8.640916392512030697e+00,-3.078278575014994356e+00
9.633282388856413414e-01,-5.069731392423004745e-01,-9.801260278925912672e+00,-4.933456889540787316e+00
-1.615446043778505425e+00,7.913441348988353718e-01,-9.213835422327369074e+00,-6.801940887191972429e+00
-4.260226130195017724e+00,2.161769477375286908e+00,-7.726703588823255586e+00,-8.350206557295404508e+00
-5.865280642119572896e+00,3.417482625030702437e+00,-6.310260292559216388e+00,-9.020016939319376092e+00
-5.701692569786100506e+00,4.426782888848266317e+00,-5.466198237144895167e+00,-8.354498997040089137e+00
-3.863828574065894639e+00,4.750543921216242360e+00,-5.004049186634919266e+00,-6.453246938981343384e+00
-1.317663365948961829e+00,3.798655293824839241e+00,-4.388403234041726719e+00,-4.136525215434371461e+00
5.285424901507058681e-01,1.377972595735568628e+00,-3.382787695189661381e+00,-2.545137075087958500e+00
6.321045903090639628e-01,-1.928793926815887350e+00,-2.363773525305288725e+00,-2.356862855732595019e+00
-9.248984394519338403e-01,-4.911602304833450283e+00,-1.991983147436834578e+00,-3.237342853980087032e+00
-2.899455519494828604e+00,-6.301309062615299439e+00,-2.623323430236635723e+00,-4.090868009881088341e+00
-3.847777910191995332e+00,-5.434431016186274555e+00,-4.053776391027436254e+00,-4.004874955824102578e+00
-3.373471632959208488e+00,-2.708886710082723859e+00,-5.693751201317955868e+00,-3.059698157269283847e+00
-2.466960067669610179e+00,4.578252639333931784e-01,-6.837418910640850278e+00,-2.221690539175415591e+00
-2.541042835809655731e+00,2.317627605681820135e+00,-6.885897941480060069e+00,-2.428706660337053957e+00
-4.086253143035699864e+00,1.834567403964526555e+00,-5.670053142738423979e+00,-3.773791133413820109e+00
-6.199996005366027241e+00,-6.211606070617572417e-01,-3.754211915553756107e+00,-5.508403157804129258e+00
-7.304859617396469496e+00,-3.466705943289881908e+00,-2.234118811647590963e+00,-6.700871801802922967e+00
-6.331167889933676740e+00,-4.849335088818352624e+00,-1.902072552689947349e+00,-6.843706902884717280e+00
-3.456549607216014675e+00,-3.671538051290159199e+00,-2.462376198559464324e+00,-5.969107486173604649e+00
1.080027578656972409e-02,-1.165548460768095762e-01,-2.638808125864255505e+00,-4.401033082942825914e+00
2.436254055017249787e+00,4.445471363612633731e+00,-1.219584072028552013e+00,-2.520911671145951605e+00
2.787652765231462215e+00,7.997449700640292924e+00,1.787390232127501699e+00,-7.567665203484731373e-01
1.077830068432068966e+00,8.694605948355903280e+00,4.839165800743582047e+00,3.248659858675134737e-01
-1.873966538062832310e+00,5.762661573461426379e+00,5.735601998177949135e+00,1.355101612093616847e-01
-4.986007308052607279e+00,6.713189780710224208e-02,3.194586760859258412e+00,-1.483068941138006025e+00
-7.270903862522402505e+00,-6.080502643003653063e+00,-1.988451312473057397e+00,-3.815413193347109377e+00
-7.945415397336285324e+00,-9.925345490411730864e+00,-7.183505028044398166e+00,-5.418002906633870630e+00
-6.588159320833709032e+00,-9.627629223064525732e+00,-9.542057995064810783e+00,-5.004948667995496869e+00
-3.435152230735514234e+00,-5.292848720985970701e+00,-7.814075294884999856e+00,-2.444083980324101457e+00
5.151616727617855940e-01,9.400564724025385344e-01,-3.039281293319596511e+00,1.042101704520477234e+00
3.895697286150657135e+00,6.002277019134782954e+00,2.229806030128384187e+00,3.731214987639189129e+00
5.688430816131821999e+00,7.709786267301642404e+00,5.432472110466402881e+00,4.606507664096207932e+00
5.742149830983215963e+00,6.074892352610756774e+00,5.255343685141133037e+00,3.912548451670752492e+00
4.738395226569190655e+00,3.029006159966661116e+00,2.115939393220490405e+00,2.697505301727177063e+00
3.694495734127209108e+00,7.407836776205175555e-01,-2.210426142177058129e+00,1.854737166998257303e+00
3.357772963027663593e+00,1.565672129873704743e-02,-5.657250581582615290e+00,1.487607331156516555e+00
3.827784400638424955e+00,1.533945171980027056e-01,-7.103574013472126580e+00,1.036581862887400840e+00
4.592109380434332699e+00,1.550635929238506350e-01,-6.922972704538721267e+00,-2.645771013167655394e-02
4.946067991870137348e+00,-1.053341078807761289e-01,-6.332501726918215113e+00,-1.545004400270680422e+00
4.516382174543049466e+00,9.433082203966319801e-02,-6.096140491143212436e+00,-2.641719127686042334e+00
3.504239038585454491e+00,1.280558518789933098e+00,-5.838840226931817590e+00,-2.399554007092909114e+00
2.465392331950973848e+00,2.904135909175222352e+00,-4.624903267937817475e+00,-7.335661391169404633e-01
1.808871767719962165e+00,3.560450580769729978e+00,-2.141641333400660319e+00,1.319217978421022730e+00
1.414041528289945449e+00,2.140656476623711946e+00,7.290114993314230629e-01,2.231510818327462786e+00
6.951178234019431690e-01,-1.116785754033314593e+00,2.471689888433986848e+00,1.104678863962193835e+00
-8.717575632484125814e-01,-4.599894071657106842e+00,2.088695992251264233e+00,-1.598714251541158315e+00
-3.150326542721840983e+00,-6.364255980100683274e+00,-1.314184774467525851e-01,-4.318207949449210936e+00
-5.250249067227859889e+00,-5.410061732501842968e+00,-2.822030375991011031e+00,-5.501936963265083413e+00
-6.158009626456784957e+00,-2.225089885151712910e+00,-4.537618813825853081e+00,-4.723024626282080973e+00
-5.602096621512744790e+00,1.691698216750580741e+00,-4.730305529796638986e+00,-2.932817063596957041e+00
-4.336594522253273354e+00,4.768423836484616096e+00,-3.929402427669983044e+00,-1.678850056052461959e+00
-3.554067710841820826e+00,6.012907721790568871e+00,-3.099477864939168104e+00,-1.983993642415334602e+00
-3.978610667163522852e+00,5.158188222271725465e+00,-2.892742029067717269e+00,-3.796055275096325676e+00
-5.399884376124144403e+00,2.573254221406182651e+00,-3.446653238521504736e+00,-6.275925162785453537e+00
-6.877398033598282723e+00,-8.745057028779136266e-01,-4.651751724615414751e+00,-8.430694202974441609e+00
-7.329705450399269573e+00,-4.115491430300211917e+00,-6.351921550718798493e+00,-9.527812438148751895e+00
-6.174579415957087036e+00,-6.336930848878053801e+00,-8.223552508991067711e+00,-9.232293009624523705e+00
-3.768181317272824238e+00,-7.260797099999888538e+00,-9.607079252663904612e+00,-7.700999662682481706e+00
-1.339827287542355805e+00,-6.973966157274820610e+00,-9.660819112971330114e+00,-5.630162565973671818e+00
-2.697752487511504982e-01,-5.582865562430249895e+00,-7.871910971293297976e+00,-4.006719552933673434e+00
-1.107766065950032131e+00,-3.206959587164630143e+00,-4.603477620245577384e+00,-3.546419791119008291e+00
-3.123454191944791347e+00,-3.426064506450946512e-01,-1.205438545556326568e+00,-4.223822113347005747e+00
-4.810771063413396220e+00,1.972178782822912257e+00,6.382199226740308262e-01,-5.301569620554670514e+00
-4.932955773973556113e+00,2.637774393483180990e+00,9.270631479365169791e-02,-5.813516548113624616e+00
-3.274608690240242481e+00,1.303195317524878716e+00,-2.023640447367572204e+00,-5.107125715235021346e+00
-6.202832394498350999e-01,-1.280691529160000064e+00,-3.685198058420429579e+00,-3.137054396137010315e+00
1.875746028522744524e+00,-3.754783198681177048e+00,-3.161119288826454099e+00,-4.485139637712510785e-01
3.421513220509738051e+00,-5.060405722490313174e+00,-3.142527927376116414e-01,2.117240232173036141e+00
3.978302366553028158e+00,-4.983723077455305628e+00,3.385632790112686141e+00,3.900275910190292628e+00
4.131710277100635764e+00,-4.001214575939196827e+00,6.006766315179986826e+00,4.802694110032455832e+00
4.581650716756830555e+00,-2.763686460671960887e+00,6.445773980138396198e+00,5.239002495740791687e+00
5.635947536044367823e+00,-1.724923698836295483e+00,4.997988913668894639e+00,5.647735390166052305e+00
7.060024651214585667e+00,-1.056148677388957902e+00,2.991202544410151098e+00,5.981349739365623641e+00
8.304793844744130737e+00,-6.862602922034067854e-01,1.780073586491330406e+00,5.639321029343220104e+00
8.845287127592854404e+00,-4.000961883836887667e-01,1.738587589536998435e+00,3.940169878526727398e+00
8.401419949086760042e+00,-6.052044360019788460e-02,2.008837488520876402e+00,7.973700564940724433e-01
7.019895782952107588e+00,1.702099931102229458e-01,1.300399017774212185e+00,-2.928963194527850256e+00
5.071125939213537492e+00,-5.214745110307052178e-02,-8.882884229535041865e-01,-5.766767493266534927e+00
3.162852092465280318e+00,-7.481071476660806630e-01,-3.699514614703516724e+00,-6.513161765345438781e+00
1.955014443540977753e+00,-1.267290399140011292e+00,-5.458063633884710164e+00,-5.015862128998261227e+00
1.886119969940751595e+00,-7.078407728093755180e-01,-4.807263499480339597e+00,-2.231704740722217473e+00
2.866004529203172613e+00,1.087811498635300245e+00,-1.604201077392684471e+00,4.271293303644883577e-01
4.118743452296311780e+00,2.972566191273484204e+00,2.880573919057423993e+00,1.857855434355926372e+00
4.462327146654073928e+00,3.150775033663061109e+00,6.512128317691327162e+00,1.620223542358504076e+00
3.067667160443340979e+00,6.336349705010586586e-01,7.427526109390840681e+00,-1.144681624743852100e-01
1.768711872934137785e-01,-3.801992484930963645e+00,5.255157961336315076e+00,-2.732440038182897712e+00
-2.966122438964783559e+00,-8.007881063902253516e+00,1.565252673631015501e+00,-5.355084649591116630e+00
-5.087715444369045770e+00,-9.812926125449621395e+00,-1.004234714269274464e+00,-7.106043252643642560e+00
-5.902920773954023481e+00,-8.223687518522911688e+00,-4.909900641570365543e-01,-7.440999993480046371e+00
-6.167696295738297252e+00,-3.798699701893520242e+00,3.026322858364637547e+00,-6.348371463401170089e+00
-6.735326475640380117e+00,1.675953784907803223e+00,7.431092362441456878e+00,-4.306939004266712168e+00
-7.624104759628955286e+00,5.824859228509856379e+00,9.917542629115713382e+00,-2.072560637986115228e+00
-8.014768771923861834e+00,6.526167704781712153e+00,8.798397489886889744e+00,-3.910138324545050503e-01
-7.075612304227505867e+00,2.943699008047433452e+00,4.648401821731081185e+00,3.207582565967052046e-01
-4.761078805619747278e+00,-3.681235390407656460e+00,2.100910834806171690e-02,2.045067059516607055e-01
-1.909616270425528839e+00,-1.025764211362415956e+01,-2.191987717493866672e+00,-1.066838077026452253e-01
3.386302258592178149e-01,-1.340258441259516786e+01,-7.239479267648929461e-01,9.432002068913553083e-02
1.276038435690872719e+00,-1.150825053837027667e+01,3.177153839386527068e+00,1.066052755015064024e+00
9.590432430030383371e-01,-5.813167517742883206e+00,6.614766051684825676e+00,2.358693457114869219e+00
-4.205153037501023483e-02,4.201874274493418993e-01,7.057775527392800896e+00,3.043702831356300820e+00
-1.168917812140702006e+00,4.052496036333107732e+00,4.095828762323632688e+00,2.357780380686978372e+00
-2.191768829724634493e+00,3.948346537747742246e+00,-2.522352447236922424e-01,3.395521563561273437e-01
-3.143052312362131229e+00,1.289169699267613822e+00,-2.930051249179166817e+00,-2.108402102867020123e+00
-4.123494254115377622e+00,-1.706694948862682137e+00,-2.091602300718599317e+00,-3.922062165652591137e+00
-5.242694494026384433e+00,-3.508636230645926446e+00,1.373275238275842414e+00,-4.778968486975295527e+00
-6.601476111185569984e+00,-4.103348539299608966e+00,4.358988093789457174e+00,-5.293911100074444320e+00
-8.113763454186090129e+00,-4.435538664175119550e+00,3.943018457550423683e+00,-6.233408192653703495e+00
-9.308762241466565612e+00,-5.133894342275174161e+00,-2.132773614151069752e-01,-7.540867584350182007e+00
-9.482359009914253178e+00,-5.740465566497745975e+00,-5.516705998756611606e+00,-8.254802117366958569e+00
-8.226630694147878842e+00,-5.143708779016492372e+00,-8.417488078580696254e+00,-7.486283604264674985e+00
-5.870965850533611530e+00,-2.805521727329409298e+00,-6.982690978745599075e+00,-5.465197162801372244e+00
-3.388243909204721849e+00,3.615360598606134346e-01,-2.096294160810064700e+00,-3.557466630820683928e+00
-1.812986044287651533e+00,2.364481535847771099e+00,3.300360285729817100e+00,-3.200847377454817622e+00
-1.597446069103239719e+00,1.616163766771601340e+00,6.147005414356301323e+00,-4.743281955345474366e+00
-2.324755606654243856e+00,-1.625549228669578294e+00,5.166723775100757088e+00,-7.173797993227077008e+00
-2.989996933989458316e+00,-5.191331301684104282e+00,1.650575588191149690e+00,-8.887677939375745240e+00
-2.753052995389470237e+00,-6.582886747876327327e+00,-1.495300139038431730e+00,-8.826257465266024838e+00
-1.649891893864406933e+00,-4.953608184907363210e+00,-1.975203774832623216e+00,-7.151740927848178941e+00
-5.727313348836654550e-01,-1.706108686747976888e+00,1.004229349077499500e-01,-5.019048792372183598e+00
-3.794258070118325388e-01,8.625701867697439518e-01,2.478708623814770196e+00,-3.666447249050268198e+00
-9.492414050372309786e-01,1.553935461824949682e+00,2.883531608033131910e+00,-3.545364419998844774e+00
-1.236526958705533419e+00,9.988784911265026212e-01,9.682463142764070607e-01,-4.153181298054452242e+00
-3.819090233442294369e-01,6.023156335414874274e-01,-1.674659193895238207e+00,-4.618744528883328648e+00
1.243841779195240971e+00,1.002875960281436551e+00,-3.213495293364956318e+00,-4.463971079300773859e+00
2.177759379367773640e+00,1.635429777985434985e+00,-3.200497271374346919e+00,-3.898591874660064072e+00
1.113838105070276807e+00,1.593023063980364418e+00,-2.668944676418849582e+00,-3.483395693884362654e+00
-1.852900291188424475e+00,6.539046342489613917e-01,-2.827142057499563155e+00,-3.523338850280807844e+00
-5.053430307453289139e+00,-5.491242114298041654e-01,-3.711545646452981906e+00,-3.722251981422900702e+00
-6.310576494036959971e+00,-1.158874560531371056e+00,-4.105962937551523417e+00,-3.392725737284600918e+00
-4.481339210730189038e+00,-7.776787106449716269e-01,-2.806471743186325973e+00,-2.055612408561391824e+00
-3.579489782110520379e-01,3.190101710962177095e-01,3.099431513632150761e-02,8.502823750679652792e-02
