1.849193542528297840e+01,6.991798174971200486e-02,2.408590332672837508e+00,1.080513815016047374e+01
3.760075087339313882e+01,-7.674573431772627741e-01,8.820360029818542502e-01,1.379881216494981544e+01
4.869669712472875034e+01,-1.241838335848357788e+00,-5.904451895532530914e-01,1.505916082151638236e+01
4.915293067940381633e+01,-1.198850270848229149e+00,-1.983696958005356725e+00,1.432004958888353663e+01
4.275369598228837020e+01,-8.128585440646940441e-01,-3.266043005980149072e+00,1.300039829004998460e+01
3.566608516414347463e+01,-5.350844209354740366e-01,-4.333900079358118163e+00,1.292955152395945717e+01
3.133219767680784074e+01,-8.539288540882220557e-01,-5.013769292740491323e+00,1.476808911646312161e+01
2.914326072314538507e+01,-1.971978675129558267e+00,-5.166865098221486541e+00,1.768886341345750779e+01
2.729011192531874741e+01,-3.594941288200481644e+00,-4.814884817003619588e+00,2.047792221981334393e+01
2.558996767611399292e+01,-5.012340194657850745e+00,-4.172358338185256699e+00,2.262908963145484975e+01
2.518666961582717079e+01,-5.491402614812098903e+00,-3.557077623830662727e+00,2.430344254936776593e+01
2.667691937948082881e+01,-4.752447042965163959e+00,-3.256123965405697263e+00,2.563651406439793234e+01
2.958333940890821623e+01,-3.156172319502250190e+00,-3.443004109324094397e+00,2.645583447174062997e+01
3.315107239625887559e+01,-1.433567955253644444e+00,-4.169512594635486735e+00,2.651917741014736052e+01
3.669288196649767286e+01,-2.053424382055928088e-01,-5.381605299805595877e+00,2.569881201289218353e+01
3.946889920364171189e+01,2.890330052358008883e-01,-6.906840356667315994e+00,2.401137022228138207e+01
4.126071939341053252e+01,1.174469576806518034e-01,-8.425687188961338947e+00,2.178720093417691572e+01
4.301866001524819438e+01,-5.321266135693227817e-01,-9.501305369258469469e+00,1.978969444761779783e+01
4.595860215506390034e+01,-1.427990466288736826e+00,-9.733113952255395773e+00,1.883610675954871283e+01
4.984908153707525713e+01,-2.305727265946822424e+00,-8.998156268753314535e+00,1.919433971006177231e+01
5.305380254945529117e+01,-2.940088912634896801e+00,-7.614327587472367931e+00,2.052531997850998380e+01
5.454121011187093160e+01,-3.223992680194483818e+00,-6.239958620527849220e+00,2.239026807251372020e+01
5.506819721893980102e+01,-3.128341312763200044e+00,-5.500256328026889463e+00,2.453085909051742775e+01
5.604395609671011158e+01,-2.604712334117576411e+00,-5.582101795342224726e+00,2.665090172522557310e+01
5.801014196099156095e+01,-1.616805608102752867e+00,-6.111690524708885519e+00,2.834978519079959369e+01
6.069669009530102954e+01,-2.979532681182676113e-01,-6.420024084833207745e+00,2.952718096633764588e+01
6.374742188549424782e+01,1.001214818507481175e+00,-5.992792268285532131e+00,3.060095206423339675e+01
6.660919517904929421e+01,1.914486994569557288e+00,-4.771624648044849870e+00,3.206722312750258652e+01
6.827752900487607235e+01,2.331947383158806009e+00,-3.113679462585283719e+00,3.401521744622655774e+01
6.806548162706363314e+01,2.450933414502995511e+00,-1.484257786065515061e+00,3.627164696200541982e+01
6.637685770866936252e+01,2.547573986960019354e+00,-1.447415084894505544e-01,3.876562881607295452e+01
6.396413728032754875e+01,2.692454376075580136e+00,9.226927968072233810e-01,4.139515835913054786e+01
6.069557481222718565e+01,2.670551564025263058e+00,1.828090954530119383e+00,4.366971578137744814e+01
5.595227075571547459e+01,2.173733384701455940e+00,2.537611367508049831e+00,4.489617921517057653e+01
5.014736300825903470e+01,1.110691390450564198e+00,2.837817091131071390e+00,4.477060716874648705e+01
4.488243538127767351e+01,-2.219315346883950213e-01,2.535734517809475896e+00,4.353875208108696881e+01
4.142536440255784669e+01,-1.274245106168504060e+00,1.682763265802394770e+00,4.160799669115702670e+01
3.985745705830052543e+01,-1.604362789140853618e+00,5.890313636467316982e-01,3.931799642848435639e+01
3.990396103427438845e+01,-1.175744261802663004e+00,-3.905089406589862810e-01,3.707671746902018128e+01
4.162256087887146094e+01,-3.487188851417504787e-01,-1.101057291480899814e+00,3.526793466886105932e+01
4.472994968383639502e+01,3.989188963515828967e-01,-1.657017545507375678e+00,3.380042603797522105e+01
4.805590830373574107e+01,7.773628029249473048e-01,-2.300451038638469559e+00,3.207647842340195155e+01
5.042598478920816518e+01,8.126204117864638254e-01,-3.182873445892328679e+00,2.972010494998417940e+01
5.161763813612919449e+01,7.574079532528548153e-01,-4.233734709033163846e+00,2.717360103137405147e+01
5.185749637759804642e+01,8.589569908770097184e-01,-5.188772796240976426e+00,2.532986132150853109e+01
5.097902390201628009e+01,1.130965169979722296e+00,-5.742721946096346564e+00,2.470481585140664293e+01
4.893861404791891090e+01,1.325363475612960640e+00,-5.733077858959367390e+00,2.513170544632692227e+01
4.673528230130794014e+01,1.186150996997800133e+00,-5.260788697234695555e+00,2.598756516926883720e+01
4.573326986262885185e+01,7.760332700235061942e-01,-4.683587717913113124e+00,2.637553350149302744e+01
4.606751700513304826e+01,5.164184352412477530e-01,-4.462850317701985148e+00,2.534931063470045487e+01
4.659954833457362611e+01,8.452702552450914730e-01,-4.915381729702376745e+00,2.260154507582710437e+01
4.651511410923157541e+01,1.821879944018123476e+00,-6.006720088064585461e+00,1.910606954365623977e+01
4.608754491046421720e+01,3.071155116393144979e+00,-7.345363541399123619e+00,1.665308385818046943e+01
4.570566921294547313e+01,4.084938622462349400e+00,-8.420027956068498298e+00,1.641303077405130750e+01
4.512559248675078294e+01,4.553804741180758064e+00,-8.920516516300180498e+00,1.803222946574680563e+01
4.413504592109588742e+01,4.454512829866981605e+00,-8.889775280301581262e+00,2.017756877512771041e+01
4.308092651876975765e+01,3.906158576657685177e+00,-8.595099428959427357e+00,2.172772204104522231e+01
4.205282263703394108e+01,2.984601459572842064e+00,-8.256718884585470875e+00,2.238040584197555916e+01
4.022063808955641662e+01,1.660053860222869160e+00,-7.878308585457376445e+00,2.251564240184521282e+01
3.680867464648321175e+01,-9.430824450922267732e-02,-7.299477057965356508e+00,2.280971931821334309e+01
3.232815550271394756e+01,-2.114746824688703786e+00,-6.391278081332158578e+00,2.373975903826720568e+01
2.810730417314316298e+01,-3.970968654019820576e+00,-5.222086735474062991e+00,2.506035580304618193e+01
2.494197839132501926e+01,-5.127635956523318050e+00,-4.066663552313162455e+00,2.584985531587268071e+01
2.292670054829348203e+01,-5.250733041409615609e+00,-3.254226402718532363e+00,2.542466317009169785e+01
2.218868072748158582e+01,-4.419167699711742614e+00,-2.970248653222046009e+00,2.418853780936333209e+01
2.275125463622278232e+01,-3.085142366526964164e+00,-3.154696183463034043e+00,2.327298536259930373e+01
2.378052019757559066e+01,-1.821063076246562940e+00,-3.550317202640124847e+00,2.333718999146817197e+01
2.406785054853923356e+01,-1.003388897473970198e+00,-3.839240111822832535e+00,2.399995479672630339e+01
2.352583437453396087e+01,-5.960078893436181469e-01,-3.775874562494260900e+00,2.442220750424004905e+01
2.334185845510030433e+01,-1.736328992566588125e-01,-3.275958890970806614e+00,2.407385752463851958e+01
2.432203367697999852e+01,7.658005899769347868e-01,-2.462006414910080654e+00,2.286014528986838101e+01
2.588484163588158538e+01,2.360666220385863490e+00,-1.646090717565254158e+00,2.092760736712003578e+01
2.710474392857607029e+01,4.158517782375865224e+00,-1.210131901968629853e+00,1.863150227910738366e+01
2.792897645181795596e+01,5.344447906654512970e+00,-1.401491917009936028e+00,1.642361367684427620e+01
2.871569367841160414e+01,5.293185821581822381e+00,-2.168788812950162459e+00,1.444311781618901946e+01
2.926646049310634012e+01,4.013544574572033952e+00,-3.180747180283993281e+00,1.233976523842307138e+01
2.919100972356245904e+01,2.141085980490749829e+00,-4.029572427280044167e+00,9.759780730734084031e+00
2.883730743263438256e+01,5.195456699643496989e-01,-4.452956526293460726e+00,6.928676579873461527e+00
2.898251780669532707e+01,-2.838811899797051286e-01,-4.405149351961115123e+00,4.570107023426065673e+00
2.975846221167644146e+01,-2.048740468115815838e-01,-3.965377279817594580e+00,3.382457583548563296e+00
3.062609449687586149e+01,4.282078423087573582e-01,-3.218397221673589215e+00,3.784432118683161761e+00
3.126388357907081073e+01,1.198657521210895638e+00,-2.251704897844451381e+00,5.909028507319484369e+00
3.168670108293530063e+01,1.881957640382242669e+00,-1.283966645595866485e+00,9.361165181715058736e+00
3.157797572935642449e+01,2.522433679628695025e+00,-7.530318439956744658e-01,1.298965561827782444e+01
3.046491571596898495e+01,3.249734746278741149e+00,-1.132462998826350375e+00,1.543489634437742808e+01
2.874316415755111720e+01,3.970854675153026925e+00,-2.477225228882169894e+00,1.625160906681941242e+01
2.758636327115285169e+01,4.215669880979595163e+00,-4.077975207045641426e+00,1.632984772380405758e+01
2.738665665519319248e+01,3.345243718752648920e+00,-4.683532425025365598e+00,1.700205228793982926e+01
2.707235429793220050e+01,1.044100570573197828e+00,-3.296759556180671513e+00,1.881739058301508649e+01
2.555012696659220239e+01,-2.279657035530110676e+00,5.305362522217913629e-02,2.122026515458192364e+01
2.313361139754448814e+01,-5.583058025474112895e+00,4.237355836592658243e+00,2.312751647379784004e+01
2.083939960265395541e+01,-7.794432148650719760e+00,7.731202682677468907e+00,2.360831865766695259e+01
1.889492004581509477e+01,-8.474643750701225997e+00,9.499562654819799334e+00,2.231802018388140496e+01
1.689023120187132676e+01,-7.963819320733582785e+00,9.411459250734756310e+00,1.974756239761337540e+01
1.503978989943156286e+01,-6.919951204657382782e+00,8.030606326717800059e+00,1.703872482306726610e+01
1.422082106605796348e+01,-5.752666689442067494e+00,6.114204793654507419e+00,1.515623682697285979e+01
1.472793389476011505e+01,-4.508822113123009068e+00,4.226051259640944302e+00,1.407428446458119176e+01
1.581045098906191271e+01,-3.219857220983530333e+00,2.639455136367145016e+00,1.292242627530160171e+01
1.649395039447721345e+01,-2.213812215177515696e+00,1.444462375587075353e+00,1.093329309655513981e+01
1.612824158607817182e+01,-1.986289998273993884e+00,6.560903341537196454e-01,8.070428195444161901e+00
1.419783880881967342e+01,-2.754232105319828428e+00,2.018960642153455054e-01,4.827294118811111368e+00
1.064180961385168089e+01,-4.164960268035336810e+00,-1.368074887314327803e-01,1.797647173293377421e+00
6.693442350390802709e+00,-5.462311124577162502e+00,-6.669967745031010198e-01,-4.658859322559421035e-01
4.459175939512396880e+00,-5.970817996644924186e+00,-1.592307887706839731e+00,-1.547995139106149498e+00
5.017709238584433074e+00,-5.505186407222425693e+00,-2.872868083832788244e+00,-1.402004366106352817e+00
7.467423945507243310e+00,-4.415875687966281937e+00,-4.291072099773039383e+00,-3.260316134785298803e-01
1.027336721649186657e+01,-3.270899202586253107e+00,-5.628886330583564579e+00,1.443638737122207472e+00
1.288877720212987654e+01,-2.421331171987771924e+00,-6.731178501544942350e+00,3.913924193869881663e+00
1.550208990740181569e+01,-1.780568850746054421e+00,-7.407373393944413742e+00,6.957486903989971161e+00
1.794893229995023987e+01,-9.988477667612227773e-01,-7.366514722202571974e+00,1.003721180293136150e+01
1.983177546858403772e+01,1.204158292585242318e-01,-6.350716735578664895e+00,1.262676987823976660e+01
2.129912705559038244e+01,1.358821943516980157e+00,-4.376238284763040554e+00,1.474564323228490004e+01
2.268097481440699426e+01,2.231792218554704110e+00,-1.847589609335859917e+00,1.673485470121596208e+01
2.351551939149113579e+01,2.396996918812307698e+00,5.765050447441070203e-01,1.858590830646452119e+01
2.298087787905857127e+01,1.944696135995949815e+00,2.289037134752546443e+00,1.984716385316115606e+01
2.137384985881640631e+01,1.351484258422712914e+00,3.032160679780876666e+00,2.018996667576046988e+01
2.015664358961008062e+01,1.173822039806569961e+00,3.007462369156015836e+00,1.973321616574800075e+01
2.019749361769553886e+01,1.699609128671283997e+00,2.715354251332235958e+00,1.877427872193504754e+01
2.075927843850812593e+01,2.759801944007129748e+00,2.623782632816782368e+00,1.753894347701661260e+01
2.057134331605328725e+01,3.819495591930829104e+00,2.907246592453013978e+00,1.627105309518059428e+01
1.909986871944698805e+01,4.311524717305751153e+00,3.424316634942002224e+00,1.517411440409452084e+01
1.633013838044482569e+01,3.990674597971852311e+00,3.877862689007022912e+00,1.403729091525900330e+01
1.222765230773905465e+01,3.062122732109334944e+00,3.983279915154082307e+00,1.224996864294159238e+01
7.309447054646462938e+00,2.038834419527177033e+00,3.555912056813659294e+00,9.547183757056547648e+00
3.188991201558486033e+00,1.477988347336375963e+00,2.549877537963407104e+00,6.596838579702867023e+00
1.505222920507115036e+00,1.727150516077935238e+00,1.080462175470476183e+00,4.526700432333814916e+00
2.331297513451934034e+00,2.717912472709033356e+00,-5.932752966221169766e-01,3.891679085646222447e+00
4.247950392693772059e+00,3.900706414452655757e+00,-2.138198579825027590e+00,4.261864539481566183e+00
5.805210031983984997e+00,4.481349706907381325e+00,-3.235862697050800652e+00,4.652156135760388445e+00
6.302099260331701203e+00,3.915626235575402347e+00,-3.664920520851517427e+00,4.099907185105881702e+00
5.475665886310990160e+00,2.295252223299404370e+00,-3.380170857496054282e+00,2.070573465430026960e+00
3.466907766402462787e+00,2.842369496845192911e-01,-2.564119184770471183e+00,-1.123538609513050845e+00
1.238540320040300013e+00,-1.314831618673008018e+00,-1.586336843820520093e+00,-4.173982947349362149e+00
1.454674355676224273e-01,-1.977567269309218556e+00,-8.469953987599435630e-01,-5.505526710129644563e+00
7.296552721385396456e-01,-1.604886325997296748e+00,-5.846616337468704128e-01,-4.521575183423566457e+00
2.519836053115441121e+00,-4.491590831440881448e-01,-7.768558043921791612e-01,-2.036519434556034458e+00
5.145442877240183677e+00,1.042625213571647391e+00,-1.197305623062611346e+00,6.229393212826548343e-01
8.762240805488065831e+00,2.410686937959774845e+00,-1.581212834119810617e+00,2.741886650157922656e+00
1.293954541392717239e+01,3.343578337361746922e+00,-1.782026168873516392e+00,4.380752267264052868e+00
1.604561272898940416e+01,3.730915401641447193e+00,-1.814299241444782274e+00,5.807310968259550066e+00
1.665440832157954532e+01,3.586787062081704391e+00,-1.758924681402643131e+00,7.114699507223896546e+00
1.515341856028092060e+01,2.955314831385711383e+00,-1.622806288742232095e+00,8.219473306246937838e+00
1.318041095767392257e+01,1.916071706417533216e+00,-1.301751968327192976e+00,8.886007832481849888e+00
1.178350358139960186e+01,6.716138271475223798e-01,-7.049388657851264339e-01,8.812579411790320449e+00
1.089758237256404882e+01,-4.056502041959588190e-01,7.927059139546681343e-02,7.967537643259475999e+00
1.028333080054041915e+01,-8.669144142069075132e-01,7.675194553680271259e-01,6.774093774638118681e+00
9.899389769514980841e+00,-4.184904351622006913e-01,1.064982095685772512e+00,5.680234374237664419e+00
9.281269037116478771e+00,8.269715342451495754e-01,8.857169233118502572e-01,4.609172830086021300e+00
7.584592063951053120e+00,2.275274166963825451e+00,4.052993303538336423e-01,3.176038382429794193e+00
4.663418323923752773e+00,3.092872148169344193e+00,-8.822231013237522013e-02,1.446460893202074605e+00
1.407564280943707669e+00,2.683436807883138542e+00,-3.940591173293315763e-01,8.080495747977341214e-02
-1.331656582605682537e+00,1.080450791372844499e+00,-4.800513954628229385e-01,-4.278804612607123303e-01
-3.451581195687515091e+00,-1.052015983936916310e+00,-4.024689600829500224e-01,-3.502383539269237622e-01
-4.876198706371953406e+00,-2.817661305610436706e+00,-1.619661599656848916e-01,-3.704782776460037175e-01
-4.989525831365444475e+00,-3.582440721901762881e+00,3.456995043946044510e-01,-9.031580883618472999e-01
-3.556305905285610525e+00,-3.238698581852692993e+00,1.202826137260624151e+00,-1.944857127025543919e+00
-1.629834629110761712e+00,-2.139246779828934297e+00,2.277888613650201233e+00,-3.278230991130960170e+00
-6.452289962634190079e-01,-8.145898183822608551e-01,3.198297921551151557e+00,-4.452060166316705647e+00
-8.616774347768435538e-01,3.382152049185843112e-01,3.575494754232564798e+00,-4.764927709376624243e+00
-1.445697243391616205e+00,1.207625943177878414e+00,3.290401744293272035e+00,-3.766146703792397687e+00
-1.803973408216581920e+00,1.851829100040760512e+00,2.572195090593424549e+00,-1.837569971386322720e+00
-1.910608873609282998e+00,2.220483712085757233e+00,1.826789469916928699e+00,5.626853689267388714e-02
-1.411989021932874788e+00,2.024013224288738755e+00,1.398894735155283842e+00,1.288010772750857402e+00
5.123456662125127625e-01,9.663940300754960688e-01,1.427851500547929975e+00,2.012618081361972511e+00
3.992257983388559417e+00,-8.358602376980096560e-01,1.802525111139432035e+00,2.707591137058499964e+00
7.816778000001532334e+00,-2.701614137779780211e+00,2.185333937006083804e+00,3.589932213362188040e+00
1.024995678412084921e+01,-3.756272413528507492e+00,2.149344079309254418e+00,4.525503442184063196e+00
1.000943243341820299e+01,-3.577522909274617913e+00,1.443462223613123374e+00,5.127158342854200690e+00
6.464322641505129141e+00,-2.559097691407221209e+00,2.287500796839788408e-01,4.786976413342431513e+00
-5.323542419213131427e-02,-1.629408612605013795e+00,-9.569705257727030290e-01,3.014802744057275330e+00
-7.505570165672980742e+00,-1.500886584817221037e+00,-1.564843962033800828e+00,9.044586478347410585e-02
-1.263937174839507271e+01,-2.063950335740369013e+00,-1.472655102233566993e+00,-2.844241177304427382e+00
-1.342328645919195829e+01,-2.475143748639306196e+00,-1.116026170516528859e+00,-4.687068430607361336e+00
-1.095598064272653716e+01,-1.900482864362635915e+00,-1.169049211845485603e+00,-5.282235828194941085e+00
-8.308692939658040899e+00,-2.610215508931297279e-01,-2.018829018932213781e+00,-5.236102657972370622e+00
-7.637496202524867606e+00,1.682227021895941865e+00,-3.454589330390160473e+00,-5.067231239218922489e+00
-8.945037499257850300e+00,2.929843647045887067e+00,-4.799656583465945481e+00,-4.895417742295713914e+00
-1.114424507372162232e+01,2.948787297064244139e+00,-5.357649131288532374e+00,-4.801486093453325665e+00
-1.318808664255842267e+01,1.921030475342087707e+00,-4.840161405762740898e+00,-4.980754131758239112e+00
-1.416634326056865589e+01,4.784587433944099133e-01,-3.508557830063666394e+00,-5.433608029955887986e+00
-1.350398969326632859e+01,-7.472051197415949808e-01,-1.982376159346055600e+00,-5.860304739196696033e+00
-1.160580936043722033e+01,-1.433450637478529632e+00,-8.675770054500925310e-01,-5.995144370784717403e+00
-9.556137602297269495e+00,-1.613532229641141402e+00,-4.338387983703859696e-01,-5.747899025580208487e+00
-7.706001529187709309e+00,-1.517412005120005292e+00,-5.110926963247482968e-01,-4.888973453666114466e+00
-5.211783574940757724e+00,-1.361979329484994006e+00,-6.402486286728230613e-01,-2.950795607510380947e+00
-1.445035019913750052e+00,-1.243687828047191246e+00,-3.763946543000358247e-01,2.505360321516215127e-01
2.805844140952272969e+00,-1.162717071703260441e+00,4.378613948117310861e-01,4.162808222256456858e+00
6.137708087628004350e+00,-1.072154982162683456e+00,1.593169778483000565e+00,7.818806104903671006e+00
7.958983579809428832e+00,-8.724029878063671584e-01,2.666211912199368150e+00,1.051361563020839895e+01
8.465033310606798977e+00,-4.193909489106627531e-01,3.281035830353856042e+00,1.203196208230535014e+01
7.799846246001005845e+00,3.627240245294509613e-01,3.293646489763827123e+00,1.247355331723504257e+01
6.195988368298486648e+00,1.347387385041507901e+00,2.810075946922727663e+00,1.220774951481089055e+01
4.618787625217747106e+00,2.236283964800918955e+00,2.094967360457455463e+00,1.186406169304493829e+01
4.180406787681171465e+00,2.770132433536265815e+00,1.471924402478725247e+00,1.191945603975146106e+01
4.816416975636156117e+00,2.901273051447206264e+00,1.244305038273816777e+00,1.218670073282094002e+01
5.362872258347573862e+00,2.749403257499381414e+00,1.603039997780606685e+00,1.197179569917121178e+01
5.034828829652486348e+00,2.428619306218906981e+00,2.521395460692784862e+00,1.081397071125325127e+01
4.022262602198571457e+00,1.965704235827093749e+00,3.703662214520593299e+00,8.870337203776628598e+00
2.530931966403649813e+00,1.375663253960312638e+00,4.658873117846768608e+00,6.590502441288010438e+00
2.512852789853631252e-01,7.602071980188694900e-01,4.907279270804041360e+00,4.339060647280060579e+00
-2.752980142161428834e+00,2.939578453494082200e-01,4.241103411152454150e+00,2.400019234364958898e+00
-5.513545039383666690e+00,1.057860289221634331e-01,2.885520529575357873e+00,9.465237481609060088e-01
-7.247956282172171250e+00,1.614167519071865176e-01,1.412669063385830759e+00,-2.474196891718880298e-01
-8.395639864779861128e+00,2.504555415917258387e-01,4.188794457788682091e-01,-1.758307822049112623e+00
-9.811982045500533545e+00,1.143177105917271841e-01,1.797007443745822497e-01,-3.844916794798010518e+00
-1.135035096932693222e+01,-3.597389247649732669e-01,5.275568377095373185e-01,-6.016596166673879864e+00
-1.203417663836531837e+01,-1.045783524844665857e+00,1.011830868927068972e+00,-7.581147335456423164e+00
-1.139181075411476840e+01,-1.692917281140824626e+00,1.203958923884454357e+00,-8.447334903597518263e+00
-9.867711433491288986e+00,-2.132557347917479529e+00,9.626709206426683485e-01,-8.987717299153189288e+00
-8.073290112743197966e+00,-2.343218651067856761e+00,5.288691895961452616e-01,-9.173059577848173163e+00
-6.392787996742812062e+00,-2.315099095572656918e+00,3.857685162647360722e-01,-8.287871178571222686e+00
-5.205978181288539730e+00,-1.939244155902706712e+00,9.237004932176841043e-01,-5.656336530891204362e+00
-4.583472242591776435e+00,-1.127901221374282725e+00,2.110245303843591547e+00,-1.426716282442926476e+00
-3.653841106119962934e+00,-3.153840281833749509e-02,3.440923750689266924e+00,3.402134284781208606e+00
-1.230986444226422005e+00,9.748839746556181574e-01,4.268112968014998287e+00,7.478045479044156174e+00
2.511492113998036846e+00,1.591981459484917094e+00,4.274302786481844585e+00,9.648835099197929921e+00
5.753384633440184359e+00,1.844374433198717300e+00,3.698261428431915299e+00,9.526916951334102990e+00
6.923973998274994379e+00,1.975790028259476250e+00,3.121750817835725833e+00,7.859096772496146244e+00
6.264005594955301071e+00,2.123440519794877801e+00,2.998556973680112314e+00,6.114667521715107412e+00
4.999199676478438548e+00,2.163583653970824194e+00,3.318377184406493541e+00,5.362249321957707870e+00
3.660544611586270314e+00,1.887763832627324723e+00,3.678734390592983683e+00,5.567330264845850252e+00
1.998836294289671134e+00,1.271695906554616506e+00,3.693617218444239292e+00,6.055050135494897567e+00
3.713244067660084746e-02,5.202467235602611373e-01,3.369858683875919247e+00,6.342252421341584956e+00
-1.770409930006483057e+00,-1.411827009048554071e-01,3.095411504301116778e+00,6.203388009715707696e+00
-3.244914235373175693e+00,-6.711378913474006502e-01,3.242957918872588774e+00,5.232153304865117427e+00
-4.473172646014286435e+00,-1.176982172442049279e+00,3.782769097159700777e+00,2.987373392798035709e+00
-5.185270177113119772e+00,-1.685739386942801898e+00,4.302615666140958695e+00,-2.685987790175545231e-01
-5.054117924765566094e+00,-1.995364274575882391e+00,4.410975720405887479e+00,-3.369889720050160964e+00
-4.679913514066189606e+00,-1.812331481077981366e+00,4.101118345970501622e+00,-5.037920907827993844e+00
-5.317333723299094927e+00,-1.076569146461653137e+00,3.712064830621523370e+00,-4.779677522172248949e+00
-7.274756058255695379e+00,-1.481709995645087985e-01,3.552016985527577830e+00,-3.065171316758056097e+00
-9.350168618520616093e+00,3.689043871371534000e-01,3.574238111110722649e+00,-9.700649000291968749e-01
-1.023058895473380048e+01,5.482916731091337648e-02,3.408392228646424993e+00,2.972429440891378172e-01
-9.705617766743698027e+00,-9.919698681527531203e-01,2.700521499831368910e+00,7.552980681566817678e-03
-8.069427933646549533e+00,-2.182030834368059669e+00,1.455837631388532394e+00,-1.517884190386248999e+00
-5.228985527424508284e+00,-2.806930792608241632e+00,9.507295205364023338e-02,-3.083224643670642084e+00
-1.294020140027585253e+00,-2.497707882249957212e+00,-8.338599086726511400e-01,-3.667526674425861888e+00
2.518267059876032832e+00,-1.459637898312826199e+00,-1.069213125699722600e+00,-3.251964071665744971e+00
4.632086811033916618e+00,-3.186373377250220074e-01,-8.201624230027048101e-01,-2.468070974250342609e+00
4.679343126136295439e+00,3.213790278382288590e-01,-5.307208163970804637e-01,-1.666020462891286025e+00
3.569174594457781957e+00,2.850066571084917122e-01,-4.182649906156487574e-01,-6.747116694257120351e-01
2.138160292490173031e+00,-1.173973444427392210e-01,-2.406562612797737977e-01,6.412860923560106396e-01
5.314385234192651186e-01,-3.991529898858997560e-01,4.394434815332194932e-01,2.012359846075770342e+00
-1.149260547819447531e+00,-2.723175376918715029e-01,1.716453472108808276e+00,3.023605172254498097e+00
-2.516633436700152160e+00,2.190036139987180108e-01,3.054096801328070931e+00,3.471006156475537452e+00
-3.429056052126185250e+00,8.246254933274037580e-01,3.568691392387577377e+00,3.447339680509732052e+00
-4.078908544817186232e+00,1.269862496455044232e+00,2.695106399485271975e+00,3.370584598136340482e+00
-4.358848827643255319e+00,1.357240407286960826e+00,6.968941270798970633e-01,3.875581317289404915e+00
-4.059005664911049749e+00,1.015595599421954986e+00,-1.423144710684550063e+00,5.119836316040727198e+00
-4.157001098116053228e+00,3.235742829689647326e-01,-2.593110910253786816e+00,5.890747108098503659e+00
-7.000850643854144018e+00,-5.484771246607054174e-01,-2.423002516310553744e+00,3.817607595367760620e+00
-1.433521119359062723e+01,-1.475667069246324514e+00,-1.443671471389714966e+00,-2.969162201400190604e+00
-2.555668565427272299e+01,-2.450991514939111937e+00,-6.691402016385754603e-01,-1.428602784157633110e+01
-3.851868178033765133e+01,-3.484254073324775103e+00,-8.937470009684161942e-01,-2.801920975188853191e+01
-5.148497492772639106e+01,-4.439502296336296006e+00,-2.286720527276390857e+00,-4.151466002885585027e+01
-6.351592250764772274e+01,-5.034854198096257782e+00,-4.472351156580859133e+00,-5.274984347575004762e+01
-7.357819015515713090e+01,-5.059551952443771761e+00,-6.867881244177784339e+00,-6.079883130948194747e+01
-8.064124273923418684e+01,-4.605908168932975499e+00,-8.991241908790724935e+00,-6.603595378063833721e+01
-8.480813463551949383e+01,-4.062039812317022935e+00,-1.061742116571390682e+01,-6.997851429477231022e+01
-8.737486847952007452e+01,-3.819936618437571152e+00,-1.177257615999146445e+01,-7.425985496254219242e+01
-8.942025600684569042e+01,-3.926501444875116320e+00,-1.259728774332162970e+01,-7.926247920006700554e+01
-9.090378977217785916e+01,-3.994074281587812081e+00,-1.317891299262173810e+01,-8.378531079842265683e+01
-9.117806999898805032e+01,-3.483298138174788505e+00,-1.348116783272628716e+01,-8.606565011863469294e+01
-8.953947746314042888e+01,-2.129605703125571292e+00,-1.340380964174460310e+01,-8.494021220207000056e+01
-8.507545867045841703e+01,-1.402080387221905089e-01,-1.288843655339278449e+01,-8.015878495714956387e+01
-7.703075689095709322e+01,1.983046503921189752e+00,-1.198111947734617466e+01,-7.220464027651819094e+01
-6.609398274460430400e+01,3.770528090295449442e+00,-1.082571539003741634e+01,-6.220041808885919465e+01
-5.469648147110420666e+01,4.939545681972163926e+00,-9.591014226351708416e+00,-5.164296949600377928e+01
-4.520592184592072726e+01,5.322458691439211798e+00,-8.356074310791340665e+00,-4.171670207227160176e+01
-3.809526622603233648e+01,4.792074348024982555e+00,-7.042574028097598138e+00,-3.285948873186892172e+01
-3.243752766078228689e+01,3.352079472793450421e+00,-5.499787984420179576e+00,-2.520488198690473070e+01
-2.767483382892794808e+01,1.282119437814024154e+00,-3.712779268704493596e+00,-1.923091560593584504e+01
-2.399168367522711520e+01,-8.794205747159096198e-01,-1.932423416491955814e+00,-1.552325713589244316e+01
-2.126132961341713923e+01,-2.546044275167014703e+00,-5.547640203886607946e-01,-1.389827259308480301e+01
-1.880193003719316991e+01,-3.324328167235548914e+00,1.741466696927205793e-01,-1.320179488348868269e+01
-1.641354594037069248e+01,-3.153141114334790274e+00,3.586938215724292944e-01,-1.221113894153083912e+01
-1.478118384454000100e+01,-2.330468594162103724e+00,3.793572170683192635e-01,-1.058644631922514634e+01
-1.448346240668301377e+01,-1.427855835156436326e+00,6.237997188401244175e-01,-8.879048078798327026e+00
-1.522916782188075047e+01,-1.062241938000824337e+00,1.248589114360462160e+00,-7.839735960194807340e+00
-1.631796203626879560e+01,-1.584711297060968249e+00,2.120011340032605052e+00,-7.816281840941654124e+00
-1.715660310358682139e+01,-2.876748960101799479e+00,2.922455636217198727e+00,-8.569650907107408955e+00
-1.703837889325263788e+01,-4.413760275829544000e+00,3.334812092060975175e+00,-9.479240040742256568e+00
-1.528957169272403505e+01,-5.561783755241359373e+00,3.179317314340650125e+00,-1.007240346709695089e+01
-1.227741946025382980e+01,-5.910448428949250932e+00,2.489441394512485140e+00,-1.048297926104126887e+01
-9.565135263367952945e+00,-5.438293853524567290e+00,1.485354094298597216e+00,-1.120111169165353004e+01
-8.219711266020814477e+00,-4.426171513708301752e+00,4.736367557626630087e-01,-1.222274306626660589e+01
-7.429426148486808934e+00,-3.206496142745014488e+00,-2.930984795475886640e-01,-1.270226107277884786e+01
-5.703040256553014054e+00,-1.966272021205514919e+00,-7.355685417501202084e-01,-1.175172091933633745e+01
-3.132017572612455503e+00,-7.759457243896268341e-01,-9.674991609094609757e-01,-9.454244465384743279e+00
-1.429104801584117901e+00,2.260253310680148398e-01,-1.180371103645106556e+00,-6.790357136288077911e+00
-1.705640052372772164e+00,7.630849368130219190e-01,-1.469441178086343225e+00,-4.659590980012997541e+00
-3.143395508206102029e+00,6.182326075879183147e-01,-1.752898494504065319e+00,-3.285410905613261878e+00
-4.074896083816453185e+00,-9.147521356001324377e-02,-1.862080515715181184e+00,-2.460949152319433786e+00
-3.592297911091683726e+00,-9.009156021020674476e-01,-1.706438377577700116e+00,-1.878432293112880958e+00
-1.870189300428709123e+00,-1.311279054701572244e+00,-1.339806192478655289e+00,-1.099039095284148893e+00
2.419919096914567302e-01,-1.131463068860175447e+00,-8.794359114351028017e-01,3.178692922982410685e-01
1.511339271602301526e+00,-5.261756123396280627e-01,-4.068666115805456562e-01,2.276419789580634401e+00
1.011681623430218391e+00,2.217362574300628109e-01,2.056478193858345474e-02,3.932552523288409319e+00
-7.910633320803484025e-01,9.611255904852638032e-01,2.947647304499083076e-01,4.341909354675031807e+00
-2.160977649646634191e+00,1.715702320464939756e+00,2.710261142404279400e-01,3.290700425472843804e+00
-1.927280682880418539e+00,2.536751011320390603e+00,-9.236145768282198742e-02,1.388615423419822026e+00
-7.580841549354173647e-01,3.337809536139467514e+00,-6.153934714616485779e-01,-4.571300487428700543e-01
-3.032154891818034104e-02,3.871328901354413876e+00,-9.556113449609713317e-01,-1.496798165677776682e+00
-5.425931156582575188e-03,3.880412853740013990e+00,-8.328949509670069418e-01,-1.395950187438762535e+00
1.463927505932605122e-02,3.305257719667397343e+00,-2.503958445986722570e-01,-5.017939411177526621e-01
1.670569242025303214e-01,2.358318001043155920e+00,4.651672087336213290e-01,1.955921707177736280e-01
-1.684242693115124978e-01,1.390524105678313305e+00,8.592623517416096979e-01,-2.070260304990553801e-01
-1.043531505203123544e+00,6.702210915808181069e-01,6.717929851825092946e-01,-1.685388431334485793e+00
-1.517258005584142477e+00,2.713617631358957727e-01,5.865202234846848828e-02,-3.363798412792293302e+00
-9.002474349538975851e-01,1.358889610923406654e-01,-4.816272064642452833e-01,-4.432754468722953867e+00
3.928900340542701430e-01,2.048171431718647795e-01,-4.533387647535996878e-01,-4.744048996443661181e+00
1.560196685174637832e+00,4.856148930859773283e-01,2.876016960372544395e-01,-4.537357228882412663e+00
2.164034533473319755e+00,1.013993850036216671e+00,1.470919030942686279e+00,-4.023063666036524211e+00
1.746803097154649098e+00,1.750827439067980329e+00,2.659168549666211412e+00,-3.448417299145867254e+00
-4.046316986937018578e-01,2.496934336683826583e+00,3.542217475265770688e+00,-3.209610651762089262e+00
-4.292958049365541484e+00,2.922937929122174427e+00,4.024910413133444109e+00,-3.494230622195121150e+00
-8.524385288736784361e+00,2.749375672557603956e+00,4.132984526271294534e+00,-3.894660520351933108e+00
-1.137623846584971332e+01,1.966298520085034252e+00,3.955700714344312807e+00,-3.639686180686284356e+00
-1.226346878408176266e+01,8.999419292672784509e-01,3.711596637492954098e+00,-2.192376318351823006e+00
-1.159136368197926181e+01,4.628194640965353074e-02,3.764698036203201870e+00,4.517186611519815598e-01
-9.727762378126831422e+00,-2.128485378097761116e-01,4.411393268278142266e+00,3.786303345065285875e+00
-7.101811029866281544e+00,1.737198194939325036e-01,5.551517614587853977e+00,6.813404673816433998e+00
-4.979071424052442296e+00,8.883492027746994202e-01,6.593832415182306228e+00,8.293255883720901167e+00
-4.796080760162512391e+00,1.411194682543825962e+00,6.805379003378654090e+00,7.566269343116633017e+00
-6.332320547563951685e+00,1.343521152215145786e+00,5.890111065097740628e+00,5.309502560903920809e+00
-7.444422189700180326e+00,7.154161597208484880e-01,4.292811992447058245e+00,3.150907792591864265e+00
-6.144359194058630180e+00,2.681653472377967112e-02,2.900955461543289982e+00,2.318579860318870534e+00
-2.428494413002149077e+00,-7.834189444822536874e-02,2.352887450389985258e+00,2.786343995364485515e+00
2.153552282506088655e+00,7.136114381924918426e-01,2.551752624495720045e+00,3.703683182549650788e+00
5.930781857104523880e+00,2.137980928646095791e+00,2.816829895048935661e+00,4.271646744340313440e+00
7.692851830014267200e+00,3.514754055115929532e+00,2.520119171558542703e+00,4.044101103327395030e+00
6.838041385867671629e+00,4.183001112415655420e+00,1.630568227527347869e+00,2.824543083225942830e+00
4.011260507708323431e+00,3.911148841314490809e+00,7.135369692939935726e-01,7.632017325137971930e-01
1.220058096371284595e+00,3.038200182753152401e+00,4.364620991666288141e-01,-1.522821223271852764e+00
2.865561068846688708e-01,2.239682345505954242e+00,1.025188394568182337e+00,-3.278198671808373543e+00
1.107741951761514798e+00,2.025508435923825346e+00,2.099828162519513874e+00,-4.086242488613446078e+00
2.032949110020609851e+00,2.327234870836267344e+00,2.980087791563453603e+00,-3.877170544954448239e+00
1.822257104030115205e+00,2.556012447140864730e+00,3.184880775743198722e+00,-2.660286307343485035e+00
5.709333797442686098e-01,2.129644040796494497e+00,2.727714482905749360e+00,-6.133614795908327588e-01
-1.068387706075287324e+00,1.002304898993147786e+00,2.010671593575370064e+00,1.634833498289092635e+00
-2.553991030999434031e+00,-2.785477855500871902e-01,1.471161283806548203e+00,3.258898074128082190e+00
-3.209164896393140509e+00,-9.900040940349538188e-01,1.317689126563697632e+00,3.924645160513740461e+00
-2.395862954031890091e+00,-7.210422265405330711e-01,1.541969800639423793e+00,3.955021393156677778e+00
-5.705070812106145528e-01,4.191697681281961185e-01,2.091502993146911571e+00,3.720074176840269864e+00
5.061408385119098297e-01,1.905287831693576406e+00,2.954243931312620308e+00,3.164333441115288803e+00
-7.004207581233233837e-01,3.068371686391122122e+00,4.060253201242778331e+00,2.088005452228375081e+00
-4.067026880710767678e+00,3.401717786269487842e+00,5.143583608103287297e+00,5.998560014969325227e-01
-8.210344635573047611e+00,2.773842773092063396e+00,5.769992175066903428e+00,-9.290650067225061370e-01
-1.166832861682419242e+01,1.430109190021913834e+00,5.578463955044846934e+00,-2.116439111612049118e+00
-1.317406665132084598e+01,-2.002916592968347065e-01,4.569644792951487844e+00,-2.551064710262112456e+00
-1.159854365910494423e+01,-1.703533259278412038e+00,3.187385966194157927e+00,-1.832737078240768369e+00
-6.836548141984652105e+00,-2.735532101947617534e+00,2.068282003587007090e+00,-4.825646088040862203e-02
-6.376165622266668498e-01,-3.005847292746173682e+00,1.609764685986878607e+00,1.920572078815127925e+00
4.465572098622814678e+00,-2.361511634381789015e+00,1.701158850199979256e+00,3.005105468251366929e+00
7.276330775540379214e+00,-9.643748682470006939e-01,1.857996750716771173e+00,2.917191363488494726e+00
8.397767410667926313e+00,6.425438062140700346e-01,1.651570177004745510e+00,2.219527880994236924e+00
8.706122868493389788e+00,1.728775180742654571e+00,1.058768910384412676e+00,1.456651674454362055e+00
8.295337017765266552e+00,1.744411006101120210e+00,4.385185362296922240e-01,6.037944554808560849e-01
7.088641893747465339e+00,6.296834226547292079e-01,1.876915719907114033e-01,-5.404414790204754571e-01
5.479671775365916986e+00,-1.121331669488684124e+00,4.025361330552837957e-01,-1.831802610118490326e+00
3.816654829986555697e+00,-2.685858857865725202e+00,8.329416817958602559e-01,-2.899665026860486883e+00
1.990251037590836436e+00,-3.322843039934836984e+00,1.138315270835866144e+00,-3.492517330620906080e+00
1.450565526354572476e-01,-2.762161556110157790e+00,1.197049755922038994e+00,-3.421394590395502089e+00
-8.330416643726265002e-01,-1.360614106468037265e+00,1.187229288974058772e+00,-2.393708546820478844e+00
-2.877412785744183354e-01,7.110556668850989692e-02,1.360744416987277106e+00,-2.679803664311803946e-01
1.162913661987471370e+00,6.933684512465103644e-01,1.721141766063624567e+00,2.574806950505758696e+00
2.258986623182112297e+00,9.819110345220252722e-02,1.937088812645849201e+00,5.343674993878240187e+00
2.421813077045656293e+00,-1.459439292325095172e+00,1.619734100786472508e+00,7.254818721319310271e+00
1.731438494019809538e+00,-3.222894005376492732e+00,7.158376915119039063e-01,7.702682178369940402e+00
2.676487534526696133e-02,-4.394415197532238970e+00,-3.860540903881933827e-01,6.319431851886403884e+00
-2.867745956677739017e+00,-4.568097186375593921e+00,-1.163841878418421460e+00,3.360403658775901192e+00
-6.049335798138180564e+00,-3.841778196246275812e+00,-1.384818122440816257e+00,1.452668047199515144e-02
-7.824216986814426456e+00,-2.603500788196210447e+00,-1.240085048209751406e+00,-2.183339322552023454e+00
-7.534938890712121307e+00,-1.240243513729758273e+00,-1.106544510776511281e+00,-2.549963893878189225e+00
-6.340182710220928719e+00,4.663617064024905279e-04,-1.210019386950292208e+00,-1.730504966074136952e+00
-5.749949856108227841e+00,9.745398107530517384e-01,-1.489554814740355893e+00,-9.346954513954135457e-01
-6.028937899397157629e+00,1.564517740343863261e+00,-1.716458893534658525e+00,-9.444911238305235823e-01
-6.412362368722114070e+00,1.675858163867404382e+00,-1.708567408661791909e+00,-1.898306011843522656e+00
-6.116139155973549180e+00,1.312254125723131493e+00,-1.459465323816553139e+00,-3.580072167896275470e+00
-4.529600800389791182e+00,6.608556040586617275e-01,-1.112521321442748734e+00,-5.517669452375563388e+00
-1.182225001069193260e+00,9.431163829537213272e-02,-8.368459164906412173e-01,-6.989898450592273882e+00
3.479236206456838509e+00,1.817040913717785783e-02,-7.215160431872622571e-01,-7.370460739087187463e+00
7.622592183002191213e+00,6.022968096404592853e-01,-7.547277905888576388e-01,-6.549844269085303594e+00
9.340385345418942720e+00,1.592910884601678845e+00,-8.574668352689696071e-01,-4.887430507179705508e+00
8.465961391470601782e+00,2.414301519050302325e+00,-9.188255172634529622e-01,-2.862296468824744089e+00
6.437128162228050066e+00,2.537028853420949304e+00,-8.405629524547216791e-01,-9.785573039899142511e-01
4.513226645830825667e+00,1.829411433194785497e+00,-6.130445001648909820e-01,1.835674251418657754e-01
2.949741299664416783e+00,6.215271257356573820e-01,-3.644573568798762930e-01,2.946930330307234169e-01
1.842727456469763103e+00,-5.274421870769498977e-01,-2.878219942788242669e-01,-2.387973250911158141e-01
1.665508131251978829e+00,-1.163537705769374320e+00,-4.636270013406682544e-01,-4.534746221085353413e-01
2.519688254237275160e+00,-1.189875334668014650e+00,-7.376561289152582246e-01,3.070471226673385789e-01
3.654357709097560747e+00,-9.334046858126202606e-01,-7.917972217095734511e-01,1.862201638425174499e+00
4.256777463353834889e+00,-9.569788101028331440e-01,-3.726485737288330879e-01,3.578918309031052125e+00
4.128694436757046837e+00,-1.647281686496262276e+00,4.960858835594130767e-01,5.008435664897975315e+00
3.183838675319403677e+00,-2.837119889668453521e+00,1.479407289795621638e+00,6.009345960490638738e+00
1.081988391281566209e+00,-3.819058210103388529e+00,2.113820286564874085e+00,6.562965772223884109e+00
-1.869635982257201512e+00,-3.826766075493452046e+00,2.104510057666959533e+00,6.774272680128909485e+00
-4.058658809882150997e+00,-2.620225221781709912e+00,1.542520247467971339e+00,6.876823701005500666e+00
-3.842229813866035126e+00,-6.973917140080719834e-01,8.644169049802460369e-01,6.929598101021436030e+00
-1.374670064673939152e+00,1.015380650156442410e+00,5.411231102732531051e-01,6.616338727786197360e+00
1.571987485601127998e+00,1.742215048881733397e+00,7.138125648821612712e-01,5.623265208153902961e+00
3.482045665608530349e+00,1.321599026912720243e+00,1.081106451785946998e+00,4.099029926558623416e+00
4.084341149608218480e+00,2.839507529481132275e-01,1.151641770491526495e+00,2.402141074581388036e+00
3.693876670860001266e+00,-5.066940649902754723e-01,6.578068560761054506e-01,4.613228632666832585e-01
2.611153607563749368e+00,-4.217567926717168958e-01,-2.158957691834929304e-01,-2.186129043208811407e+00
1.382584880054678944e+00,5.574045708910373431e-01,-9.696394848386704624e-01,-5.606154907501338158e+00
7.290178799544401178e-01,1.922337958415346826e+00,-1.162737308765050326e+00,-9.050615751071086734e+00
7.493523632422955938e-01,3.045869629898681819e+00,-7.264353028571839399e-01,-1.149991521439002184e+01
8.559013695976388503e-01,3.554136413003849970e+00,4.838379014007687662e-03,-1.239859224501623380e+01
8.859075108080819438e-01,3.452047871443278293e+00,5.380234528097382896e-01,-1.176788928129112044e+01
1.530737589002669097e+00,3.046961959319288038e+00,5.479792649451223907e-01,-9.942283560299403078e+00
3.088799462218119185e+00,2.759065411107127552e+00,5.841917430318948473e-02,-7.456606137597777462e+00
4.509299414773797032e+00,2.845198329610449939e+00,-6.241191370212593181e-01,-4.925948689598996566e+00
4.532164495640039092e+00,3.143453833365574379e+00,-1.136539521115758733e+00,-2.668864649652808563e+00
3.360011395760337027e+00,3.071915057770425062e+00,-1.262510126598612503e+00,-5.187590851288403915e-01
2.330354988483007261e+00,1.992133876010243165e+00,-9.985731462528212310e-01,1.751063506445525775e+00
2.187518277529664879e+00,-2.910337011611491276e-01,-5.019426636327787294e-01,3.930213526819317238e+00
2.570442754173126509e+00,-3.293078805017895405e+00,1.251292243525032113e-02,5.589338291957838933e+00
3.059880349192213522e+00,-6.069338260221774917e+00,3.895291230837786278e-01,6.728199792329628615e+00
3.705991502544129901e+00,-7.724922151859137998e+00,6.273863118937161865e-01,7.874318014160234469e+00
4.383074633999007652e+00,-7.875421488680433235e+00,8.779661683623632973e-01,9.494176217799076056e+00
4.613160864316796506e+00,-6.796520748835256143e+00,1.326795847543119633e+00,1.157180649839732034e+01
4.432637320585390839e+00,-5.202978896940908093e+00,2.043105787902904424e+00,1.377988606701291019e+01
4.630821712662399392e+00,-3.818190263340894841e+00,2.922621262116760654e+00,1.569793482074400792e+01
5.637496972393252648e+00,-3.032691001142360232e+00,3.738458570820664573e+00,1.671410749857086486e+01
6.844297173483460561e+00,-2.862914569535547127e+00,4.219100989370454080e+00,1.609578582173703865e+01
7.530564580263179764e+00,-3.133307265818255249e+00,4.110964910906206526e+00,1.353975400228491388e+01
7.781678015818417116e+00,-3.616755603275503717e+00,3.260513853049355593e+00,9.563330189974969642e+00
7.833056402976490418e+00,-4.015628017863276611e+00,1.721653733892539728e+00,5.141797877515229764e+00
7.116885402868439847e+00,-3.946571649221029432e+00,-1.936220052526257951e-01,1.074955518989090697e+00
4.852788852243605788e+00,-3.111606298084245381e+00,-1.997473004814033892e+00,-2.155431308171328997e+00
1.292819727703430566e+00,-1.568821374619358222e+00,-3.217212508237400126e+00,-4.222726243115867639e+00
-2.436714147646945161e+00,1.750509134811952250e-01,-3.606276823587143188e+00,-5.110246963284428290e+00
-5.527481914090754955e+00,1.401004263895103019e+00,-3.285985955783286450e+00,-5.382818311080530549e+00
-7.692496435602987681e+00,1.606773804025878327e+00,-2.723283341816961300e+00,-5.873494373292254878e+00
-8.364728054564299242e+00,8.279043310453408910e-01,-2.480310126741515298e+00,-6.939541968542994432e+00
-6.804407420058802280e+00,-3.832649342289473071e-01,-2.838109471859968647e+00,-8.220960210575055882e+00
-3.305993195592443534e+00,-1.319788538936016886e+00,-3.580353158491902832e+00,-9.159658175812058545e+00
5.823783421259606241e-01,-1.565825900500606549e+00,-4.151775919488439825e+00,-9.513117065276041728e+00
3.508525943314855233e+00,-1.190862168290402812e+00,-4.074445261400213347e+00,-9.337703350225995180e+00
5.341526453120789775e+00,-5.685871041276565618e-01,-3.268156318712452268e+00,-8.788806714907796191e+00
6.395024871355285967e+00,-2.398962318382547726e-02,-2.042737892780829512e+00,-8.054524765435175482e+00
6.445757751174988393e+00,3.732084445737639533e-01,-8.432469095350703103e-01,-7.181154601447497399e+00
5.231520669613157537e+00,7.448995775116395990e-01,9.304304303161398115e-03,-5.807009461741783340e+00
3.339593216899019890e+00,1.199100399322045707e+00,4.257703963214031218e-01,-3.418337741661289009e+00
1.750542354469020845e+00,1.672889075906154543e+00,5.138520073874522920e-01,-1.789190167885045812e-01
7.779292188724508117e-01,1.928133405379076404e+00,4.848321418366319246e-01,2.761730653668890145e+00
1.648594414077845793e-01,1.721199790983564570e+00,5.588275129815316600e-01,4.219792679531596313e+00
-9.044445232058057060e-02,1.070795497416254571e+00,8.726565023166252821e-01,4.183593011827130503e+00
1.289646714455983112e-01,3.991758484069709012e-01,1.390918102229702136e+00,3.736439762765109140e+00
2.724878899334027826e-01,3.186793614950921838e-01,1.870304978263380047e+00,3.785378860609284857e+00
-5.213951962710249299e-01,1.155682265739469416e+00,1.952897515052429478e+00,4.132270234912145845e+00
-2.126233962395327470e+00,2.655340904131598290e+00,1.390285410409935807e+00,3.749429550089820928e+00
-3.372101868628713195e+00,4.185476876360408660e+00,2.675139101593514979e-01,1.663572114474354935e+00
-3.617456599677869811e+00,5.216199287934627726e+00,-9.537904432479381578e-01,-2.337379459214148802e+00
-3.629188042761867905e+00,5.575637742382864026e+00,-1.648531635164473208e+00,-7.345065526268351519e+00
-4.497344877151663312e+00,5.330777963982637147e+00,-1.402243625457513021e+00,-1.151430236999639156e+01
-6.339489482160195699e+00,4.604202703167571187e+00,-3.361497401058736179e-01,-1.313253665438354822e+01
-8.503343281265891562e+00,3.586643443531846387e+00,8.466795504920965332e-01,-1.200014655344683945e+01
-1.031863883174288787e+01,2.612193242027587736e+00,1.218538863430468799e+00,-9.625737624696144579e+00
-1.099564177426102241e+01,2.058565192988930814e+00,2.440112532511850285e-01,-7.746135725028381991e+00
-9.453763756007685259e+00,2.126894194237142433e+00,-1.776930369895970863e+00,-6.727043054019091528e+00
-5.261659524407811261e+00,2.750526686701631363e+00,-3.849325319591978545e+00,-5.585732059729011212e+00
4.473598442787720675e-01,3.708010323519653539e+00,-4.953485371263027126e+00,-3.321002370075436083e+00
5.856923222242161664e+00,4.775243206565661147e+00,-4.694915141214480947e+00,1.633376003545848887e-01
1.024304491882558743e+01,5.772380398792712697e+00,-3.415882345826107169e+00,4.271700948751925075e+00
1.419737307824179595e+01,6.539160129186729620e+00,-1.800285975450473641e+00,8.297191195092040061e+00
1.824246801395133488e+01,6.939093195181081697e+00,-4.312751483899001648e-01,1.171029715779551239e+01
2.216090236471939789e+01,6.912372856792313058e+00,3.859940060225890979e-01,1.437445251487475950e+01
2.580127238710113247e+01,6.516410116988381240e+00,6.331483371829694784e-01,1.678002543908212374e+01
2.952751553400819873e+01,5.896141493351894525e+00,6.013975489330125601e-01,1.977730162302757932e+01
3.337083892519234496e+01,5.192107027513478634e+00,8.498485738094364583e-01,2.373524240923152107e+01
3.652553299086324046e+01,4.468810901516102163e+00,1.912599231433635749e+00,2.802223937209955196e+01
3.833949279753901607e+01,3.750856026913799823e+00,3.849215959215471106e+00,3.145595030911479384e+01
3.923782753408720225e+01,3.137976929752808619e+00,6.035296074616492312e+00,3.315327329008896839e+01
3.998917453015314294e+01,2.836200458949173608e+00,7.474769173410423129e+00,3.291558520422456269e+01
4.051193602781008707e+01,2.991955165443686671e+00,7.460000279129476830e+00,3.115782281359060235e+01
4.013264797559848063e+01,3.457421527386173921e+00,6.072354392720726857e+00,2.878120844598885242e+01
3.866748145981589602e+01,3.767317301019001530e+00,4.117699873667840293e+00,2.684605820040817292e+01
3.644751266788351529e+01,3.434112151321292217e+00,2.536265763410733065e+00,2.585733549781058116e+01
3.352299916826734005e+01,2.331084956831935173e+00,1.755602200138687286e+00,2.531136418946533695e+01
2.976593095574368064e+01,8.223874527668544321e-01,1.509851045345207865e+00,2.424154535398580634e+01
2.575270010463446368e+01,-4.640989290667431044e-01,1.243340348415638896e+00,2.224575353216393481e+01
2.263216339680016986e+01,-1.028555794470628504e+00,6.895819524671179535e-01,1.975632752652563440e+01
2.087774508598380763e+01,-7.884288785074698991e-01,8.010748406119143350e-02,1.737925194566789955e+01
1.987466740974763013e+01,-1.107745936262611447e-01,-1.625804002530688852e-01,1.534147162777328965e+01
1.893701705486131104e+01,4.237783608495142573e-01,1.160890054882025568e-01,1.362291169718488248e+01
1.798436953783967596e+01,3.969470210682073397e-01,6.467050838618353392e-01,1.221680629308194277e+01
1.696428524693351392e+01,-1.784418072063907179e-01,9.799622419815788854e-01,1.106707443396831536e+01
1.551051088060857452e+01,-9.044221058064553231e-01,8.596682407948306182e-01,1.008223226637309544e+01
1.377891229615820201e+01,-1.318621709988684554e+00,4.093200211094329410e-01,9.472104420592508234e+00
1.290445777376038272e+01,-1.215844926588228070e+00,2.449063791842183077e-02,9.800584086964986952e+00
1.382325319403468988e+01,-7.309121691580756641e-01,7.970389625468730921e-02,1.135939363887633746e+01
1.604411231283740591e+01,-1.860227747353596361e-01,6.570375796534461132e-01,1.360968287629594720e+01
1.829895388727397787e+01,1.298776965501522440e-01,1.474666848784114803e+00,1.553912324793422606e+01
2.004679868499364659e+01,1.156264827085122376e-01,2.064024433103535561e+00,1.651912754184918342e+01
2.157329997816364653e+01,-1.021470538038608128e-01,2.081796788997580361e+00,1.662351805332339438e+01
2.295474580154768773e+01,-2.576940817036817988e-01,1.545382076237691971e+00,1.630187086423029896e+01
2.393873405916043495e+01,-1.193704407886759661e-01,8.168627412574930302e-01,1.611335234250980974e+01
2.480733859034943123e+01,3.847055119380172750e-01,3.280008830699020494e-01,1.666887992088384252e+01
2.629496816062771813e+01,1.183594770409462260e+00,2.404523961444219038e-01,1.828963389905820947e+01
2.834143118169874498e+01,2.149218427313809521e+00,3.107838326053081746e-01,2.050076268718690997e+01
2.979817174689483750e+01,3.119107595488755269e+00,8.548248937887392707e-02,2.220231841714017307e+01
2.981514448957308971e+01,3.876229979954779026e+00,-7.183783516960021709e-01,2.263593730043347207e+01
2.879615293780436858e+01,4.215919143671938762e+00,-1.958593240257986645e+00,2.205315618248458520e+01
2.749351376423102522e+01,4.100221469380401551e+00,-3.154051105548462353e+00,2.127544082577306028e+01
2.584953709229936791e+01,3.724313998470470732e+00,-3.828207203602782105e+00,2.076184595180510684e+01
2.336879201989016153e+01,3.378590499996224850e+00,-3.800770342798518886e+00,2.026006107575344117e+01
2.007013383051989663e+01,3.218634610065019164e+00,-3.203240567298319963e+00,1.917412666699026502e+01
1.635628425452400947e+01,3.160300743415952685e+00,-2.295331179178491166e+00,1.706549940185594849e+01
1.241269227825322119e+01,2.990008348196069310e+00,-1.318946668221502527e+00,1.398219107263262018e+01
8.542208742261207632e+00,2.582741639450884641e+00,-4.800909626072206171e-01,1.058216240795917784e+01
5.690534300780550225e+00,2.034483091333294524e+00,5.006242497587719276e-02,7.813668533545741646e+00
4.583412001579696415e+00,1.583654471488959325e+00,1.957338862370488486e-01,6.148199253531171138e+00
4.377930495699500213e+00,1.367272572584926849e+00,2.433973976643948392e-02,5.148221391387000523e+00
3.185485414986086727e+00,1.231208431936259284e+00,-3.051057695694960881e-01,4.061468791171033210e+00
2.000927286957757123e-01,8.231058757859666120e-01,-6.445616668152157613e-01,2.784769281520584894e+00
-3.457655230300009652e+00,-5.658853383025105876e-02,-9.030990279011443800e-01,1.870983717313391637e+00
-6.230548705111651486e+00,-1.180187010258485492e+00,-1.026734876183292400e+00,1.545775600795199711e+00
-7.632783476164907377e+00,-2.009738334818343297e+00,-9.998867882757078718e-01,1.155560775511367266e+00
-7.954781825160451625e+00,-2.118919069207624073e+00,-9.146418766237671694e-01,-1.509271759858016870e-01
-7.411601812179838156e+00,-1.507156110966016982e+00,-1.027921338381120986e+00,-2.440718141268036767e+00
-6.289126633459702020e+00,-5.366314221686415697e-01,-1.672993495048173518e+00,-4.894991843468520898e+00
-5.221671567314493778e+00,3.668244424370795675e-01,-2.993976758563809959e+00,-6.438566201836930070e+00
-4.418258660109158242e+00,9.310908568962518173e-01,-4.668120211765197425e+00,-6.272033375327281668e+00
-2.995450435699312575e+00,1.047715807131074595e+00,-5.896136134195201883e+00,-4.124203740346070290e+00
6.158887913934352198e-02,6.977756787469207023e-01,-5.807500063047075223e+00,-4.397239253475571097e-01
4.464667123985721631e+00,-5.634212367785861042e-02,-4.075190852761568117e+00,3.737076987715795440e+00
8.868411198419494212e+00,-1.006854490981849759e+00,-1.266008651396534290e+00,7.409742716653297201e+00
1.229979971821647489e+01,-1.769733647902350659e+00,1.411118674028612130e+00,1.018872008888197733e+01
1.450493227031896737e+01,-1.885817595106776379e+00,2.812506977860849577e+00,1.202884667591485979e+01
1.508785185629651693e+01,-1.060628656188446373e+00,2.495175252372828556e+00,1.259913712468177671e+01
1.347530696035559927e+01,5.818943273983656628e-01,8.436203662216030796e-01,1.138195739823548713e+01
1.006291715360460515e+01,2.448686074883798636e+00,-1.302005372902613534e+00,8.490354540812873552e+00
6.464982380915337501e+00,3.763350192041504449e+00,-3.148341835200451300e+00,5.007188003453705960e+00
4.070335724445757641e+00,4.047361080598089522e+00,-4.231008927924378327e+00,2.275315177622354135e+00
2.916620014180268061e+00,3.434627397484297351e+00,-4.407661317739059115e+00,9.921766311652276960e-01
2.313111748726377037e+00,2.554968148001671935e+00,-3.733998682189509921e+00,1.024126218965973223e+00
1.790407095200235998e+00,2.069354682884464669e+00,-2.408829219221170881e+00,1.757117587345714993e+00
8.680803218155441758e-01,2.206805074348309414e+00,-8.069602567766833712e-01,2.421452474200243898e+00
-1.309699603778657684e+00,2.635174147416653234e+00,5.405887626800903734e-01,2.403047386326048862e+00
-5.091204043258851009e+00,2.754674142199631692e+00,1.136500872706680765e+00,1.637385067076758904e+00
-9.360678837180875789e+00,2.197709915428844862e+00,7.954148753614544987e-01,6.126124195283999541e-01
-1.234147382074132793e+01,1.138079512494908130e+00,-2.243478660568772876e-01,-2.939652619245256560e-01
-1.327676135999977625e+01,1.395359494838816772e-01,-1.371404638410358201e+00,-1.367418445442453168e+00
-1.266327157102874956e+01,-3.206539144294697774e-01,-2.110891358348757407e+00,-3.114975311478896280e+00
-1.108023144212459776e+01,-2.043729546642034656e-01,-2.150390921746173412e+00,-5.326469508061723701e+00
-8.728920614234795039e+00,1.666164223988648718e-01,-1.476110295993044996e+00,-6.936848878333209178e+00
-6.124017550934497400e+00,4.769562839891074990e-01,-2.814014164934934836e-01,-6.909721398299081940e+00
-4.181761096762524055e+00,6.787374857588718280e-01,1.107868468810369045e+00,-5.047675335458123413e+00
-3.195131507881844968e+00,9.473675864770109145e-01,2.307709937258267896e+00,-1.997603208991982848e+00
-2.465003884841458603e+00,1.456810446542422532e+00,2.991270284781413213e+00,1.138505231253978511e+00
-1.378357186081971220e+00,2.193087586593543747e+00,3.022893491261892773e+00,3.132721722716472534e+00
-1.796972804743768304e-01,2.916419445697000956e+00,2.523671572512460770e+00,3.113060798892600012e+00
7.975953704734708438e-01,3.284751465051540364e+00,1.799313018123965824e+00,1.194361642099808440e+00
1.950550696103647841e+00,3.090474096004364846e+00,1.144300760291418362e+00,-1.482945398253993741e+00
3.736153984227819524e+00,2.458497474658535964e+00,6.336335915629253135e-01,-3.634319564863500052e+00
5.690386095338141104e+00,1.805032252833710826e+00,6.895224091026935787e-02,-4.707921804824390932e+00
6.923752785583226377e+00,1.529541542790642250e+00,-8.305767342567358380e-01,-4.799652600525703861e+00
7.286091477683506845e+00,1.694383103786108791e+00,-2.121118834633801242e+00,-4.044077728468513655e+00
7.239822313468560644e+00,1.997113378331505817e+00,-3.495194750465256739e+00,-2.538663464174448769e+00
6.791471306169547972e+00,2.059335608552027796e+00,-4.463831697490470596e+00,-7.716718280335453928e-01
5.431220669531342082e+00,1.754355746585623876e+00,-4.700587155449686527e+00,3.785050066224047161e-01
3.110208633876508255e+00,1.290505023094044468e+00,-4.249006125313345095e+00,2.686310802227264705e-01
4.067097564270670262e-01,1.011909752529530415e+00,-3.462350620246684052e+00,-1.078269815989793878e+00
-2.405108083643453742e+00,1.106807581401423768e+00,-2.780114920915473853e+00,-3.179148716704296440e+00
-5.599939013005828414e+00,1.456921723618538334e+00,-2.505564505281117960e+00,-5.443987945312916743e+00
-9.065093168581976002e+00,1.730775871548167810e+00,-2.674966348959683771e+00,-7.305322284207555583e+00
-1.198581698151746799e+01,1.630495820199851398e+00,-3.063440996820140150e+00,-8.422522302959189133e+00
-1.391145223965826716e+01,1.090490569398349541e+00,-3.353387499773166969e+00,-9.015620703740980346e+00
-1.531199000170318136e+01,2.878511281000395439e-01,-3.392410147972501733e+00,-9.700444660088660243e+00
-1.640462516068976484e+01,-5.010648339289163200e-01,-3.335007094727753252e+00,-1.064791426047018952e+01
-1.616171990681181470e+01,-1.051543357852207317e+00,-3.497071115790372886e+00,-1.106636318816011411e+01
-1.351953844833300167e+01,-1.258769964569844468e+00,-4.008838199759848564e+00,-9.909924897488771478e+00
-9.373466372082816633e+00,-1.153474704659322114e+00,-4.590594482830301359e+00,-7.184031883913903904e+00
-6.519765714452281813e+00,-9.016924792130728283e-01,-4.717549248012946173e+00,-4.399423822468627066e+00
-7.517342050642898954e+00,-7.399511339040742985e-01,-4.093663142430780333e+00,-3.711160968824540163e+00
-1.293509946479434980e+01,-8.165977627419985785e-01,-3.024487489775585569e+00,-6.579601065025761031e+00
-2.125443775052904272e+01,-1.061279938405131018e+00,-2.297338958826637967e+00,-1.291433331898402237e+01
-2.966499964186188265e+01,-1.243290565796542957e+00,-2.592869270469312593e+00,-2.108873487654658518e+01
-3.523736352650961123e+01,-1.176245614929389394e+00,-3.921617783844921323e+00,-2.883846575059394723e+01
-3.661358520893941915e+01,-8.384035041277640987e-01,-5.622141052963205432e+00,-3.464757567552248929e+01
-3.517970588441976787e+01,-2.907400389016894793e-01,-6.955821644889951472e+00,-3.862564172997019796e+01
-3.400357040662292007e+01,4.596440297541242725e-01,-7.750155413441055963e+00,-4.203907842009607521e+01
-3.513600077055211557e+01,1.458360715529702478e+00,-8.490419827595308888e+00,-4.596335403749197468e+01
-3.823785548881805596e+01,2.679129350817031963e+00,-9.811591918117564148e+00,-5.044748155591314998e+01
-4.183079257015500474e+01,3.936027020762975948e+00,-1.190695395992329075e+01,-5.476267249842810259e+01
-4.496081806109437196e+01,4.928456428422577140e+00,-1.436502398652156032e+01,-5.793046549339079831e+01
-4.712620638773638859e+01,5.391394711017517771e+00,-1.646586568755912694e+01,-5.884777829662510840e+01
-4.754699229870822563e+01,5.262994819021277415e+00,-1.759553907608944456e+01,-5.649636961168505422e+01
-4.567860230603807992e+01,4.756805541895475997e+00,-1.749683716752551987e+01,-5.072604138078909131e+01
-4.216644460779492221e+01,4.250012676080175744e+00,-1.632607956439870378e+01,-4.282924276765277227e+01
-3.829552116960719133e+01,4.025860530656630409e+00,-1.457934260109671243e+01,-3.489175154721061745e+01
-3.456197279620892004e+01,4.052255184764373297e+00,-1.289252124794970378e+01,-2.841869223105410569e+01
-3.065596299831852534e+01,3.974047300439320196e+00,-1.173593376330753379e+01,-2.370315535262005469e+01
-2.679868868579295693e+01,3.333632768885589570e+00,-1.115713225649726503e+01,-2.031987245675394149e+01
-2.405286264712595923e+01,1.872853683357792232e+00,-1.077436538753724093e+01,-1.775530600145653892e+01
-2.299202166105694189e+01,-2.684393878080373330e-01,-1.006036274145093046e+01,-1.552823774095014109e+01
-2.289888422849458038e+01,-2.571545275778007955e+00,-8.721850414720627498e+00,-1.323822535988643523e+01
-2.269773979460646984e+01,-4.376567189147643866e+00,-6.905464090995715232e+00,-1.086439064164429347e+01
-2.195773305005157638e+01,-5.217505074203791615e+00,-5.101491337874509036e+00,-8.809761121155112562e+00
-2.052517328243991201e+01,-5.055158404490495805e+00,-3.837101293854945805e+00,-7.397495285888322947e+00
-1.795350938200349589e+01,-4.258841256265693431e+00,-3.386421588464957999e+00,-6.467083114328686655e+00
-1.406166009841414422e+01,-3.366416263561434530e+00,-3.686176645479327885e+00,-5.624044932275173103e+00
-9.538933269757796651e+00,-2.800743030259023048e+00,-4.456682568441583392e+00,-4.651406441725950636e+00
-5.184840700428236637e+00,-2.699893655510906765e+00,-5.359514205530911291e+00,-3.436774210574865762e+00
-8.900910398533049550e-01,-2.899374723737269566e+00,-6.062756265816988233e+00,-1.757052146756576727e+00
3.813732554697215171e+00,-3.044905109073742455e+00,-6.274591632173741829e+00,4.347830917945041396e-01
8.448966841978702291e+00,-2.806769719684929942e+00,-5.866053670735100312e+00,2.564438003062329496e+00
1.176097097367899735e+01,-2.102758421449661963e+00,-5.028059399250810024e+00,3.684093457868816923e+00
1.316822466506513045e+01,-1.167582963597270096e+00,-4.251110297053231513e+00,3.282170445089397148e+00
1.318776642939273991e+01,-3.930551915271191521e-01,-4.037907719901411063e+00,1.652623196891747082e+00
1.236401966213556669e+01,-6.511276709699560794e-02,-4.544108802764408317e+00,-4.944898296019060724e-01
1.070689935730940334e+01,-2.012886165504097769e-01,-5.448021048907094155e+00,-2.463090733312129910e+00
8.459472359766751381e+00,-5.671906006999205552e-01,-6.150542077982813716e+00,-3.610724622716575904e+00
6.480599553167218474e+00,-8.189767952736467516e-01,-6.131405650345955749e+00,-3.436022325017244583e+00
5.268883582401110210e+00,-7.138625965446452337e-01,-5.212578294926091260e+00,-1.955652485394271167e+00
4.259791929829043866e+00,-3.254268577997809220e-01,-3.611219988779036161e+00,1.853654233950604024e-01
2.705668007223766658e+00,-1.047036521993633951e-01,-1.810983642156791973e+00,2.205282153838539649e+00
7.320665019545273822e-01,-6.311146004773762197e-01,-3.328488938147764475e-01,3.671880926354751384e+00
-1.093048284188422592e+00,-2.153943540861873007e+00,5.035297416449793229e-01,4.419512875534983287e+00
-2.736943712669641204e+00,-4.292632920557283960e+00,7.178306736886136408e-01,4.315940226370796218e+00
-4.506533471360025800e+00,-6.181172207798637963e+00,6.138556203304755821e-01,3.445336379665169702e+00
-6.260446194363483485e+00,-6.963237616963959375e+00,5.477347166652144494e-01,2.332911118190009514e+00
-7.663022274906522213e+00,-6.279819547080947473e+00,6.805657518274208506e-01,1.589131234821472782e+00
-9.009469233694764156e+00,-4.456365280355406355e+00,9.109205241048417001e-01,1.343679743796327930e+00
-1.088563748308319212e+01,-2.323528521583563933e+00,1.032259600776417097e+00,1.295212944934198251e+00
-1.300687906366361624e+01,-7.824031589585020985e-01,9.468969845171133493e-01,1.225173088667683929e+00
-1.427659597421851068e+01,-3.349112818970265137e-01,7.233474830166637393e-01,1.101294726786691269e+00
-1.416531702389121250e+01,-8.491142148826160696e-01,4.767506119922854113e-01,7.110859111338738714e-01
-1.323477258244592747e+01,-1.714027351863965487e+00,2.552781570360119212e-01,-3.497401094760909102e-01
-1.208766653985600392e+01,-2.262538975484678083e+00,6.675962885059953666e-02,-2.161645589887220442e+00
-1.067744898171110535e+01,-2.153919273428706926e+00,-4.860949609380144781e-02,-4.287554820824472479e+00
-9.070759145868587225e+00,-1.500279614344120827e+00,-6.483401608748569356e-02,-6.265832998287810263e+00
-7.996008016901088311e+00,-7.410621328172720679e-01,-9.340486966436958860e-02,-7.977553817501618738e+00
-7.877512247318361638e+00,-3.681613512724303816e-01,-3.578529498378423823e-01,-9.308608937184686738e+00
-7.945002883431243390e+00,-6.087522047632748512e-01,-9.491555676461411739e-01,-9.811434552585568625e+00
-7.164793584981641317e+00,-1.231650080765514632e+00,-1.625629976586125736e+00,-9.152965368209745378e+00
-5.672732430078435861e+00,-1.663507206377896841e+00,-1.974286460093836570e+00,-7.794264271664391508e+00
-4.402048357222643205e+00,-1.396763495214620399e+00,-1.875078295130257588e+00,-6.808456293609398635e+00
-3.501242174655479378e+00,-3.811713993435982273e-01,-1.796874548481514067e+00,-6.904561426156234027e+00
-2.059176643400797868e+00,9.269605312448868650e-01,-2.505707680198743237e+00,-7.753402472668722289e+00
5.261724393989222204e-01,1.876274056689067438e+00,-4.321395306584169482e+00,-8.208484546761424028e+00
3.677875386176846284e+00,2.018954092606534800e+00,-6.587325995299777581e+00,-7.057317937877540359e+00
6.265438095925119022e+00,1.312854283290199708e+00,-7.924843301423440955e+00,-3.815725190889023732e+00
7.389988380622428465e+00,3.698128003867921787e-02,-7.141197844961327590e+00,7.385297491047292384e-01
6.420812649644359382e+00,-1.472353176753214976e+00,-4.040739201996540686e+00,4.779758713264071979e+00
3.125275608602797295e+00,-3.049586926998419933e+00,5.154773797821660120e-01,6.642002803933201527e+00
-1.748036441872915514e+00,-4.711298616886823609e+00,5.279163112584542183e+00,6.146581310853735047e+00
-6.656491235165177045e+00,-6.473029555078393393e+00,9.419146763409154133e+00,4.664597501881942776e+00
-1.061714256261731748e+01,-8.202303316764190555e+00,1.286431895662809310e+01,3.821595171986231332e+00
-1.396361400537719000e+01,-9.686666407861933337e+00,1.603817964089352799e+01,4.316369671396272700e+00
-1.732376383091447991e+01,-1.081434520530839904e+01,1.930798972918480771e+01,5.949074299672867383e+00
-2.040293355084723359e+01,-1.162960767488293534e+01,2.261083072461388710e+01,8.262436167512920093e+00
-2.240721526957199217e+01,-1.221971990025782695e+01,2.547953816589923903e+01,1.073376481153051465e+01
-2.314206149561999837e+01,-1.261288484481064742e+01,2.734346756562238667e+01,1.264059391225203122e+01
-2.282166351535135007e+01,-1.279570135603349534e+01,2.784023524943047434e+01,1.336775802341699659e+01
-2.113145427743390314e+01,-1.275012155499238098e+01,2.697477150470016127e+01,1.299231469159781405e+01
-1.755142290886557177e+01,-1.241638000540768338e+01,2.509408606356454285e+01,1.223639400850033709e+01
-1.265920450480774662e+01,-1.167861389055233978e+01,2.271277890539623456e+01,1.171546293599130273e+01
-8.142097743019871103e+00,-1.049324463388999895e+01,2.029423048598021495e+01,1.145261752694703539e+01
-5.203599364356799484e+00,-9.057335608865368926e+00,1.813734904900388756e+01,1.115845795531058116e+01
-3.649145545570164462e+00,-7.786888038945090074e+00,1.641539518647865492e+01,1.065329371441667483e+01
-2.729840083684385466e+00,-7.067073081620825370e+00,1.523767704692148328e+01,9.862119322917280329e+00
-2.036272232634278812e+00,-6.995885554299997366e+00,1.460183677000718205e+01,8.709657021710169644e+00
-1.174143938069215798e+00,-7.335617678376946671e+00,1.430011161191102964e+01,7.315011308847068960e+00
5.285317025648398337e-01,-7.676583533719409047e+00,1.396434964050370020e+01,6.157337053230104829e+00
3.200930917075629267e+00,-7.682129120366496977e+00,1.329525946975753214e+01,5.817429130984803187e+00
5.861386720131538830e+00,-7.280074645077089457e+00,1.228490635885198756e+01,6.594579050910138740e+00
7.428174628035985272e+00,-6.686586197944679455e+00,1.120731927855269028e+01,8.419992369378066499e+00
7.894456354485710037e+00,-6.218863672955632360e+00,1.037781893390385513e+01,1.089497223902937861e+01
7.789009586302078070e+00,-6.029176197547748473e+00,9.913263355982014247e+00,1.324263249513744611e+01
6.975238223961830464e+00,-6.005158248307697733e+00,9.705050532540932196e+00,1.455657924660139990e+01
5.062440874438438598e+00,-5.924870996532932033e+00,9.582696602760901072e+00,1.455103136883164616e+01
2.855911895904270192e+00,-5.675344947280762220e+00,9.464373523070545247e+00,1.399947811686777044e+01
2.184705355963814988e+00,-5.301703710305099904e+00,9.341640609576977283e+00,1.402996440976872172e+01
3.886860851767376612e+00,-4.896607314440063696e+00,9.150508287449550693e+00,1.491925581788714972e+01
6.764372992718663546e+00,-4.514647949194581678e+00,8.715939493255488557e+00,1.584785114868550515e+01
8.935649477430036569e+00,-4.185466576800229710e+00,7.878509869496398643e+00,1.584601104300666208e+01
9.564835836051939211e+00,-3.926512979493708144e+00,6.695241181578065692e+00,1.466722608475583378e+01
8.921324032934217385e+00,-3.696775620126618644e+00,5.486517178893661750e+00,1.271450514414151201e+01
7.546837668781409825e+00,-3.385834366306919474e+00,4.633396079348361063e+00,1.054154085406178432e+01
6.039519347603519606e+00,-2.923720482738605408e+00,4.290288731247842158e+00,8.652206707974306354e+00
5.082201852947257237e+00,-2.422881024835893182e+00,4.274936147780899809e+00,7.431855146817288649e+00
4.880673470068943587e+00,-2.174739023715933417e+00,4.220442260047743588e+00,6.880556911950589161e+00
4.839820579715945037e+00,-2.445014654280388111e+00,3.831241819467555931e+00,6.530232788304249247e+00
4.429343474657092550e+00,-3.205712813539149941e+00,3.031487459216872349e+00,5.915463212927980940e+00
4.095222169867317241e+00,-4.025007783692911900e+00,1.934506665287917926e+00,5.031369244271173713e+00
4.670799282492609450e+00,-4.254685480864536906e+00,7.138288349616019879e-01,4.071994634596211249e+00
6.186448644539760622e+00,-3.447166760606239944e+00,-4.974141373838130153e-01,2.890414816538227516e+00
8.065263380587232689e+00,-1.714981605348303795e+00,-1.602654350126080596e+00,1.177240766982694309e+00
1.029622073450370046e+01,2.806106116083935675e-01,-2.462575067516157734e+00,-7.769542880605371238e-01
1.339559005354359833e+01,1.747545400944221727e+00,-2.858697427700003679e+00,-1.938479143430378082e+00
1.706089222656569859e+01,2.259409693680133113e+00,-2.589576430105193783e+00,-1.420521245150575540e+00
1.984682522204623467e+01,1.937051331659224607e+00,-1.639800013556266256e+00,6.543873309337912003e-01
2.064612063468714354e+01,1.232927918721691496e+00,-2.576377620388044520e-01,3.306270851704383951e+00
1.980105120197925572e+01,5.716716900668270540e-01,1.146393670755025962e+00,5.509068166278783707e+00
1.833216480276712801e+01,1.291467774027183490e-01,2.203743612133324703e+00,6.763385917137106240e+00
1.677424385229711490e+01,-1.693887830498386760e-01,2.754685336237569171e+00,7.192862363643878432e+00
1.527685780160614293e+01,-5.027699424823424135e-01,2.895985514430558183e+00,7.357056951606959494e+00
1.407160176470205570e+01,-9.610006003157903764e-01,2.889132563936375409e+00,7.768411824141170818e+00
1.301809113303230170e+01,-1.431774029572270512e+00,2.945836225150842758e+00,8.291305820967668438e+00
1.128037679707126806e+01,-1.684983185493593050e+00,2.999532786154668784e+00,8.161074922917196162e+00
8.494215049777256610e+00,-1.613715729504371366e+00,2.678753770189771011e+00,6.935203264245012100e+00
5.962625694378007601e+00,-1.395025842642394043e+00,1.621046098527168411e+00,5.355222289082878007e+00
5.529712369432099983e+00,-1.386202241612388919e+00,-5.133630250827592167e-02,4.877388660190177916e+00
7.109020472458122519e+00,-1.849657631154291160e+00,-1.539223126752723880e+00,6.222973938762474511e+00
8.279554772732947043e+00,-2.750763843379032902e+00,-1.758677643022541037e+00,8.578518948960610402e+00
6.737227549975455254e+00,-3.752083982985022992e+00,-1.023915210294127631e-01,1.025708709350645265e+01
2.556441258109680703e+00,-4.369614866953741128e+00,3.047357247483090781e+00,9.980649701544198393e+00
-2.203330279414905224e+00,-4.229399851659795040e+00,6.520543591168878272e+00,7.628691471623288756e+00
-5.464739078098581615e+00,-3.337904175514446070e+00,9.133341937231138630e+00,4.178322416471767831e+00
-6.429136912735787135e+00,-2.181544699967845169e+00,1.039498274354255791e+01,1.087759434243003698e+00
-5.705961444085643208e+00,-1.489723453043828139e+00,1.059733499320078565e+01,-6.339749218514189044e-01
-4.760863387613071929e+00,-1.754188629054841853e+00,1.030917165719199247e+01,-1.138717732076121480e+00
-4.710319392472651856e+00,-2.862617481478774817e+00,9.796685257769881972e+00,-1.475111841342082730e+00
-5.038064384942282814e+00,-4.155671340553669602e+00,8.878320118708291631e+00,-2.426172379319492034e+00
-3.885241954260958863e+00,-4.871979316078030031e+00,7.269447681952292406e+00,-3.679043291788822945e+00
-1.961517172839916112e-01,-4.636270381051671663e+00,5.036797110648105757e+00,-4.237726398869985367e+00
4.781764824435309258e+00,-3.636003740989517397e+00,2.740806144982727677e+00,-3.431969546717557940e+00
8.743039385383186257e+00,-2.390967923665310746e+00,1.165488836612228463e+00,-1.301068214135388201e+00
1.069589853711118010e+01,-1.327744703402466975e+00,8.732000021229247011e-01,1.760649846327207779e+00
1.137250670339785330e+01,-5.112449448771236860e-01,1.898596501836826489e+00,5.302111426879159595e+00
1.166951712385577977e+01,2.489052055603009628e-01,3.742818121527024200e+00,8.803528812828171013e+00
1.175147587149457351e+01,1.038548725686186947e+00,5.636681870317290510e+00,1.178890330898626537e+01
1.166777823817542092e+01,1.608719519269370180e+00,6.916111977008845280e+00,1.405929178860688467e+01
1.167765974278154850e+01,1.550035275914051658e+00,7.306565311729812606e+00,1.552622901866647886e+01
1.153160880811832811e+01,7.316806792698383743e-01,6.969941114204901922e+00,1.579149310011479557e+01
1.037364341748354235e+01,-4.306044753312900930e-01,6.322235034033257151e+00,1.435492782505494169e+01
7.992474840089390575e+00,-1.172925866529262340e+00,5.770150906360331788e+00,1.151916993649961185e+01
5.474228033395563742e+00,-9.193165941811259900e-01,5.523114602620960767e+00,8.741843935407587196e+00
3.942845639988174167e+00,2.704800347630102464e-01,5.547571248684515233e+00,7.627845230942728705e+00
3.221165983159832269e+00,1.700059693586430276e+00,5.660445023568437151e+00,8.553400891126647920e+00
2.432554855034213315e+00,2.494603310177658351e+00,5.718279079221968431e+00,1.042894505480530398e+01
1.364301041014845950e+00,2.177432612589949024e+00,5.780575468195091382e+00,1.166452009610922858e+01
3.369948730927892488e-01,9.307816892057410030e-01,6.074351361698051122e+00,1.120444337364926923e+01
-8.620510776452877666e-01,-6.336196512565546168e-01,6.723505704278641026e+00,8.948178821138551342e+00
-2.762140947154053894e+00,-1.953788164215712442e+00,7.478424220774541276e+00,5.703276260861873226e+00
-4.893886131655699856e+00,-2.815943899795144034e+00,7.764185832928016673e+00,2.777702453059287979e+00
-5.727624919547543492e+00,-3.271484503666662658e+00,7.083092978083038282e+00,1.193018015701261092e+00
-4.293393962494046256e+00,-3.377623553618398944e+00,5.438287033109816093e+00,1.047900283814299005e+00
-1.204988739331810388e+00,-3.101472853390153439e+00,3.404268878013714250e+00,1.739402837779516320e+00
2.142779107309825903e+00,-2.463247436858003958e+00,1.786560175639376524e+00,2.756758690858278182e+00
4.696938467543365192e+00,-1.678946508317876951e+00,1.140655331289645247e+00,3.991709631770847810e+00
5.879877940828004412e+00,-1.078223856179651552e+00,1.483806372424834485e+00,5.332936524797889710e+00
5.564996758233244911e+00,-8.650940839445332431e-01,2.357178773767732771e+00,6.457249118529871268e+00
4.570404837044140578e+00,-9.765846757223756169e-01,3.155402720330464650e+00,7.263418445346574437e+00
4.475867662355411447e+00,-1.171714088259780295e+00,3.481746713669441995e+00,8.127214465700095758e+00
6.108829203638346250e+00,-1.234070431681554725e+00,3.296721017067208326e+00,9.342836333326800968e+00
8.545279832626151872e+00,-1.085508749749249269e+00,2.805958469388793564e+00,1.051521862676672292e+01
1.026578483420129118e+01,-7.445892581090718387e-01,2.239455649134559856e+00,1.088601435697295017e+01
1.092493275827983190e+01,-2.390714961314281684e-01,1.719933082136987812e+00,1.017944205125075641e+01
1.124413664799126344e+01,3.972587843553771481e-01,1.281597883499354662e+00,8.810749199935855813e+00
1.154510091022867613e+01,1.053809030023114435e+00,9.566046812150321710e-01,7.331818413538850443e+00
1.141712174897950582e+01,1.528118255277737925e+00,8.293510455966790484e-01,6.015874448434384902e+00
1.077745792340483000e+01,1.635696870969046479e+00,1.018476327666484327e+00,4.978463444771751512e+00
1.019345441603725178e+01,1.353012651767915520e+00,1.591922958877087124e+00,4.331481937260392989e+00
9.874364421055449981e+00,8.592278735560334724e-01,2.458938523815635158e+00,4.087135234887719015e+00
9.244879146936405334e+00,4.582256111535757404e-01,3.332790687235816840e+00,4.163486211546176818e+00
7.950127040437857673e+00,4.496659674680033580e-01,3.846414691725343005e+00,4.581720275776827833e+00
6.527958002901485202e+00,9.837901801716983918e-01,3.774809066771342536e+00,5.403396436255904156e+00
5.599755532824536530e+00,1.927512323036560282e+00,3.186541115892150611e+00,6.373366499713710276e+00
5.110767547962848489e+00,2.864624535836318486e+00,2.390244830685693156e+00,6.928723209772248204e+00
4.962797459132305633e+00,3.342788494083983153e+00,1.734565805272741734e+00,6.771264540297133649e+00
5.687287559376060564e+00,3.224651529794070104e+00,1.431344228292788845e+00,6.206138265243406948e+00
7.630050908533992704e+00,2.787133122478529401e+00,1.493601368820309361e+00,5.708522034067561535e+00
9.921633659608536604e+00,2.414219346257642673e+00,1.765753531618543759e+00,5.401125987068946976e+00
1.120340918904447314e+01,2.191037971473136725e+00,2.012111785523730489e+00,5.245613507394547348e+00
1.120567472656187746e+01,1.855474123159422728e+00,2.044858731290639664e+00,5.509782122813100536e+00
1.077572144576145519e+01,1.168064815860289318e+00,1.827789853532500119e+00,6.577546229362511099e+00
1.048574642893825981e+01,2.827030725004415768e-01,1.475153214654698619e+00,8.297851060418665270e+00
1.016304311848129061e+01,-2.933336556240215831e-01,1.156812533883765592e+00,9.921322644584785522e+00
9.853582234573423193e+00,-1.121874105492360468e-01,1.010727610902859785e+00,1.080373285143555329e+01
1.020697545269779916e+01,8.247605253989054308e-01,1.119198677921121154e+00,1.089917620076963622e+01
1.144687146865626914e+01,2.033187859458159163e+00,1.500938458944081733e+00,1.045753312546830038e+01
1.270935376761212332e+01,2.883083078692505907e+00,2.072115199240462502e+00,9.514025181091339434e+00
1.292096243466351346e+01,3.047692609342960601e+00,2.626459476613038024e+00,7.858396185947057688e+00
1.179481888702970060e+01,2.708594197472494969e+00,2.915039293259070963e+00,5.352353657870640546e+00
9.611133229104247278e+00,2.306353461603510624e+00,2.810133533835442510e+00,2.225437203407369502e+00
6.783463903658724092e+00,2.019342162868951185e+00,2.430258857944993522e+00,-6.558141005108555355e-01
4.285681743702716595e+00,1.503924089211523762e+00,2.099914112501837682e+00,-1.742296322200835856e+00
3.735618740817552297e+00,2.681700719436088121e-01,2.119638981362134800e+00,3.736962972203105027e-01
5.886062808633423238e+00,-1.619586261565706398e+00,2.473326945652808639e+00,5.370815370371793129e+00
9.146803377347467290e+00,-3.253044193420525421e+00,2.710817502112007116e+00,1.044956158730469653e+01
1.057869594084444209e+01,-3.439783093756290544e+00,2.172804222476279801e+00,1.183101839172624459e+01
8.570781868492261424e+00,-1.616103891077596888e+00,4.319814380720770619e-01,7.522246246960556881e+00
4.001246509855019617e+00,1.728409996799612935e+00,-2.430975488468925860e+00,-1.291633049559365976e+00
-1.140112202933388996e+00,5.458582483216827264e+00,-5.969308534740180860e+00,-1.145064831242568637e+01
-5.465223840967190938e+00,8.589746698026097249e+00,-9.749119731847185832e+00,-2.015650846418796149e+01
-8.520045587838714241e+00,1.079846866084498735e+01,-1.356013918446733513e+01,-2.636118859213155119e+01
-1.051584205393637106e+01,1.237154275029626227e+01,-1.731230047096626024e+01,-3.068546830829972549e+01
-1.232526962191452391e+01,1.378827140857287148e+01,-2.085529518733797261e+01,-3.453985052217689145e+01
-1.500006957516530193e+01,1.529314896857314743e+01,-2.398047382995554955e+01,-3.901600721048779974e+01
-1.854930251179764866e+01,1.672169901861913388e+01,-2.656525847522216921e+01,-4.400390039862699609e+01
-2.158398132912518363e+01,1.764487893889047854e+01,-2.863465860218062886e+01,-4.821755900845306542e+01
-2.274355294666256455e+01,1.768790160675580836e+01,-3.025118413802193373e+01,-5.026185842973172413e+01
-2.211183668789725232e+01,1.678729121064999674e+01,-3.137005065955501948e+01,-4.971188855715485033e+01
-2.070903804748932941e+01,1.525363078131583805e+01,-3.182232933570103839e+01,-4.713682894490251840e+01
-1.906184184972266138e+01,1.366636224159095470e+01,-3.143763366164565198e+01,-4.334060104728833807e+01
-1.700974985893343217e+01,1.266053462236722105e+01,-3.020113311739100936e+01,-3.888171033015468936e+01
-1.455569434821028629e+01,1.263698981395843113e+01,-2.833592727875061001e+01,-3.416877597259985322e+01
-1.196612795276300645e+01,1.350455741464086223e+01,-2.624321123654396715e+01,-2.956587202794108293e+01
-9.102791527160615459e+00,1.466412382374523560e+01,-2.430134547407889656e+01,-2.527991912562185561e+01
-5.598761181785762986e+00,1.532887795888722238e+01,-2.264291124476221384e+01,-2.139855774831356072e+01
-1.865450282772414647e+00,1.497823885767222940e+01,-2.109962720412946524e+01,-1.810645627842530558e+01
9.391157245624256467e-01,1.360795147972098640e+01,-1.939135405358990027e+01,-1.560276200416413417e+01
2.303665246432001990e+00,1.163470413231363665e+01,-1.740730475177537429e+01,-1.371903673362903575e+01
3.028697161007133154e+00,9.597632561902985415e+00,-1.533610303750878323e+01,-1.190655844080706949e+01
4.118623981343138674e+00,7.879543172079438662e+00,-1.355251369171424258e+01,-9.788392806928953860e+00
5.674289937480018864e+00,6.574391068656377790e+00,-1.238123871678906873e+01,-7.544893293033923420e+00
7.340271654803105505e+00,5.536979722708750273e+00,-1.191553768539554881e+01,-5.631380778081806149e+00
9.158457066469113173e+00,4.579435787502163180e+00,-1.197600546117643283e+01,-4.338818497084579562e+00
1.128387206477048643e+01,3.661541897262369893e+00,-1.219692555590816418e+01,-3.767082746677807847e+00
1.336534199809735490e+01,2.882623699667099082e+00,-1.218716340278022159e+01,-3.896030851920043503e+00
1.501032539017371903e+01,2.279986355252228147e+00,-1.169526799127552152e+01,-4.313743740493910295e+00
1.654781387054388730e+01,1.696646479972726107e+00,-1.070506122954432016e+01,-4.048065445849679200e+00
1.850732841847394994e+01,9.327662632792464992e-01,-9.420949949220826625e+00,-2.139138303505245364e+00
2.051573228996440079e+01,3.947099878466327205e-02,-8.153881858583329034e+00,1.481748819154885988e+00
2.155333741896713917e+01,-6.052958059088714426e-01,-7.158809881182806478e+00,5.851980724893158126e+00
2.126904824828682550e+01,-5.838564847347731401e-01,-6.508466586899226414e+00,9.695379706782318863e+00
2.021670735582304346e+01,1.637197154262812759e-01,-6.095707659821473889e+00,1.212372572191424602e+01
1.877772696787188877e+01,1.210212466716539703e+00,-5.769979732606804745e+00,1.285770462355433708e+01
1.682570066329289560e+01,1.910503971460806527e+00,-5.465220931244460623e+00,1.230853384299818210e+01
1.471661726563402439e+01,1.857170370997357045e+00,-5.156586603385910905e+00,1.157422682672497771e+01
1.356349431337854305e+01,1.161044589190679321e+00,-4.689258486366550294e+00,1.184393876776116805e+01
1.382614395933113727e+01,3.254401635027438511e-01,-3.733304878245386149e+00,1.337433294716164411e+01
1.433592107243945257e+01,-1.947832684606750908e-01,-2.024362286137762812e+00,1.520042749560931661e+01
1.351628424222321989e+01,-3.713830228964565827e-01,2.980029330954642730e-01,1.610481037691310746e+01
1.114076593702176154e+01,-5.697057020911695524e-01,2.625069545825395867e+00,1.571954548799445206e+01
8.205500663685262097e+00,-1.138214113555976459e+00,4.215120287896631623e+00,1.449603152594863964e+01
5.548930452194889007e+00,-2.023042428003729576e+00,4.653720743500960211e+00,1.289437298587016656e+01
3.460253436624379120e+00,-2.767401651171589094e+00,4.057097922323586126e+00,1.101304085508404107e+01
2.268827763774530659e+00,-2.867253027697100887e+00,2.917103923446203506e+00,8.868591229729455350e+00
2.189066422689591285e+00,-2.153822887692584676e+00,1.788157301659360154e+00,6.555509206000012412e+00
2.544876511840616473e+00,-9.147291656298689455e-01,1.044423998720751978e+00,4.070931750829497986e+00
2.195983138599685081e+00,2.922459960908259657e-01,7.817497946061797709e-01,1.365972410675203808e+00
1.067797038507759977e+00,9.781894655243471570e-01,8.380841216669463467e-01,-1.298497814400680017e+00
4.616144600006874543e-01,9.936941478588819932e-01,9.035581667815187901e-01,-3.344452283051507102e+00
1.475431842647987102e+00,5.763596433905286975e-01,6.911123281011187780e-01,-4.376926203508006985e+00
3.778023348919091084e+00,1.873182788867652215e-01,1.045198590424631507e-01,-4.485762249254671374e+00
6.249375138600101742e+00,2.849631187350155082e-01,-6.856042620845483881e-01,-3.982521705838074411e+00
8.062856670670218051e+00,1.150073514378998629e+00,-1.325243656056995345e+00,-3.125324661549580885e+00
8.695249441605138685e+00,2.756852170965077509e+00,-1.501313211847583373e+00,-2.215078112205670191e+00
7.791505654164091688e+00,4.698770972938029367e+00,-1.169097122685553547e+00,-1.567734235929564957e+00
5.975259113816938417e+00,6.296707482877208939e+00,-5.948219870458756331e-01,-1.027225868430618583e+00
5.237410457925123275e+00,6.952252029376542630e+00,-1.380910697473983206e-01,2.657267811842680127e-01
7.287581356012072575e+00,6.516809408422628458e+00,7.969041652787049734e-02,3.134937436650229170e+00
1.135794369662687231e+01,5.317268689061592113e+00,3.399408031988555567e-01,7.294222950442470044e+00
1.437147486839653787e+01,3.791254171649947047e+00,1.141445907446541508e+00,1.121448301862969288e+01
1.348052737710865934e+01,2.116848402720027611e+00,2.757917057911725145e+00,1.311561657846356610e+01
8.105484528697106228e+00,2.239416290820646638e-01,4.875074190423949183e+00,1.206340437504170637e+01
-1.706896454650250750e-01,-1.872762830664717493e+00,6.643241663767143201e+00,8.378513640430220732e+00
-8.759676700501461966e+00,-3.828134643003882065e+00,7.185775804153171187e+00,3.416752040533519441e+00
-1.508726527039863363e+01,-5.085482888414894376e+00,6.214281962112769619e+00,-1.057124605139859952e+00
-1.767324436625661477e+01,-5.247889905144893063e+00,4.264689580457296181e+00,-3.802598037617356930e+00
-1.708612502484045947e+01,-4.382620966424099151e+00,2.351363310276232799e+00,-4.821280350123316794e+00
-1.551750634368221249e+01,-3.032667391890791375e+00,1.308594277303667841e+00,-5.101578150310535520e+00
-1.495992082896893827e+01,-1.930081431590082719e+00,1.321923306767891493e+00,-5.549593112501101544e+00
-1.602647276196148596e+01,-1.595514720809435572e+00,1.958294794541512340e+00,-6.289064370308613761e+00
-1.854275051916959782e+01,-2.089058847747362169e+00,2.599420586970239810e+00,-6.977624013831133176e+00
-2.231867561314963311e+01,-3.078544300257032518e+00,2.915449650793416669e+00,-7.391742292995234109e+00
-2.660039428991749944e+01,-4.138095077205819372e+00,3.040902072646890719e+00,-7.429723096623639833e+00
-2.948863797329805081e+01,-4.992219895689117060e+00,3.351715242458880972e+00,-6.881972314899697629e+00
-2.910361210705193713e+01,-5.497663702457253443e+00,4.027787877989613463e+00,-5.690155091129827980e+00
-2.538833868269236049e+01,-5.455848982639208700e+00,4.761458989007299358e+00,-4.389682529250820586e+00
-2.009674131661607888e+01,-4.555067492083616720e+00,4.898307279521956659e+00,-3.905469409509577883e+00
-1.510419914715240886e+01,-2.606591507120272766e+00,3.955464395018407853e+00,-4.807163015280626617e+00
-1.138940629833951057e+01,1.148375914997085828e-01,2.101592883417306545e+00,-6.904956152172458950e+00
-9.385345967171812021e+00,2.807292530360429250e+00,1.658233619473169773e-01,-9.433244378966072929e+00
-9.134706008971670954e+00,4.536004534141870437e+00,-8.658752677982243240e-01,-1.129850547735509281e+01
-9.748867970305015618e+00,4.838106020217912473e+00,-4.788660196774933153e-01,-1.129430952641361685e+01
-9.691675189466964824e+00,4.032578387094369887e+00,1.076071056885530286e+00,-8.739123479703966524e+00
-8.286450575668052210e+00,2.928285004924584101e+00,2.987738741024617006e+00,-4.287418033518934024e+00
-6.450069651822700756e+00,2.160126524016201977e+00,4.400780215575880838e+00,1.792532910746415797e-01
-5.530674974859112858e+00,1.756304140341641729e+00,4.893440762405500521e+00,2.852052379734451026e+00
-6.044392962969157956e+00,1.315227544321924791e+00,4.634659468103808244e+00,3.192376121398946776e+00
-8.014553349689618855e+00,5.378418728321590070e-01,4.160644972978235323e+00,1.850347060907456598e+00
-1.168892636995106749e+01,-4.768753322553750951e-01,3.969216002530513432e+00,-1.963158661096567059e-01
-1.688142094864366882e+01,-1.426404194681554882e+00,4.246678263038066170e+00,-2.094364862502931413e+00
-2.203185605791881940e+01,-2.170387045037575291e+00,4.890918930114871443e+00,-3.081258730104664778e+00
-2.515894666563100657e+01,-2.831537219850339682e+00,5.704107829433006316e+00,-2.727986296207182360e+00
-2.598412566525914258e+01,-3.578138716947044884e+00,6.514194213266041977e+00,-1.461868467946664030e+00
-2.638013943908268644e+01,-4.372039270432516389e+00,7.159170772690863771e+00,-5.257433834715192766e-01
-2.854667645400076026e+01,-4.929261665671382353e+00,7.470029808446174258e+00,-1.130190046800199744e+00
-3.327979859431817999e+01,-4.922353553858995312e+00,7.347933090779263487e+00,-3.593401004483560257e+00
-3.988838452108371513e+01,-4.295613615667433827e+00,6.853289887973398109e+00,-7.151046492228537943e+00
-4.682387123712908306e+01,-3.460667093878197598e+00,6.192244507702973522e+00,-1.035160243688218173e+01
-5.222538247136051126e+01,-3.123526979704281281e+00,5.614907305336740428e+00,-1.181755333056951507e+01
-5.505559229230632212e+01,-3.745520591437633051e+00,5.306870923350307301e+00,-1.127418833349772953e+01
-5.646771668898671237e+01,-5.065166862406039527e+00,5.303849249513640451e+00,-1.016417102109235238e+01
-5.903709960284360392e+01,-6.198500865677328164e+00,5.447112740613003545e+00,-1.074493658688778375e+01
-6.319424826129672113e+01,-6.319439131356901385e+00,5.448073588564453118e+00,-1.381258334794486053e+01
-6.447588382238804172e+01,-5.301423430960234384e+00,5.074357615059511772e+00,-1.714857502154743329e+01
-5.566348948849937273e+01,-3.714789977050699576e+00,4.307093359603770821e+00,-1.670401299705298470e+01
-3.283316051289703097e+01,-2.230511094883043111e+00,3.304262845659748926e+00,-9.921917887099779065e+00
1.779602078025992185e-01,-1.046348844687450708e+00,2.226474427779813858e+00,1.724971490073243574e+00
