-1.281044240511524546e+00,6.843692511966277259e+00,8.171004451886329178e+00,-2.888184552987991793e+01
-2.792250386019285990e+00,1.455970994872376068e+01,2.512624585733485105e+01,-4.211190255451885633e+01
-5.290121370451258187e+00,1.602214337898240615e+01,3.581718702439613367e+01,-5.252477160468589545e+01
-8.894535458724353916e+00,8.663155003971461099e+00,3.741392062434967158e+01,-5.833107407773414366e+01
-1.256354262743780659e+01,-4.859302337921002746e+00,3.204078691538399681e+01,-5.976731964396120134e+01
-1.450163726992192537e+01,-1.828474332589540552e+01,2.516263212131523019e+01,-5.853818076930792103e+01
-1.310379051749355561e+01,-2.559923856249954710e+01,2.167646582973885572e+01,-5.561106436833234312e+01
-8.079370214300066522e+00,-2.456581828143885460e+01,2.274412538010046347e+01,-5.033334263027397526e+01
-9.571434032956049887e-01,-1.750615338000858046e+01,2.604754371422685466e+01,-4.245973857354164949e+01
5.865194848930980420e+00,-8.888027595255506341e+00,2.892689083913131398e+01,-3.388350263615089375e+01
1.102392911540431442e+01,-1.763578690647624070e+00,3.100588697136656791e+01,-2.691548422388768458e+01
1.497621697347464576e+01,3.826569911254213974e+00,3.358314830617248958e+01,-2.173307456556998218e+01
1.844064013063511354e+01,9.009131196189898105e+00,3.667012650347483316e+01,-1.746838553531135574e+01
2.031967408683675558e+01,1.283416022866522610e+01,3.730694398540634893e+01,-1.539314218909324516e+01
1.815162292060685090e+01,1.163870047124488494e+01,3.168391851826218897e+01,-1.852658266591431513e+01
1.114206444701116538e+01,2.583224470214259050e+00,1.954485326986458205e+01,-2.725556936150780629e+01
2.230279550892813489e+00,-1.195405400378595395e+01,6.425800461519405538e+00,-3.717336382189201061e+01
-3.555701518309509535e+00,-2.419455700551663924e+01,7.247753952729129034e-01,-4.258478305549758858e+01
-2.967075136630955345e+00,-2.619378802840261855e+01,7.342921009280040323e+00,-4.132549044969734098e+01
3.048558806979709601e+00,-1.615357714767526076e+01,2.314977742762850710e+01,-3.562244273783550597e+01
1.009732197101377693e+01,-1.111600748324061694e-01,3.834559741081044848e+01,-2.971954120106903829e+01
1.318506263432190018e+01,1.253361643404103098e+01,4.299332745948314738e+01,-2.767483858413080355e+01
9.797730152786680691e+00,1.573248831152208460e+01,3.387289398647306626e+01,-3.167562958810676221e+01
1.661424503603150749e+00,1.024718061819750758e+01,1.666684581542230958e+01,-4.008608380362404233e+01
-6.074212013177476166e+00,1.714683717973842336e+00,2.036490716897592090e+00,-4.739484809522586062e+01
-8.202394665053677869e+00,-4.171974355567437343e+00,-1.518028098833276385e+00,-4.809425834704973823e+01
-3.069365450530757489e+00,-5.167705466982395635e+00,7.008311636411137080e+00,-4.130386698537058265e+01
6.523224458361260858e+00,-2.520027555982795153e+00,2.123700441649125992e+01,-3.098059493326101332e+01
1.567262926135016521e+01,1.343185956964150440e+00,3.260870069125405735e+01,-2.197453139675062062e+01
2.065545006317286791e+01,4.825972705712130661e+00,3.646394094681362930e+01,-1.695061998160147354e+01
2.057348467600242969e+01,7.268033293428468156e+00,3.415856418592998267e+01,-1.646097242534278493e+01
1.680952720218504837e+01,7.875181794847090799e+00,2.987005732957673843e+01,-1.975170903874301587e+01
1.141076994850489612e+01,5.477791921403184716e+00,2.557472105484545466e+01,-2.474698808570839503e+01
5.770372871384331859e+00,-8.834064311480208098e-02,1.927913000504427288e+01,-2.884670222664784234e+01
4.332269747592393250e-01,-6.588242501304089949e+00,8.209520902099342266e+00,-3.092047840008040538e+01
-4.040011113693422473e+00,-1.022174672674505658e+01,-6.410423157682498818e+00,-3.172468503803007067e+01
-6.204364792824915931e+00,-8.624252150936413841e+00,-1.800263542055165900e+01,-3.168035483748834480e+01
-4.067717613106692554e+00,-3.230657693558827148e+00,-1.843246915406851016e+01,-2.932913787034901532e+01
3.372796572805457860e+00,1.615531379224967923e+00,-4.007025613278607956e+00,-2.306005677338183801e+01
1.475550642459304385e+01,2.254382205068319323e+00,2.104085409578045684e+01,-1.364879604889817521e+01
2.637439497209302885e+01,-1.276118640481188837e+00,4.621320518034058011e+01,-4.143532542463177926e+00
3.359957190203990507e+01,-5.479462824970276813e+00,6.054275654863827327e+01,2.060214082678152092e+00
3.296899734754833133e+01,-6.471846980883866784e+00,5.885282499104517484e+01,2.258419032547218208e+00
2.416103175957146476e+01,-3.114205278945817668e+00,4.439324830711400693e+01,-4.974861622947095441e+00
1.074681802017463816e+01,2.231890593382202415e+00,2.596478639658224097e+01,-1.805654080519359184e+01
-1.398537533699908408e+00,5.652269905915552783e+00,1.163644817228895256e+01,-3.153095360710579698e+01
-7.521536297993812958e+00,4.740526462365153293e+00,4.066679499441130829e+00,-3.915730604102131451e+01
-6.629281182262412919e+00,5.090411587217491540e-01,1.080769434271032559e+00,-3.877420256313322255e+01
-1.150995965198039039e+00,-3.363994886288014907e+00,9.637089070456586470e-02,-3.328655818952343992e+01
5.493239692057295009e+00,-3.569459797485870389e+00,1.267198901059839677e+00,-2.697208249253725043e+01
1.068331100352714280e+01,-1.562536112598236493e-01,6.069984304678841092e+00,-2.235239262060609278e+01
1.273869083943396063e+01,3.142581390053991619e+00,1.356255829251076861e+01,-2.069901842129004521e+01
1.087368749501659870e+01,1.855496357443011668e+00,1.936970749709621487e+01,-2.302474381389454550e+01
5.964724357013901468e+00,-5.222193274856600453e+00,1.922600875984361224e+01,-2.866784249342624591e+01
8.167023931525957403e-01,-1.436230478671577515e+01,1.335626472610786131e+01,-3.419321193808764292e+01
-1.478542593073066014e+00,-1.929405856686028997e+01,6.702861601223132126e+00,-3.589519998576147941e+01
8.509361986676711176e-02,-1.597983805899038501e+01,4.538200863458844658e+00,-3.334369423051145986e+01
3.853946309457107144e+00,-5.856328031825315250e+00,7.949598133609281803e+00,-2.919824386179978148e+01
7.284827929336834984e+00,5.301394980130649692e+00,1.351455727660917461e+01,-2.582719841773808156e+01
9.083111390843331634e+00,1.199248898698364485e+01,1.695505791376344362e+01,-2.337692879305544835e+01
9.803617024799251567e+00,1.306526879989546153e+01,1.691274614214063376e+01,-2.079921229921165704e+01
1.084099431064153940e+01,1.174041901835079393e+01,1.551127681529240476e+01,-1.723136096059743849e+01
1.285715340791355388e+01,1.181534242535244417e+01,1.572700095708125900e+01,-1.245687119364084872e+01
1.476492470852361016e+01,1.371763775025324072e+01,1.835205739688956683e+01,-7.669630076995202828e+00
1.422462352370017413e+01,1.400503443269714765e+01,2.132797296913106777e+01,-5.947919452806298857e+00
9.754761792381293262e+00,8.629058449197515301e+00,2.180819962383896637e+01,-1.001861176840753487e+01
2.731740797759518724e+00,-3.018716305858590410e+00,1.878019118002614007e+01,-1.856445398256334300e+01
-3.124887897966890815e+00,-1.672966752043234706e+01,1.378212279419509301e+01,-2.618710660590354067e+01
-4.837364952455540212e+00,-2.582387158005699135e+01,9.338261480966989936e+00,-2.830055722338619617e+01
-2.807138949942864059e+00,-2.537959351814685149e+01,6.924312361750756040e+00,-2.527331353351790710e+01
-2.709125749279125417e-01,-1.538134702996526215e+01,6.353976764776534836e+00,-2.098023883686970592e+01
-2.973221130510160792e-01,-7.768106107558810924e-01,6.738102862120059378e+00,-1.849472288273576126e+01
-3.311115470704238728e+00,1.156114268266502698e+01,7.691366379600095726e+00,-1.832613368524658526e+01
-6.977094278714738529e+00,1.699186942817751245e+01,9.550155734580394906e+00,-1.947034995169949312e+01
-8.051733782549073126e+00,1.549560775083877928e+01,1.250694533680863429e+01,-2.019056171790585452e+01
-4.909115155113753737e+00,1.053853046072078570e+01,1.559539997946113488e+01,-1.850133177678237217e+01
7.659274302431067216e-01,5.519938384000155018e+00,1.671221050305946676e+01,-1.419278595399075371e+01
4.779984390953556428e+00,1.140949002565309511e+00,1.414494437442389163e+01,-1.040375274503029246e+01
3.929374607171602918e+00,-3.864168947684016420e+00,8.605172325158674695e+00,-1.097790912005460129e+01
-7.083761156601423581e-01,-9.746215173929430264e+00,3.690408271209220548e+00,-1.559528803487934390e+01
-4.428131932315569230e+00,-1.410097299625253342e+01,3.589792873797740924e+00,-1.932860475822983659e+01
-3.353668791987607367e+00,-1.364217035654755783e+01,9.521867929001802011e+00,-1.796637705873056845e+01
1.884555253560788568e+00,-7.580604209732889842e+00,1.815358046755976673e+01,-1.235879900716349766e+01
7.048342617673726274e+00,1.016555212631312433e+00,2.381949578474439377e+01,-6.582720429822368047e+00
8.504810056610152103e+00,7.381265209775459191e+00,2.291242653710945376e+01,-3.220899089557015316e+00
6.400461124210906405e+00,8.687456110667856279e+00,1.674711892609152031e+01,-1.639483459244086339e+00
4.181147268922423166e+00,5.886256532672158315e+00,1.041557828563998811e+01,2.858775438457678009e-01
5.333888118946912726e+00,2.310152991044727155e+00,8.516011196964791807e+00,4.110001842041016928e+00
1.007262601130391744e+01,5.485233228272621275e-01,1.134921338052929940e+01,9.423218129180044755e+00
1.460520806591799747e+01,4.818507299113114484e-01,1.494962086570955329e+01,1.295369515505386815e+01
1.403545408047048859e+01,1.585947499561834173e-01,1.503471630785122848e+01,1.006996267061284911e+01
6.909362713028783354e+00,-1.558783617049949388e+00,1.122040697509140017e+01,-5.952936865886508944e-01
-2.919553807642916610e+00,-3.480261063122180865e+00,7.318597034380138311e+00,-1.411251802777494468e+01
-9.534792354692063654e+00,-3.487321419518583987e+00,7.286195459755038684e+00,-2.289269167768868130e+01
-1.037714501391252853e+01,-1.378686959597523298e+00,1.094842521814542380e+01,-2.393631879656668460e+01
-8.184211037818529988e+00,1.804265733401724248e-01,1.404696946967051829e+01,-2.111185898391966020e+01
-7.512232255905320066e+00,-1.910575631749933612e+00,1.270638455173931192e+01,-1.993591708563279852e+01
-9.803150988341830185e+00,-7.634239365870234550e+00,7.711027099926226036e+00,-2.166141200536765510e+01
-1.210059206700347900e+01,-1.293644691644913358e+01,4.040687405165101609e+00,-2.312600925141874697e+01
-1.023881881867799315e+01,-1.276998285720391557e+01,5.901536918757282812e+00,-2.085005497503360772e+01
-3.077392228252691098e+00,-5.534870358928880130e+00,1.213717222444310728e+01,-1.426081041653534598e+01
5.938310376040854877e+00,5.161024677217126211e+00,1.672094908933950208e+01,-6.236410950893104044e+00
1.101878664743110114e+01,1.314339984187993160e+01,1.411505186619224794e+01,-1.751354127695723628e+00
8.383455094661027118e+00,1.438044643550049173e+01,4.464409309600775977e+00,-4.725413162358231389e+00
-5.803625861226016092e-01,9.559561917517791940e+00,-6.279370831680324727e+00,-1.425299924244890271e+01
-1.005901099702925627e+01,2.574974627953569684e+00,-1.127440152872741841e+01,-2.417522951385610597e+01
-1.403114672662023921e+01,-2.989401175527384602e+00,-8.049835585777033842e+00,-2.786652760566969178e+01
-1.032882820692532633e+01,-5.792335825395438675e+00,4.056293715722186777e-01,-2.359675824978002012e+01
-1.264387258069145314e+00,-5.945198670776714600e+00,8.906366879092546540e+00,-1.460624561042662606e+01
8.757822281903537842e+00,-3.572768140316064489e+00,1.405954817386708733e+01,-4.975387802240026858e+00
1.577760583906219694e+01,1.042479571531643057e+00,1.558095090925314707e+01,2.820682878082262146e+00
1.750248051073591071e+01,6.193681673699645174e+00,1.481182173430870463e+01,7.121715984739301675e+00
1.397235856922508823e+01,8.724753440569516627e+00,1.282271931500573992e+01,6.967510399428872958e+00
7.892824295713743332e+00,6.247664852257261536e+00,9.905069963344487860e+00,3.933291308521345453e+00
3.326761869627301138e+00,-4.063676214522236041e-01,6.071658510085284455e+00,1.899739975778332202e+00
2.661656719395608217e+00,-7.368308152890811868e+00,1.394784215765854984e+00,3.091979328379065528e+00
4.624370462008885241e+00,-1.075597764468366258e+01,-3.938790917844692707e+00,5.349294327141882022e+00
5.814340852220623468e+00,-9.591683899149451520e+00,-9.274576001347993426e+00,4.856538751314162461e+00
4.277833014702134840e+00,-5.822358754572833028e+00,-1.305879272409831238e+01,8.384539508706290167e-01
1.263758199495403467e+00,-1.899574606122076181e+00,-1.331818446369375764e+01,-3.840634211671413833e+00
-3.810521436953605567e-01,1.221399087863442645e+00,-9.220145944615396161e+00,-6.030362634649055309e+00
9.391922592044432694e-01,3.821985140976376094e+00,-2.343113518386289229e+00,-4.775030039637106150e+00
4.245371258654245139e+00,5.838730183803384932e+00,3.931346343406377120e+00,-1.110442074018200165e+00
6.966224612813133099e+00,6.123109310561440921e+00,6.812619611714421985e+00,2.819506717204973700e+00
7.176207455815509562e+00,3.393155247423528031e+00,6.197936883410163134e+00,4.652315248782750601e+00
5.334675365556570625e+00,-2.199007419693049581e+00,4.342151364592005791e+00,3.660141269277789711e+00
4.016226985441403663e+00,-8.425197028777549946e+00,3.356199114029295938e+00,2.076243953306400769e+00
5.655421878263167557e+00,-1.182191738866123920e+01,3.208553472756216607e+00,3.171981164035659440e+00
1.038769149781200873e+01,-9.503495348174059387e+00,2.410486683068419733e+00,7.619571656525184089e+00
1.612258058879279332e+01,-1.028279567029215524e+00,4.551333591158139846e-01,1.289423130362679437e+01
2.039760926548445141e+01,1.062671982025785944e+01,-1.025660051341395818e+00,1.629482493677475574e+01
2.164530503294659880e+01,1.980604486985741985e+01,9.265288363170660901e-02,1.686648097917457534e+01
1.900513425809555201e+01,2.087497932628047081e+01,3.868333383337714704e+00,1.404360986078027373e+01
1.227006438550634115e+01,1.182729324694490458e+01,7.896179949173644630e+00,6.841199356122954711e+00
2.903656644840600709e+00,-3.584858699962626627e+00,9.598270622863363855e+00,-3.778784801860208820e+00
-5.604795577177916321e+00,-1.739325322060656731e+01,8.542525033424041681e+00,-1.327785522983507249e+01
-9.714717552637736731e+00,-2.233595171980203276e+01,6.223628717452815096e+00,-1.669436077457126899e+01
-8.552398458850811735e+00,-1.682322707922120131e+01,3.894616627377819995e+00,-1.326917197573864549e+01
-4.284832628683671985e+00,-6.026854771452465620e+00,1.273155569602707704e+00,-6.436367296965992857e+00
2.071374783524758956e-01,1.987021311348300845e+00,-2.340799939869586233e+00,3.727921523834807349e-01
3.589564021154233675e+00,2.203948888928886962e+00,-6.039787414993703862e+00,6.231760693722471878e+00
6.071170627480870330e+00,-3.934994947110804553e+00,-7.053591596729580360e+00,1.128885804846648711e+01
7.829766500113805705e+00,-1.031200700810483895e+01,-3.017580488566482977e+00,1.490631256346277844e+01
7.969868719714447991e+00,-1.145585522055187866e+01,5.317525527061965462e+00,1.593120551855412437e+01
5.119022566678076203e+00,-6.740693489259089510e+00,1.373984152391972735e+01,1.360169894051831463e+01
-8.923677641214193823e-01,3.859101782398013936e-02,1.723545742600076380e+01,7.792769826626006591e+00
-7.852020561923540143e+00,4.705139684876103345e+00,1.344717124696386534e+01,-3.370080304818827699e-01
-1.195911530937088330e+01,6.055984926591000850e+00,4.108868537385802711e+00,-7.491607621720411281e+00
-1.045389304803241792e+01,5.593844352920017471e+00,-6.308353921901241890e+00,-9.622078746671641980e+00
-3.853094815374188631e+00,4.851214021628183382e+00,-1.320903195231817406e+01,-5.414789084411791187e+00
4.501388037441751422e+00,3.690362327395704689e+00,-1.395846388428349449e+01,2.340164678667758125e+00
1.114487426331405473e+01,1.195038232400046363e+00,-8.896655140232972769e+00,9.608279502499227576e+00
1.457929623846158940e+01,-2.357727387184607615e+00,-1.385090951801320802e+00,1.435523598425907110e+01
1.500843728985279668e+01,-4.995360272484281161e+00,3.504329873473069235e+00,1.626966522128257608e+01
1.311188895860828119e+01,-4.784814699424814854e+00,2.010424943876694570e+00,1.509314226261231617e+01
9.889182474322304017e+00,-2.064370923540102432e+00,-5.025071814754430655e+00,1.141179355391651917e+01
7.064600411462187424e+00,2.321511859342277606e-01,-1.178065555288904065e+01,8.188732972014973299e+00
6.192258833363075254e+00,-1.211981648232328013e+00,-1.166162255245949808e+01,8.675239316684971058e+00
6.896924627783135087e+00,-7.106061555283605280e+00,-3.146694705841443618e+00,1.226186939126446873e+01
6.915615135036841110e+00,-1.432737339087267792e+01,8.388610658864710246e+00,1.458543301363617140e+01
4.694279725105120704e+00,-1.766840699604193077e+01,1.523651600178422960e+01,1.284196368525596554e+01
1.608719130597350500e+00,-1.349384264954613322e+01,1.416263386050448148e+01,9.468637581879830734e+00
8.541584031564706248e-01,-2.718775586734536454e+00,8.799295046782090068e+00,9.346388769778375405e+00
3.953108213587274822e+00,9.166612789977033771e+00,5.448025121392552350e+00,1.431225962931409690e+01
8.586879271001082614e+00,1.530656893555010356e+01,6.745795670285326118e+00,2.132054012711184043e+01
9.998902666447712306e+00,1.191004710497763774e+01,9.506119209374633172e+00,2.504183230241899949e+01
4.783626334125950841e+00,8.868391180993010492e-01,8.509343570513452804e+00,2.152849960425405129e+01
-6.076238586958626620e+00,-1.126938464294316233e+01,1.985169246595361425e+00,1.082868323327418736e+01
-1.746487517078934459e+01,-1.769741362534440299e+01,-6.802143433620614132e+00,-2.273458021601803214e+00
-2.373065247220179685e+01,-1.546407063842241314e+01,-1.292926892210968681e+01,-1.084346035886561488e+01
-2.277121192771314639e+01,-6.890082621178511779e+00,-1.401692368965924906e+01,-1.107049481479377384e+01
-1.697342426493491985e+01,2.636040298503837587e+00,-1.102223291023516261e+01,-5.260909279353852774e+00
-1.026565389688018470e+01,8.233337463437779391e+00,-5.916472882509412834e+00,1.275985884439077012e+00
-4.567512967891584452e+00,7.941135790385328797e+00,1.442870210505667605e-01,5.809540663133040184e+00
6.540437643852723415e-01,2.995384760032589799e+00,6.174975334465932164e+00,9.298357772877995586e+00
5.936076835350320380e+00,-3.432932232983830545e+00,1.004760476969896921e+01,1.259052748471763117e+01
1.003076362414230083e+01,-8.011087194995441862e+00,9.165043570587977584e+00,1.402380127362941309e+01
1.092544119319686402e+01,-8.768948043309137574e+00,2.900542819591417132e+00,1.166727037251589039e+01
8.000467017895889654e+00,-5.855633951747574173e+00,-6.029450617050646777e+00,6.097102728308216868e+00
2.659268358401271293e+00,-1.183178769006430153e+00,-1.310194715416133882e+01,-3.687396649228190659e-01
-2.750006895831647924e+00,2.942093416013703777e+00,-1.506386523102380437e+01,-5.888256655579915844e+00
-6.053321348726207418e+00,5.370165443337078237e+00,-1.166415567501281814e+01,-9.186712588946710056e+00
-5.704165099850319720e+00,6.640214424991825126e+00,-4.859640797674964041e+00,-8.671728208621907186e+00
-1.235472244023616550e+00,7.969724519860347911e+00,3.035002293039186672e+00,-3.493733568574415305e+00
6.086623502561891996e+00,9.572158982635681213e+00,1.013656023203034984e+01,4.617824363338575822e+00
1.323181324604314568e+01,9.990181311151699717e+00,1.441661005205012813e+01,1.197417248037727866e+01
1.656633071196288753e+01,7.344574552063489747e+00,1.347547799185917050e+01,1.550760769389789395e+01
1.374108307148443409e+01,1.477411504735341552e+00,6.079505836385024509e+00,1.412560581572815721e+01
5.293126188380189667e+00,-5.210902217425472216e+00,-5.632374365128231197e+00,8.409115555868245551e+00
-5.068005197139356710e+00,-9.312190183081217043e+00,-1.599254065099188793e+01,6.910450226365764115e-01
-1.215933920455892725e+01,-8.941515737580163048e+00,-1.883469713455853878e+01,-4.866589748492305745e+00
-1.251395633138431940e+01,-4.877384082284781819e+00,-1.171253314117470623e+01,-4.590522848005352152e+00
-6.984711782889330145e+00,3.350483670939757297e-01,1.910696438688673338e+00,1.048943547866624248e+00
-4.660164534202319020e-01,3.936701210416231778e+00,1.415389257228911646e+01,7.053903754228351808e+00
1.467894135555185109e+00,3.967012200590852355e+00,1.709567789198209908e+01,8.145742499153863392e+00
-3.467882394403274393e+00,-5.146956459561031344e-02,7.583152477951024650e+00,3.119219762096637094e+00
-1.269644280385580082e+01,-6.451081831911146480e+00,-1.039708955578968208e+01,-4.884715423280595381e+00
-2.055287226753659269e+01,-1.162133090238826050e+01,-2.754600026752035546e+01,-1.095338682668325880e+01
-2.193342120887525581e+01,-1.196333725106744694e+01,-3.452023093159396439e+01,-1.072775541860925941e+01
-1.544664641588026832e+01,-6.686438323657710292e+00,-2.741919588174037159e+01,-2.303050296429158372e+00
-4.163498486622741801e+00,1.025187571731829506e+00,-9.856517651432616489e+00,1.183329473933453890e+01
6.647912083722860466e+00,6.095961060959455224e+00,9.752889712360266472e+00,2.525746666709820332e+01
1.331760835575019897e+01,5.610141819659408391e+00,2.360150654477473964e+01,3.213766367542194047e+01
1.593392671777488800e+01,1.299015483063971965e+00,2.853747755512597806e+01,3.183735667187751162e+01
1.685918142717919821e+01,-2.092913907868237722e+00,2.607499790492422775e+01,2.810958585875761884e+01
1.732594983355467022e+01,-1.273461575371185983e+00,1.936274043793236643e+01,2.410061794492813192e+01
1.596924127166421314e+01,2.603993604124047678e+00,1.052366296187934225e+01,1.971965390786180095e+01
1.081005385902047422e+01,5.416305219705921381e+00,6.048461545498652336e-01,1.385977953788362349e+01
2.224607836395389171e+00,4.441207213090789807e+00,-8.772965106150591552e+00,7.205272423151963146e+00
-6.390391340017269606e+00,1.126207087786947225e+00,-1.462778791541581036e+01,1.965068292524943638e+00
-1.082459313546510948e+01,-4.175311739659534060e-01,-1.407412738770979921e+01,7.924634329580958203e-02
-9.093801441439046229e+00,2.476983727131754076e+00,-6.974728550343771261e+00,2.263344239675946667e+00
-3.036361095772898366e+00,8.284544915706463897e+00,2.713055333359200905e+00,7.305292834736635044e+00
2.628078130788339184e+00,1.225925972979436729e+01,8.704160215279202362e+00,1.138869958125549253e+01
3.428105977269859217e+00,1.009611064802122371e+01,6.583461030726275531e+00,9.874044301197852036e+00
-1.512118789490886517e+00,1.238980923460883954e+00,-2.697660092643152652e+00,1.832139426848580888e+00
-8.688225154026069319e+00,-1.055972961973781388e+01,-1.318069423966251286e+01,-7.687915111488149655e+00
-1.304272892278775586e+01,-1.958567093543336313e+01,-1.826286536052583998e+01,-1.167943804916708217e+01
-1.205464752271419293e+01,-2.168279193726517917e+01,-1.565076625174740776e+01,-7.659128822541864778e+00
-7.415813942652808244e+00,-1.674236224451807686e+01,-8.823703377471121101e+00,6.956609406438792886e-01
-3.104264115837242599e+00,-8.698578907774923152e+00,-3.894704483512255067e+00,7.862011912271134939e+00
-1.995622400660226337e+00,-2.944787696454279402e+00,-4.559225576450880446e+00,1.119469352750707891e+01
-3.775771597323403395e+00,-2.673729566602609076e+00,-9.132728353792153086e+00,1.204224452157768788e+01
-5.236512917321916483e+00,-6.652637663122231260e+00,-1.183292559241535180e+01,1.424812947962080223e+01
-2.539384075733631896e+00,-1.023567781347552419e+01,-7.334264805121659236e+00,2.166559725386332858e+01
5.769534599199817926e+00,-8.997022719418687586e+00,4.643536226962533320e+00,3.483011527080216041e+01
1.700637332500560817e+01,-2.152895815842829297e+00,1.816862644115301961e+01,4.877791604473435427e+01
2.565175302323535078e+01,6.924518723632773209e+00,2.465400660897670804e+01,5.563062159945791052e+01
2.709583001164797267e+01,1.329825233757145320e+01,1.888819970478261112e+01,5.100807568955802651e+01
2.066793264455531443e+01,1.381171314484364565e+01,2.997389168397420534e+00,3.755902449158807599e+01
9.475212745959789018e+00,8.615509231687994429e+00,-1.483102772011639203e+01,2.164034632975668870e+01
-2.054925181103898435e+00,3.802484919295079369e-01,-2.580653233006697889e+01,7.786822219465292072e+00
-1.022250898797583396e+01,-7.328009977738254577e+00,-2.582487718013473099e+01,-2.437701355471533216e+00
-1.265716356445565616e+01,-1.117883887802622134e+01,-1.685317876321134989e+01,-7.858503958136916268e+00
-8.634556320617766900e+00,-8.920539145880576726e+00,-4.371699763283480422e+00,-6.946591891154174192e+00
1.200902026953745427e-01,-6.622583659131970890e-01,6.098320894904949441e+00,-2.767957539192553162e-01
9.231096228063279341e+00,1.002864930143114996e+01,1.076279497048647471e+01,7.943862736888069875e+00
1.344223862540342296e+01,1.707852103547609701e+01,7.845926749722472948e+00,1.192117355252801580e+01
9.875439597556523452e+00,1.554070737473645814e+01,-1.898720026084386614e+00,7.899766950108865871e+00
4.537313437557899398e-01,5.514718389728468395e+00,-1.444561409973618282e+01,-3.371957719404886422e+00
-8.784499046010921575e+00,-7.302810671295628886e+00,-2.356389336072991014e+01,-1.630797201277937702e+01
-1.167275359209199159e+01,-1.544845807624917988e+01,-2.456512402219360425e+01,-2.306444668949077581e+01
-6.603444105449205459e+00,-1.484438046785354892e+01,-1.808845513573955444e+01,-1.902950662049178376e+01
1.937573207342719650e+00,-7.079720848213027828e+00,-9.976043447188139623e+00,-7.303462031631119622e+00
6.750816436512596219e+00,2.576901502074816719e+00,-6.516641090191251706e+00,3.325046985572386316e+00
3.665226918917705135e+00,9.265072516363995092e+00,-9.034828653054264080e+00,6.244428829012320215e+00
-5.321326564806427406e+00,1.136541507898119363e+01,-1.294674657485537494e+01,2.684718238629926645e+00
-1.410176018976113710e+01,1.021371090078485544e+01,-1.243787523186770727e+01,-7.055872641862582784e-01
-1.745573984052044025e+01,7.490282944207501181e+00,-6.444791585999527506e+00,1.263825663489743123e+00
-1.446622580006537007e+01,3.066452272104538412e+00,-3.802584469187772487e-02,8.679558522564537526e+00
-8.057193424509870638e+00,-4.326089780972270482e+00,4.613947557991331383e-01,1.816375331322789677e+01
-1.958689532680063072e+00,-1.420547529518110785e+01,-5.896415352660943299e+00,2.605557497892818830e+01
2.106155446245809415e+00,-2.257535178901764539e+01,-1.283667709546432789e+01,3.040565861239215906e+01
5.053273504964096219e+00,-2.388576368124819993e+01,-1.190107710398924823e+01,3.189210646733474164e+01
8.601797944035036281e+00,-1.551480056809353059e+01,-2.698100518860480079e-02,3.308801338308464324e+01
1.254687645642300531e+01,-7.239117195715406572e-01,1.706892664688273697e+01,3.525463541165937897e+01
1.393688285027056040e+01,1.285904130222712460e+01,2.871144601036185051e+01,3.556661220105497279e+01
9.601099022003719341e+00,1.828351375866291306e+01,2.711377576566301428e+01,2.925824005112793103e+01
-2.269047933125508121e-01,1.388431808993827410e+01,1.287860896389501697e+01,1.534043901636162310e+01
-1.126791410782457703e+01,3.928034240645507325e+00,-5.931616308967875284e+00,-1.192687158452375495e+00
-1.853142657126563009e+01,-4.889876308122811821e+00,-1.981432710026897226e+01,-1.374914171562808285e+01
-2.010387390347515790e+01,-8.045751520517095301e+00,-2.386452517419392194e+01,-1.958262731024750636e+01
-1.769261648921114372e+01,-5.407501436852908405e+00,-1.957460160136047733e+01,-2.022954567732329423e+01
-1.425049135104427656e+01,1.122658316055501898e-02,-1.209052478506634465e+01,-1.837301531977691837e+01
-1.173144725505279773e+01,5.039049718608631601e+00,-5.976673576156720458e+00,-1.611112742868954584e+01
-1.070131560400847093e+01,8.471679866604771902e+00,-2.831575058070117112e+00,-1.524214694040646378e+01
-1.106312222400449308e+01,1.106304781550673155e+01,-1.781041303055876712e+00,-1.685885512416916754e+01
-1.268539762719754016e+01,1.408366014610350092e+01,-1.381034222122572208e+00,-2.034773387187821925e+01
-1.555941317042647754e+01,1.802597035148949800e+01,-8.832637675856040982e-01,-2.415804399072779063e+01
-1.950386326273016735e+01,2.241187999072484160e+01,-1.753247545542812869e-01,-2.763904703785299688e+01
-2.366393832942042152e+01,2.644049419516344912e+01,7.586284030432224323e-01,-3.089691740934438258e+01
-2.665374067132215430e+01,2.956446655248699784e+01,1.860625351392849902e+00,-3.309687519448474546e+01
-2.792702673865291629e+01,3.146518983823816384e+01,2.569150690420217931e+00,-3.286334484969264480e+01
-2.918730611617158388e+01,3.181035762001720713e+01,1.847916420771560153e+00,-3.094458885969959638e+01
-3.368616855779634278e+01,3.051930933501876098e+01,-8.214957720475919434e-01,-3.068660998863020950e+01
-4.332601555488424339e+01,2.843825698910569599e+01,-4.264193905736354928e+00,-3.461158361386571158e+01
-5.643914252051214930e+01,2.732200184306441315e+01,-5.729592633450421246e+00,-4.160793214119267702e+01
-6.875966589749700120e+01,2.847583504558799916e+01,-2.791309739543086366e+00,-4.855278529533877219e+01
-7.651495895726691288e+01,3.116409821114806888e+01,4.369747813102841327e+00,-5.355012170200932076e+01
-7.840582134246174917e+01,3.268310658878396424e+01,1.240434422289615135e+01,-5.620587857359279838e+01
-7.504936864214752745e+01,3.050445433163341136e+01,1.669958133428370317e+01,-5.575696727098011252e+01
-6.732724209463675891e+01,2.470708814153458377e+01,1.446077083577297806e+01,-5.086280639610124865e+01
-5.556381578558541179e+01,1.846408642329531702e+01,6.797405041003874437e+00,-4.111758451750925047e+01
-4.007464546378505332e+01,1.598516850077419704e+01,-1.709500386726199084e+00,-2.747612788462804900e+01
-2.250353864647368241e+01,1.937424029541325865e+01,-5.927449845779148241e+00,-1.164803467583855934e+01
-6.764995143588622639e+00,2.673104543376711817e+01,-3.812855845744978822e+00,3.334570437105038199e+00
1.911026538267346808e+00,3.306367341205947241e+01,1.916909879462214139e+00,1.248828692361463411e+01
2.067921934919658422e-01,3.363535922951031409e+01,5.707069491215889023e+00,1.150001742493781265e+01
-1.009143762629936880e+01,2.735049217971431545e+01,3.445700584603227146e+00,1.238536958488723139e+00
-2.238701179162839594e+01,1.737000970098535291e+01,-4.406855466061211146e+00,-1.174238250134725448e+01
-2.958721147177305966e+01,8.314042572840078194e+00,-1.349359264358626831e+01,-2.041328145775012715e+01
-2.875632933189714890e+01,2.579777840789704069e+00,-1.924890553017354122e+01,-2.237443970977447094e+01
-2.205730797585022884e+01,-8.200175555700961461e-01,-2.018301794460746024e+01,-1.960111868550563230e+01
-1.381441534872076637e+01,-4.078839604531704133e+00,-1.805916939176924174e+01,-1.488882898791938558e+01
-6.893570375108034831e+00,-7.601137881213362313e+00,-1.531642396605435685e+01,-9.805974813111872024e+00
-1.275695697503824055e+00,-9.338305854021042407e+00,-1.249557272426018706e+01,-4.741470480260832510e+00
4.687304536574167457e+00,-7.083228492317338976e+00,-8.200808945125817928e+00,9.070756906091931304e-01
1.174923678880904809e+01,-1.359113113546024598e+00,-1.615513281801643775e+00,8.057780200251071889e+00
1.821355142424809159e+01,4.001468439594167315e+00,5.061512802092789087e+00,1.591133423094199628e+01
2.100773542140220940e+01,4.195295571971839443e+00,7.182403908794138481e+00,2.105002714142343478e+01
1.868333271786806904e+01,-3.312220200255988622e+00,1.379497529641272591e+00,2.028122115420742588e+01
1.331718061962119215e+01,-1.702123221024521982e+01,-1.081230770326787471e+01,1.445129500230695641e+01
9.142061913600549872e+00,-3.187102151035449182e+01,-2.319074542269230577e+01,8.133695282390091208e+00
9.356200725476492508e+00,-4.140126493156903109e+01,-2.928275117312875864e+01,5.597242747682856567e+00
1.447379379099347219e+01,-4.079242109152664142e+01,-2.707156697097436293e+01,8.409565379548418207e+00
2.330952288408472839e+01,-2.963573912063305116e+01,-1.976687075964551354e+01,1.661159163511196368e+01
3.448311927879037597e+01,-1.267054717025873956e+01,-1.223116730712573919e+01,2.970201411461605190e+01
4.644401363999808297e+01,2.610688904783348807e+00,-6.878143607088265554e+00,4.518292972406542418e+01
5.669206920931115690e+01,1.021319513625661379e+01,-2.944485895547471532e+00,5.786869636673426953e+01
6.201724663215306066e+01,8.647638007695487516e+00,8.451388616534667442e-01,6.268576727095468470e+01
6.000365820576837450e+01,6.419463392706803440e-01,3.684730435977177976e+00,5.810896294535388051e+01
5.049447122005525301e+01,-9.487777855369046165e+00,3.157422265825287511e+00,4.634807128540966659e+01
3.604653785206192396e+01,-1.816337299338375644e+01,-1.789712615171188848e+00,3.132490347821163112e+01
2.125368333207930505e+01,-2.315564875304352199e+01,-8.680766638552055880e+00,1.757616420072426777e+01
1.091732122505623970e+01,-2.329304936209276633e+01,-1.273234337536903205e+01,9.557612433444996114e+00
7.454614783967848268e+00,-1.861144203224685612e+01,-1.072073618098553816e+01,9.205115463251383190e+00
9.232561893110970530e+00,-1.099857004702321284e+01,-4.128255084326839963e+00,1.367416475742708748e+01
1.169502997013426793e+01,-4.216633051205728400e+00,1.376595568683419035e+00,1.723318595035151191e+01
1.082900979953815934e+01,-2.435672172632459720e+00,1.007238844262796085e-01,1.625481861678615303e+01
6.049951415769073471e+00,-7.704415126959604621e+00,-8.941298628060950549e+00,1.166644089445944310e+01
1.494051427999170956e-01,-1.797994700300700899e+01,-2.054738695449144714e+01,6.719567959115456901e+00
-3.141748182909730680e+00,-2.745877766925210040e+01,-2.660670808044903879e+01,3.988185714535819049e+00
-1.680117708973928536e+00,-2.965896747549650314e+01,-2.184505809306763879e+01,4.811829177909083377e+00
3.996510142569523527e+00,-2.162912356008223114e+01,-7.665592029301855348e+00,9.481596145881692195e+00
1.118237962400449703e+01,-6.348486335842478567e+00,8.715735355822472386e+00,1.633810588341290071e+01
1.676889380439208921e+01,8.728058349505822378e+00,1.894017313618228471e+01,2.191000202837988553e+01
1.934324408550714125e+01,1.618048513594149185e+01,1.853764986899141576e+01,2.377438712019108635e+01
1.993456428905888345e+01,1.292627382082272547e+01,9.127209642806501932e+00,2.290603739220228263e+01
2.052221928004149376e+01,1.372868761512421987e+00,-3.214273641347569210e+00,2.199588706274494498e+01
2.185998956386319492e+01,-1.270732167304678306e+01,-1.201650679897776897e+01,2.210745069369439975e+01
2.302747416576214334e+01,-2.333965791887249708e+01,-1.423498054662959156e+01,2.236084195165836874e+01
2.279689371119393826e+01,-2.656520503473787542e+01,-1.153088201077974162e+01,2.208194016578953267e+01
2.072630933392654384e+01,-2.147179819886167706e+01,-8.384981955503077344e+00,2.119902636154125730e+01
1.700064286712649775e+01,-1.047706648414777320e+01,-8.391991207132805997e+00,1.876276928292099555e+01
1.219608829295080099e+01,1.413748938679866285e+00,-1.134298394941148835e+01,1.348115132183350084e+01
7.717888515303644503e+00,8.866598417796195619e+00,-1.336127023606872122e+01,6.531288615815098453e+00
5.794276027661918960e+00,9.238719736120557968e+00,-1.016916758799478870e+01,2.066486228204168718e+00
8.087306100217137583e+00,4.304700503355215702e+00,-9.395954041199036100e-01,3.654517874441733927e+00
1.395139039640040046e+01,-9.284052624755390060e-01,1.044097562528761181e+01,1.087116381274359789e+01
2.004336896218772068e+01,-1.810576420522596486e+00,1.772119870745833481e+01,1.969961324468967589e+01
2.173403986774184204e+01,2.482360345370712817e+00,1.639628649069664945e+01,2.507448796130202240e+01
1.558556096500815791e+01,8.249859849115518173e+00,6.657366648760874916e+00,2.286249351312174127e+01
1.736657122490916638e+00,9.961987837715453153e+00,-6.678176992392145017e+00,1.170940640852072967e+01
-1.535956066013375221e+01,4.371835053014669015e+00,-1.715230301279857272e+01,-4.995338075876783357e+00
-2.907546793600228341e+01,-6.976250058515158337e+00,-2.064971842295337012e+01,-1.995221510777279050e+01
-3.465851017373996257e+01,-1.858125963873455433e+01,-1.763281570093904449e+01,-2.691769417770210993e+01
-3.194315963757231103e+01,-2.447795498750434362e+01,-1.199637207821173490e+01,-2.520260923365652772e+01
-2.437189660399917912e+01,-2.194723377463382619e+01,-7.585177585466309935e+00,-1.856812601673360419e+01
-1.561931468241261811e+01,-1.293450132960219534e+01,-5.315714121374943701e+00,-1.046737556680530368e+01
-7.241303656407136025e+00,-2.279293715313670088e+00,-3.113359488474318315e+00,-1.873085107560595430e+00
9.457473655077761610e-01,5.758296827719567190e+00,1.596142925991533401e+00,6.800223011132044526e+00
9.025031281417316364e+00,9.815010799490872628e+00,8.990666449139714800e+00,1.390342201515919740e+01
1.579150032129702730e+01,1.084283470660548510e+01,1.583966701062167814e+01,1.739446365900399627e+01
1.913424705925884339e+01,9.745794486603044149e+00,1.737512820054246632e+01,1.619214049907465025e+01
1.762925578844077990e+01,6.066989653926659898e+00,1.099378612627115537e+01,1.038756690645844749e+01
1.218552589412758280e+01,-8.268322302557972181e-01,-1.034934185546872776e+00,1.642794170055612790e+00
6.170671445457560189e+00,-9.584872765871580214e+00,-1.245460931376127967e+01,-6.118176148840459128e+00
3.313202902906398073e+00,-1.644855726260816198e+01,-1.722215082311719314e+01,-8.361979207581361706e+00
4.922286897519291493e+00,-1.743831269445178123e+01,-1.358976867686866541e+01,-3.959043850157566435e+00
9.111247848741397704e+00,-1.130746193437902214e+01,-4.682115031368978109e+00,3.253960722747723633e+00
1.276478616938111266e+01,-6.736027239307590397e-01,4.412436942124426054e+00,8.214056806585034565e+00
1.402922798399026583e+01,9.539090803305199984e+00,1.002399129306441239e+01,9.361607002676368694e+00
1.290171194466203985e+01,1.495664248877082336e+01,1.120120274706758856e+01,8.702487030641059107e+00
1.010881504791734997e+01,1.381641552833659148e+01,9.002845937970711532e+00,8.262387454427596367e+00
6.189390432927109664e+00,7.252940192210125758e+00,5.312153444962510740e+00,8.237556938815060903e+00
1.556969001497818361e+00,-1.709398246863761406e+00,1.980444825418131272e+00,8.069994454282040763e+00
-3.346267605357839070e+00,-9.558201622970379674e+00,7.183214039991379918e-02,7.152435137263366549e+00
-8.305330675684340136e+00,-1.361480930302168169e+01,-7.723514649720163439e-01,4.193963911873859196e+00
-1.323888456986884954e+01,-1.297760902203029687e+01,-2.074483063868484134e+00,-2.019261540883945383e+00
-1.740623488827000998e+01,-8.604261985123420331e+00,-4.999727181998014025e+00,-1.014609215219437033e+01
-1.905020021552882170e+01,-2.375018246653016529e+00,-8.725836857301374039e+00,-1.598058153912624846e+01
-1.647287171691462859e+01,4.120317250439834211e+00,-1.056027800326039490e+01,-1.593204022450575863e+01
-9.689942695495739500e+00,1.000269606139689138e+01,-8.260557533870509062e+00,-1.025683461419474085e+01
-9.643172884127477751e-01,1.455249256854020601e+01,-2.667183671643410303e+00,-2.337563591384412831e+00
6.289491114177982567e+00,1.666123337583205100e+01,2.081282019610442013e+00,4.136227997389505084e+00
9.403633423278041192e+00,1.527726069654327112e+01,1.635250918864276981e+00,6.685477354275169759e+00
8.079640681516240264e+00,1.059775914372540839e+01,-4.467773506986281618e+00,4.567789410344375689e+00
4.720029143557280982e+00,4.629788167677271638e+00,-1.154964264988201350e+01,-3.314819720545983950e-01
2.768633516290573304e+00,1.086767479835921701e-01,-1.320083424414533546e+01,-4.037800872023775689e+00
3.909514846534687393e+00,-1.551571448220493199e+00,-6.854459417210736483e+00,-3.987963383849276511e+00
6.671342007478252789e+00,-1.348669835983454801e+00,3.456545691954443722e+00,-1.950424074762020954e+00
8.065403485830751507e+00,-1.581835977780194469e+00,9.959957850369333343e+00,-1.943275716569324407e+00
6.634486782718338027e+00,-3.409108824902844059e+00,7.413400157930085221e+00,-5.304321153287675727e+00
3.707606857288348490e+00,-5.379193204761671510e+00,-2.524005428867633682e+00,-9.286875327615376818e+00
1.807404206858556073e+00,-4.525493109482020770e+00,-1.254371192525930567e+01,-1.053594527556564842e+01
2.130497202063700080e+00,7.040906469754032448e-01,-1.556124663357218019e+01,-8.403276829236995482e+00
3.386089729567600237e+00,8.292527736807995709e+00,-1.031571304462598171e+01,-4.709066872629863454e+00
2.603318738283462608e+00,1.354177174818944351e+01,-1.967615465034524114e+00,-2.058523707809443160e+00
-2.766755142658464006e+00,1.262946225945806056e+01,2.730159270341883104e+00,-2.971991084354113077e+00
-1.264280110080206754e+01,5.717979760040072357e+00,1.248063224231505730e+00,-8.637417947348481562e+00
-2.361428046685654536e+01,-3.373786157157041998e+00,-3.192476237668530281e+00,-1.689722595559948459e+01
-3.083011279811846350e+01,-1.051879338795170149e+01,-5.411882680812887259e+00,-2.263642514644962844e+01
-3.129184880145890091e+01,-1.408417206514722331e+01,-3.283681191399042021e+00,-2.197255482813701377e+01
-2.559020021407863865e+01,-1.451673873675047410e+01,8.993192805508198884e-01,-1.580908874849890999e+01
-1.660732450807278227e+01,-1.204037812931732354e+01,3.410515328127773138e+00,-8.272478490587545252e+00
-7.073654099274254925e+00,-5.953596538959322615e+00,2.765696872338116119e+00,-2.477815626683662842e+00
1.264189464087030590e+00,3.407854489126609820e+00,4.029366925166158464e-01,7.477883075251692269e-01
6.825843449062386270e+00,1.285656906198388505e+01,-1.558462002663181467e+00,9.592064873932041325e-01
7.979398181812185520e+00,1.773807394201957166e+01,-2.446737119687927287e+00,-2.481048823346141852e+00
4.328228832583137731e+00,1.567820074790946450e+01,-2.954845853541147260e+00,-8.595878662606386555e+00
-2.253983561927171309e+00,8.686512891553579863e+00,-3.764137446771369522e+00,-1.446507307808705001e+01
-8.504746850499572020e+00,1.198148159373509714e+00,-4.927153111219385373e+00,-1.781358588647425734e+01
-1.175959601813732647e+01,-3.858423986110620429e+00,-6.358537225540858984e+00,-1.872480540769155155e+01
-1.113901412155012416e+01,-6.818211199799977251e+00,-8.103074014944777304e+00,-1.806434739251743693e+01
-7.423853660285043787e+00,-9.352179395020314701e+00,-9.748983425651450929e+00,-1.569088649772992028e+01
-2.360407199407020595e+00,-1.140801333184060162e+01,-1.008437906503269765e+01,-1.140426322870446718e+01
2.217606670948557124e+00,-1.054645658362021976e+01,-8.053421485513961642e+00,-6.346339953647965437e+00
5.377981609540238850e+00,-4.439098023112467040e+00,-4.173733333355558628e+00,-1.843276448779052501e+00
7.441564638769839313e+00,5.989391766430177455e+00,-5.802221745037859923e-01,2.292450843863113707e+00
8.987173063092429359e+00,1.591784141226576388e+01,6.440733450483372424e-01,6.534413563978782591e+00
9.432632926612146917e+00,1.938484569637602917e+01,-8.693514020497917771e-01,9.156419374782084120e+00
7.108991228009866603e+00,1.349946309707722847e+01,-3.725364192120769857e+00,6.954706553648101419e+00
1.175744061062928614e+00,9.658224684087606260e-01,-5.984258809493918640e+00,-1.057002779786031077e+00
-6.632882458508022161e+00,-1.115490651994046445e+01,-6.230058950567596732e+00,-1.182492451092287311e+01
-1.251127499857829584e+01,-1.598780555862966679e+01,-3.950280323772227931e+00,-2.045617875079511450e+01
-1.315096046693773424e+01,-1.170112701483474460e+01,2.580439754234415406e-01,-2.349584941687643536e+01
-8.242704997569399339e+00,-2.954850442800774690e+00,4.510507360622921347e+00,-2.043918190521746325e+01
-8.372395946578052861e-01,2.612070087827883302e+00,6.218774649719156500e+00,-1.372648385453423714e+01
4.946075015225458671e+00,5.227017228563852758e-01,3.800710271760904035e+00,-7.550112259245590707e+00
7.339326172986358365e+00,-6.574935645001510842e+00,-1.612361632777569165e+00,-4.758182837170289226e+00
8.530851467686849432e+00,-1.065041621978610387e+01,-6.344513932153076574e+00,-3.760782991905123218e+00
1.239060070862221963e+01,-4.897367019185685955e+00,-6.820160665954627888e+00,1.058228618183865988e-01
1.988589536479220854e+01,9.876195775751769546e+00,-2.851573490925520371e+00,8.644173233200239892e+00
2.688259885760849599e+01,2.470472060762339694e+01,1.526571924459719787e+00,1.715944589478626980e+01
2.731266476061958670e+01,2.901539972696631864e+01,1.110856472141669382e+00,1.847022569274613346e+01
1.900022770512608972e+01,1.917637689263352030e+01,-5.758558415736295011e+00,1.033402356867619076e+01
6.229269513864553076e+00,1.520531912701024613e+00,-1.518137014451189515e+01,-2.289472114847475037e+00
-3.543859184302596610e+00,-1.300414901393881983e+01,-2.058110328136715950e+01,-1.188259957743685469e+01
-5.506652625089781594e+00,-1.764626849610878168e+01,-1.801797094455796255e+01,-1.397844898139287650e+01
-6.271689092149359546e-01,-1.417567510882706294e+01,-9.147724414916716285e+00,-9.004900182722847646e+00
5.923946797812002174e+00,-9.429329080442897748e+00,5.215943508244637039e-01,-1.007137999020070396e+00
9.156618536860889890e+00,-8.094804248853389339e+00,6.084550972409278558e+00,4.998514099960877033e+00
7.963714639131317163e+00,-8.632028244281030993e+00,6.516041396303299926e+00,6.508433004902214769e+00
5.403040757664100191e+00,-5.692829230566895937e+00,4.522559912014548544e+00,5.649197880781185788e+00
5.296796770290482570e+00,3.725064208365666207e+00,3.687021790002287691e+00,6.702859709633263385e+00
8.119316733750013171e+00,1.637637325881166106e+01,5.450985279155316832e+00,1.063393109045697926e+01
1.022858457513198083e+01,2.479471164317077481e+01,8.206636657010703217e+00,1.317535405591252307e+01
7.362495496253062655e+00,2.332169166147600237e+01,8.907998139857486564e+00,9.306378467750528571e+00
-1.125418498932499345e+00,1.260176195748789851e+01,5.642275424653321991e+00,-1.301004437319520868e+00
-1.136949804432447841e+01,-1.235364670737610027e+00,-8.970842659956148601e-01,-1.405786413755528130e+01
-1.774034242627619307e+01,-1.134045896893131378e+01,-7.861680979703835170e+00,-2.334497313152888864e+01
-1.635499184077914592e+01,-1.427574250536548384e+01,-1.189214941964049821e+01,-2.546676964839873492e+01
-7.055374969049842626e+00,-1.060167694809048378e+01,-1.083082403055087006e+01,-1.951663048830468483e+01
6.372664583470335486e+00,-3.075982021207809503e+00,-4.960518096802383425e+00,-8.217894176265318151e+00
1.754768995273665055e+01,4.823896738005787554e+00,2.594582236570801115e+00,1.988221211468210958e+00
2.056286320336694828e+01,9.539683794469677736e+00,7.091409073058239976e+00,4.379114650850178592e+00
1.371130063853097880e+01,8.744086828854243265e+00,5.211592588681797089e+00,-2.645398133636660987e+00
1.068325761350727543e+00,3.355872475665810928e+00,-2.011816624886773042e+00,-1.392636144389061847e+01
-9.977067760301517652e+00,-2.275506597888739879e+00,-9.401549158999092271e+00,-2.180923143724316660e+01
-1.370612085535213076e+01,-3.569647480244046100e+00,-1.153561262679152932e+01,-2.179189867956180038e+01
-9.734032254672868589e+00,1.819302287242868243e-01,-6.996711910039141280e+00,-1.465651459665228984e+01
-2.676705594254515930e+00,5.064322025105422398e+00,9.975940424953565477e-01,-4.974069187360325550e+00
1.717356911954505128e+00,6.215983795565456660e+00,7.883877536628058458e+00,1.938045280933200054e+00
9.454400764377163258e-01,2.392363122058022373e+00,1.142949627931115941e+01,3.495213817483559193e+00
-2.879321881883958323e+00,-3.043808589896655370e+00,1.235585133780844913e+01,1.840260958746038567e+00
-5.875601076524572974e+00,-5.494530181720088002e+00,1.197883641250007081e+01,1.441291096524854209e+00
-6.647810145836801965e+00,-3.332525699330285196e+00,9.933384799208864635e+00,3.559497769829884639e+00
-7.392802949069209539e+00,1.125242939812508558e+00,4.562560059371776333e+00,4.191394851531550891e+00
-1.068968464429088172e+01,4.380539192233449342e+00,-4.603986377003616681e+00,-1.031488407338818858e+00
-1.588582494502498221e+01,5.063003304999227794e+00,-1.519157785615807121e+01,-1.081644468322008734e+01
-1.934317564923052757e+01,4.554050271549921369e+00,-2.311014275211518409e+01,-1.885369397199009711e+01
-1.793323975892993261e+01,4.873996946422376020e+00,-2.540520364666360109e+01,-2.000552206537873090e+01
-1.159787999562523986e+01,6.474252373848801589e+00,-2.207661164579546664e+01,-1.419926774537444558e+01
-2.837642615773431576e+00,8.108578967300099194e+00,-1.549266999256656696e+01,-4.884480370051400122e+00
5.057003500301054721e+00,8.340074349707212065e+00,-8.554216972790005258e+00,3.660032558193509367e+00
8.924724639780432511e+00,6.662260661274276963e+00,-3.436584170317698916e+00,7.027680928699527207e+00
6.344200543756415733e+00,3.261043515282692429e+00,-1.277290840417609097e+00,1.780495753095247435e+00
-2.855176082919091307e+00,-1.634742784836071827e+00,-2.023676225516056082e+00,-1.145182241522207711e+01
-1.527218954934267892e+01,-7.642936989300528339e+00,-4.272702801844395992e+00,-2.659303187277832592e+01
-2.503740213965587458e+01,-1.360554547144831616e+01,-5.836777325602525934e+00,-3.574810746355959168e+01
-2.729464592022394953e+01,-1.756559909983511147e+01,-5.133338747529849755e+00,-3.469765048095715798e+01
-2.131523616682078170e+01,-1.772373923946267382e+01,-2.180766181166590378e+00,-2.488234087615207102e+01
-1.075767323487454519e+01,-1.359121398369919298e+01,1.848832394922826472e+00,-1.136346465887518242e+01
-1.027311073366115934e+00,-6.330864670297693841e+00,5.908335356317998333e+00,1.277424040608441391e-01
4.294294553319522478e+00,1.935421411821789839e+00,9.622529035206138559e+00,5.726487888717919361e+00
5.390459446904157126e+00,9.132075790716879027e+00,1.254970337379721457e+01,5.556349867993323421e+00
4.918075841551104332e+00,1.365100979134216352e+01,1.331511016800983604e+01,3.433161208161720435e+00
4.523293641047800406e+00,1.413758076228030802e+01,1.014948782717030795e+01,2.804692780361570215e+00
2.740473970942413295e+00,9.564535008248650882e+00,2.877774788236219461e+00,2.861175785728893306e+00
-3.099004303255411319e+00,2.582264409704390085e-01,-5.521858035350048155e+00,1.677462321719211114e-01
-1.282093372296555778e+01,-1.100219401191106350e+01,-9.953085163403658342e+00,-5.811973754082043087e+00
-2.201625199748494310e+01,-1.964660040829728516e+01,-6.852751144981143128e+00,-1.077212658595260741e+01
-2.533602231206942790e+01,-2.220524923191264932e+01,2.419068271017053462e+00,-1.000675400907445045e+01
-2.115729573076604453e+01,-1.920825574126571667e+01,1.190877337303377992e+01,-3.442557803050925180e+00
-1.288871374149566584e+01,-1.500906895516426154e+01,1.551274219988631309e+01,4.595106535580087304e+00
-5.976188272692096959e+00,-1.401848983502242696e+01,1.184222158378946155e+01,9.390175921484420485e+00
-3.692907114877199248e+00,-1.653370857876199196e+01,5.074564898510520727e+00,8.814430248676783819e+00
-5.104557020962467995e+00,-1.820239487623495833e+01,1.050493444685460354e+00,3.984421597243322566e+00
-6.310387043342194247e+00,-1.397396356414733098e+01,2.265067725221204142e+00,-1.294423893297882433e+00
-3.811825744402017158e+00,-3.153165701191108727e+00,6.133121789989025352e+00,-2.728040141807392516e+00
2.481456730764678209e+00,9.027694603221901204e+00,7.657219959216499561e+00,6.947938030759626127e-01
9.052249075493152830e+00,1.493915827691873766e+01,3.784579762707787065e+00,5.051021515534769968e+00
1.165654097353287000e+01,1.042408895967347959e+01,-4.295548634774281282e+00,4.983602014179543183e+00
8.710526345957362082e+00,-1.703556612784709712e+00,-1.237342269380362758e+01,-1.004094183751777392e+00
2.309237592761531399e+00,-1.324875394249295901e+01,-1.628234684139020061e+01,-9.496954761797695710e+00
-3.382423199835085104e+00,-1.602735096261198322e+01,-1.414211357578585115e+01,-1.568543943782289674e+01
-4.574013397290609184e+00,-7.113548010662016807e+00,-6.714015165050199130e+00,-1.649348144298772212e+01
1.117422684037197300e-01,9.460601367158929520e+00,3.365096970654170683e+00,-1.111663340763209007e+01
8.332185149686537784e+00,2.515453537131752171e+01,1.254141537026585596e+01,-1.365442550194621685e+00
1.444921369099287212e+01,3.157194019754392400e+01,1.741919879163066298e+01,7.644406596439501378e+00
1.280772479619256110e+01,2.472379314156531649e+01,1.610317721778585209e+01,9.689801298140780617e+00
2.356998920926890673e+00,7.102645017618902656e+00,9.322593061259995650e+00,2.779242937589507356e+00
-1.156093668651646311e+01,-1.329718733295652022e+01,4.000396751741663870e-01,-8.103757076896361156e+00
-2.071998826329797083e+01,-2.697913939438765141e+01,-6.376138174316442253e+00,-1.497931552484393336e+01
-2.015336972458020526e+01,-2.833882282947064724e+01,-8.250886786394842076e+00,-1.355394298795099850e+01
-1.156995022928060735e+01,-1.909897625317297809e+01,-5.736236728747731384e+00,-5.706133593534391757e+00
-1.386651380623700636e+00,-6.804440243479035644e+00,-2.130203294758186150e+00,3.289647592677737542e+00
4.528034832471604432e+00,1.082874725888413270e+00,-8.188730398380044129e-01,8.752760076432755554e+00
5.100789881539092185e+00,2.873690855899818875e+00,-2.244544407859292434e+00,9.196973744729607603e+00
4.174510892595176159e+00,3.098278045535616698e+00,-3.196673885257182324e+00,7.280843231579495090e+00
6.371130818691222331e+00,7.111194613901426820e+00,4.141602622680990997e-01,7.879139436852623746e+00
1.193243371632617666e+01,1.479209480609672234e+01,9.234910576102461022e+00,1.291505774592964784e+01
1.541443374582236636e+01,1.954940330285892003e+01,1.857495115513497197e+01,1.770945213351731340e+01
1.036163845036057118e+01,1.409752784360246913e+01,2.140200687759181264e+01,1.461550743610906267e+01
-3.911061863439722508e+00,-2.120895193273482970e+00,1.426022168588982275e+01,1.485636467374565894e+00
-2.027912247635546450e+01,-2.096688265046598687e+01,8.518142288501536763e-01,-1.475529161231177433e+01
-2.904782075680997622e+01,-3.128644069110850268e+01,-1.039675380507927294e+01,-2.405609648753592467e+01
-2.569871969320654159e+01,-2.736778779650146021e+01,-1.301179611860042229e+01,-2.203269907245318748e+01
-1.413765512221361575e+01,-1.291457788452193256e+01,-7.526700056646295600e+00,-1.259621388226614513e+01
-3.079454884325238062e+00,2.496088166038618716e+00,-4.135654339622744646e-01,-3.530811777630147308e+00
8.617784515033732884e-01,1.099332021289392358e+01,2.012028182686150579e+00,-5.229761932273635505e-01
-2.187167290317816981e+00,1.152848330749366390e+01,-9.446980468201745529e-01,-3.797609624071843548e+00
-6.288579571397633572e+00,8.672687122399910464e+00,-4.443609014094879406e+00,-8.408852059567516690e+00
-5.244454283877066914e+00,6.990714610117970906e+00,-3.334525917253813976e+00,-8.310151373695443766e+00
1.859392566601354213e+00,6.664421704247504685e+00,2.690254301628750788e+00,-2.093333470351253389e+00
9.976683780667883639e+00,4.372647905859309070e+00,8.845608090414961211e+00,5.065700070072510997e+00
1.284832183470636835e+01,-2.057991317305853052e+00,9.750723472761352539e+00,6.391195760478557197e+00
8.567021369705658529e+00,-1.041500326952356836e+01,4.163419915532052151e+00,5.270264842336662703e-01
8.762170910041029437e-01,-1.561633691753617548e+01,-4.147868615641988832e+00,-7.294470325327224280e+00
-4.286637613776838052e+00,-1.424650403200935500e+01,-9.549351354508969436e+00,-1.062944669236428119e+01
-3.340108758413921741e+00,-7.555661871152981490e+00,-8.716744684786167596e+00,-7.044137755321567163e+00
2.690105949229518512e+00,-2.777198400156030700e-01,-2.772126685660774026e+00,1.290830465421410445e+00
8.949133149027296952e+00,3.282008841943659938e+00,3.793305432155369417e+00,9.598339062156732382e+00
9.739359767017946368e+00,2.257917329169728315e+00,6.490127465987828970e+00,1.246135715392186682e+01
2.330300149440765800e+00,-1.027508048207338431e+00,4.123901712710886791e+00,6.527352320313044132e+00
-1.075361259988668472e+01,-3.877899886250637529e+00,-4.764293599453773287e-01,-6.310172801341378701e+00
-2.319902436319091166e+01,-5.749434064804416877e+00,-2.987854638424787268e+00,-1.918274981348512753e+01
-2.938587447178852585e+01,-8.061943188507141755e+00,-1.313834125186223334e+00,-2.549935624101134835e+01
-2.792734069046057854e+01,-1.157065993595338149e+01,2.802364184173900874e+00,-2.387878121164900946e+01
-2.123097975529296022e+01,-1.425137812584144470e+01,5.720337855728981680e+00,-1.725778040886390841e+01
-1.246177911540183558e+01,-1.247241436907249046e+01,5.440005925571209211e+00,-8.525162157921998940e+00
-3.662639988781471789e+00,-4.829882031663685460e+00,3.231332378107083958e+00,9.262664795131155815e-01
3.642339499706641170e+00,5.263855667536823546e+00,1.907762777373192664e+00,9.041035353900349847e+00
7.517880366838090467e+00,1.146895862641347996e+01,2.819962739857092782e+00,1.244081267656967782e+01
6.407539560672363521e+00,9.654671832508398666e+00,4.786377103678707279e+00,9.247366518639854149e+00
8.080763390277002634e-01,1.420920690837848221e+00,5.767684428397897634e+00,1.332342632278754824e+00
-6.367732599601476196e+00,-7.494147166725540821e+00,5.079315783282294383e+00,-7.123533398334211064e+00
-1.136154239012251388e+01,-1.221988186016581146e+01,3.754449713516230691e+00,-1.248374397593114082e+01
-1.174546429780454204e+01,-1.206956450585323104e+01,3.121660948497181121e+00,-1.287718775767865154e+01
-7.663636215100089188e+00,-9.292788485219929839e+00,3.525638526432027131e+00,-8.390745622778972290e+00
-1.532924227633412073e+00,-5.610148995608102318e+00,4.388814237639181215e+00,-1.484144540040988725e+00
3.502957566471192941e+00,-9.366437123054136560e-01,4.941445735434419895e+00,3.803706480793695999e+00
5.426194370717210447e+00,4.630124929603211648e+00,4.516132183399409250e+00,4.791223224731660402e+00
4.369366193390897379e+00,8.822105936118139979e+00,2.524676714420837076e+00,2.398608848537053362e+00
2.304271571738661706e+00,8.414635741111002432e+00,-1.033887432034697351e+00,-1.352934228217544110e-01
1.795779391373059752e+00,2.634566723367758101e+00,-4.702891172232096295e+00,-2.568460435705738343e-01
4.462266185868247526e+00,-5.246080741780009049e+00,-5.752817553234242709e+00,2.717899049571540271e+00
9.658447378680117268e+00,-1.027828119856441269e+01,-2.142529846561020523e+00,8.100767920786937637e+00
1.426113163434986397e+01,-9.920955165519323771e+00,5.265429426075936448e+00,1.379614749321322087e+01
1.452504462345580372e+01,-5.825317667910263175e+00,1.272242577181639867e+01,1.650249951065703158e+01
9.289393806435469969e+00,-1.922654467610068085e+00,1.634143081107395545e+01,1.431486745493964463e+01
1.552226678688201744e+00,-1.146083766583354313e+00,1.507729672291056389e+01,9.579913133383419321e+00
-3.890512560955341481e+00,-3.876797761886587868e+00,1.099151886027944691e+01,7.218096939597931971e+00
-4.892225775351257688e+00,-8.751066940835061203e+00,6.739173346324551339e+00,9.203655465407695857e+00
-3.752175026806981784e+00,-1.403246082540525919e+01,3.199411868740086540e+00,1.214194042687133290e+01
-4.216258904145518294e+00,-1.795530127253837449e+01,-2.596101881194907701e-01,1.149987799410159361e+01
-6.993338382247101137e+00,-1.850357505808737102e+01,-3.680409788695989448e+00,7.134732269568052843e+00
-8.800467785520126540e+00,-1.413302257718597232e+01,-5.505931500243769428e+00,3.305068629908388012e+00
-5.864764092294179498e+00,-5.532487701842647709e+00,-4.027118219437543445e+00,3.948867433771148683e+00
2.052717059940575073e+00,3.554790590096859937e+00,5.101224638079863150e-01,9.238920051411188439e+00
1.125064026482614210e+01,8.259774095616021938e+00,5.779568326710189829e+00,1.619378184553092126e+01
1.738856354018165007e+01,6.318200215152103283e+00,9.500705250420159231e+00,2.122173950439944434e+01
1.897741898529099913e+01,2.362503250003791799e-01,1.143988428015387449e+01,2.229948457440018217e+01
1.772840195873921587e+01,-4.588683940006578865e+00,1.301878665635161347e+01,2.007781909515176366e+01
1.576242023102707890e+01,-4.498516249068266859e+00,1.493294456710900064e+01,1.701794264385803856e+01
1.288984459401932980e+01,-7.037999882563010789e-01,1.547416047538891348e+01,1.452355012033483384e+01
7.125362799258436297e+00,2.162640349036107690e+00,1.167646870145205540e+01,1.121051805948467717e+01
-1.967217422857003850e+00,6.478064215032622863e-01,2.517143201413792220e+00,5.334269444969809371e+00
-1.102846000832070850e+01,-4.366793796248556347e+00,-8.868431190313067702e+00,-1.322805641421584522e+00
-1.489632098162399032e+01,-8.918960700183726331e+00,-1.640864285978802073e+01,-4.003674669464382774e+00
-1.121235547966167445e+01,-9.937533375986769002e+00,-1.522764767089898719e+01,-1.794984360394448752e-01
-2.734171408843661055e+00,-7.738385812963454846e+00,-5.384204941484206586e+00,7.381915779945545708e+00
5.170486360745564447e+00,-4.934812285063589599e+00,8.071100413624849423e+00,1.383856668073133100e+01
9.055545579169075765e+00,-3.525748301674052065e+00,1.885141053787952359e+01,1.723369864291203157e+01
9.314428460227437867e+00,-3.338546482068850629e+00,2.363895740726104577e+01,1.887713287916979965e+01
8.325823081267897052e+00,-3.009088752165987923e+00,2.318651329301036412e+01,2.002141839112621824e+01
7.721618965899682330e+00,-1.930923438778723966e+00,2.011910296130354325e+01,2.030087747514272323e+01
7.591756007185177957e+00,-9.623445628971663002e-01,1.628164509089233647e+01,1.928958126602656264e+01
7.406314011368288597e+00,-1.385301151954086318e+00,1.196918504587358534e+01,1.765932034954058594e+01
6.824359027714884007e+00,-3.486422317359828327e+00,6.734939214634271032e+00,1.623284112849086469e+01
5.706273852810096692e+00,-6.185093097643905580e+00,3.016953987361130629e-01,1.511836817349837858e+01
4.076220628201626006e+00,-7.707600345734798353e+00,-6.893245855915553832e+00,1.427262385087427887e+01
2.569584904573614548e+00,-6.364301212227091220e+00,-1.320367544644901514e+01,1.401053553790671558e+01
2.813399754888251003e+00,-1.027653357704964687e+00,-1.572849511186667648e+01,1.467936169015788117e+01
6.721378520985951788e+00,8.169343841212322488e+00,-1.170103992707506180e+01,1.660407102310376359e+01
1.445921630724021689e+01,1.871579030366845942e+01,-1.073139492185912092e+00,2.006897705337098969e+01
2.262174445321090843e+01,2.545366326770705356e+01,1.194752332231466418e+01,2.382965640003222774e+01
2.532327246643585639e+01,2.291445490011650676e+01,2.070702661799160893e+01,2.382846997903256536e+01
1.892972274225619955e+01,9.807902285517547725e+00,2.069507866997479439e+01,1.612087168363072820e+01
6.621719415865398695e+00,-8.086072276896688393e+00,1.309439073675057408e+01,2.721985127357152034e+00
-2.727195748714378976e+00,-2.050391045396932199e+01,3.693987580267565018e+00,-7.450771199348060314e+00
-1.852266462635620892e+00,-1.996535697412491572e+01,-2.136866136424944163e+00,-6.261558188242654310e+00
8.037893850314365096e+00,-7.755577467919822610e+00,-3.661097518444550669e+00,5.022988914546956174e+00
1.790597636802830195e+01,7.014312162845218523e+00,-4.227793211911882842e+00,1.639049454943125994e+01
1.862285058817479211e+01,1.474955468365696554e+01,-6.958597166486812924e+00,1.838455564207695048e+01
8.354359470489946204e+00,1.266292711148711803e+01,-1.132590511784766463e+01,9.808457275194509606e+00
-6.865297763162147682e+00,5.708169259223303982e+00,-1.391195964466694868e+01,-2.951179466897829951e+00
-1.885910323310610082e+01,8.744677797295101751e-01,-1.208148461818716157e+01,-1.210286620288230885e+01
-2.357206210379460032e+01,6.480958402905845350e-01,-6.535976471558311296e+00,-1.386682847053356404e+01
-2.281733418637473321e+01,1.783657041904997076e+00,-3.517522972673093884e-01,-1.011400509760576050e+01
-2.098653553250047565e+01,-7.396615119633970226e-02,4.076696711401489814e+00,-6.063204156751925034e+00
-2.029053710066632377e+01,-5.177186068663139018e+00,6.927641741035039935e+00,-5.322217044150009180e+00
-1.894513967026824730e+01,-9.310885560228845392e+00,1.004521190094162364e+01,-6.189547062197807925e+00
-1.383389226507487280e+01,-8.418037730925608031e+00,1.445087848809575348e+01,-3.615218607377771232e+00
-4.746192471504596888e+00,-3.270197934576766663e+00,1.872978306877198307e+01,4.557513931338426083e+00
4.463891513836371949e+00,6.631853496216338906e-01,1.979440921980577528e+01,1.444867068636997054e+01
9.224840173803682930e+00,-1.779953907759957543e+00,1.556879430826338151e+01,2.021429563510455907e+01
8.556452073425724336e+00,-1.018658640791137238e+01,7.487441685881668363e+00,2.018307113108268425e+01
5.780778978536504020e+00,-1.804059318208970453e+01,4.148815841684463379e-01,1.761260206850414534e+01
5.088162790479830555e+00,-1.779889530395969643e+01,-7.009407770032922702e-01,1.621098332001761122e+01
7.597007035243993123e+00,-7.393693112437432546e+00,4.781421941305331380e+00,1.659417894597742915e+01
1.055200239720179667e+01,7.515105534669246801e+00,1.166238727494725858e+01,1.683187824429549551e+01
1.005020393357876074e+01,1.766995889493929894e+01,1.242774741916097270e+01,1.482843129547326377e+01
4.754571662103480811e+00,1.728310845020703823e+01,3.656796358293832760e+00,1.011577968603733702e+01
-2.566015287942916778e+00,8.040297059204650765e+00,-1.017515405399402617e+01,4.735165456879075307e+00
-7.115667692377642517e+00,-3.107759623981799280e+00,-1.948004357303609524e+01,2.408837837778998736e+00
-6.135917428810322427e+00,-9.975987896418276435e+00,-1.711759825952522007e+01,5.215959813853697113e+00
-1.210185919431729928e+00,-1.154096682814192576e+01,-4.193904723010373203e+00,1.064328075154015707e+01
3.551434557001852177e+00,-1.118929747098288097e+01,1.109566977430273305e+01,1.352067869031393776e+01
5.624471284500017987e+00,-1.212377272292876462e+01,2.035907403323516718e+01,1.175818003666969602e+01
6.127391397755174829e+00,-1.356529101666560599e+01,2.127246802025188899e+01,8.837672541299809836e+00
7.793367248920240797e+00,-1.144691378575898355e+01,1.793872284359891722e+01,9.497446578970443198e+00
1.145475766283707486e+01,-2.949136293866297276e+00,1.590414623401290406e+01,1.405228826166549183e+01
1.505066088023892590e+01,9.604198606476979094e+00,1.703355720697717146e+01,1.834362120102382576e+01
1.586550173230097549e+01,1.950661840362601396e+01,1.863786187398914507e+01,1.844976309797272052e+01
1.306067408107247907e+01,2.058519319520305757e+01,1.656765053529668208e+01,1.384494156526720765e+01
7.912408408060378484e+00,1.179497957448510803e+01,8.734798656964319008e+00,6.526936556925659438e+00
2.343990181345345647e+00,-2.314408813349983163e+00,-3.437167978992441419e+00,-8.227941692836492349e-01
-2.082607485866713848e+00,-1.493370505041846563e+01,-1.544118749914236766e+01,-5.425499559450203790e+00
-4.033999764712980607e+00,-2.093538986471468988e+01,-2.124689116962333912e+01,-5.036151934772517436e+00
-2.264492443767425200e+00,-1.892278171808147036e+01,-1.621118142731914347e+01,6.805645520200815923e-01
3.634482387740006093e+00,-1.112404269054380634e+01,-7.842643735995277199e-01,9.803016977328855575e+00
1.216303168712376959e+01,-1.986252986017021271e+00,1.787660260135307766e+01,1.944862566501743828e+01
1.986790569072975643e+01,3.888013438079343853e+00,2.925584740642292303e+01,2.681993859317497098e+01
2.307856517306841582e+01,3.986019190966828774e+00,2.663359614995871283e+01,2.941706480964457526e+01
2.055248827550635582e+01,-7.132584435839950388e-01,1.252366381107123949e+01,2.621951059610940860e+01
1.468906884664463774e+01,-6.482405439022457472e+00,-2.800988139932548915e+00,1.953034695120891939e+01
9.645888893335962777e+00,-9.666764879409159406e+00,-9.235950670055993683e+00,1.398292753195667615e+01
7.802227110997877801e+00,-9.235860859113069310e+00,-4.729523174170186195e+00,1.217184996021796195e+01
8.201999548486769598e+00,-6.481813030415806587e+00,3.776350272006913755e+00,1.216511383297183713e+01
8.566645930895118610e+00,-2.333290423571362293e+00,7.129724747156231501e+00,1.067440518736936816e+01
8.266756623522946157e+00,4.219472580869601863e+00,2.265803569576887888e+00,7.717856586211501835e+00
8.689709113224017401e+00,1.425491483434616846e+01,-5.417430912195214887e+00,6.325431795321095230e+00
1.092808721296188423e+01,2.567366556813720635e+01,-7.486288446852118916e+00,8.058049232508007975e+00
1.388179502089175443e+01,3.286415758113630403e+01,-5.365863888182089703e-01,1.075057570471414436e+01
1.486241885272343310e+01,3.060595598290959174e+01,1.046283083318611595e+01,1.086988218695221775e+01
1.166378815503460054e+01,1.867849319363649840e+01,1.645065343476823827e+01,6.510570152849621373e+00
4.005724608157279931e+00,2.523099469713084186e+00,1.213041045205121193e+01,-2.120601747069078780e+00
-6.305568499487483436e+00,-1.070867924812698213e+01,3.332081342810999103e-01,-1.320611717533869722e+01
-1.598381656182466770e+01,-1.676586473693628676e+01,-1.062328516957296465e+01,-2.324263185007941956e+01
-2.138255966758108073e+01,-1.548681492493985523e+01,-1.368793313266770184e+01,-2.801054885381541837e+01
-2.009868838301187566e+01,-8.667622376195479816e+00,-7.992785034931279675e+00,-2.538675699475571435e+01
-1.238591343259847299e+01,1.905453981084185955e+00,1.513490089096999780e+00,-1.707935671330542604e+01
-1.382148214152853161e+00,1.394602311016194918e+01,8.392409835057739187e+00,-7.042681190245247969e+00
8.118741601501492156e+00,2.321846774928653545e+01,9.096067599406399751e+00,1.125641468586355609e+00
1.181104027123696554e+01,2.436766239098172449e+01,4.446820362422386985e+00,4.925965027497671400e+00
8.129685267048113673e+00,1.469807854874595243e+01,-1.964359255640294899e+00,3.046230154574669946e+00
-4.704819866872011480e-01,-2.282153919782834439e+00,-6.429887326099751554e+00,-3.106685726391983149e+00
-8.399671139010360221e+00,-1.747516324534235466e+01,-6.626177231717522709e+00,-8.472022735579074038e+00
-1.005071037688818691e+01,-2.153756727762196377e+01,-1.546221483455624046e+00,-7.216189718029098366e+00
-3.324026639574634068e+00,-1.136927403563657890e+01,8.674151737137091089e+00,2.375401838259503240e+00
8.849393246820874026e+00,7.099651313189810686e+00,2.183817191727525753e+01,1.619267872474290826e+01
2.000333699027905254e+01,2.226489802674224450e+01,3.278308562708425455e+01,2.724741660154019129e+01
2.385015469140374833e+01,2.453431218580794138e+01,3.492926732006090873e+01,2.991015766461937986e+01
1.830095826842946138e+01,1.310773069219843556e+01,2.463181211904183954e+01,2.269799189180654508e+01
7.274680772412209784e+00,-3.397673240178514131e+00,4.957719842873395955e+00,9.421583093765043770e+00
-1.687878052892086922e+00,-1.339992925606129148e+01,-1.519890014996830629e+01,-2.184721931004382167e+00
-3.065040397619405610e+00,-1.095629249056667120e+01,-2.673748022054877538e+01,-5.562382185823291358e+00
2.294456236984477648e+00,4.986619198379332873e-01,-2.608931933854747598e+01,-9.597887493262375891e-01
8.413921342958616378e+00,1.213195758501747079e+01,-1.634878759906008483e+01,4.852093488695449430e+00
1.007381858128070284e+01,1.746108939562931894e+01,-3.627503924473912456e+00,5.677856202697617150e+00
7.530436691288675988e+00,1.689482688717391312e+01,7.402964166909093535e+00,2.060914669791121590e+00
5.590556375995295646e+00,1.549097295908026517e+01,1.514096557968238699e+01,-4.211042436064242889e-01
8.531551702190888875e+00,1.672159751182438470e+01,1.971147923483816555e+01,2.149754786951923347e+00
1.604599175501151009e+01,1.848372949736426918e+01,2.101485568327561992e+01,8.385416009961753403e+00
2.345623431927333868e+01,1.524632230531156019e+01,1.818801665100242815e+01,1.357450337269843743e+01
2.528751625324796137e+01,4.330618149589959387e+00,1.072496118538638221e+01,1.339638229903548705e+01
1.925435267440112597e+01,-9.848590250904697641e+00,7.781042954764752495e-02,6.298197114764890081e+00
8.164114518307000523e+00,-1.817632713714279546e+01,-9.929233127023971761e+00,-5.226649499999468595e+00
-1.442238742432652376e+00,-1.414995519071308294e+01,-1.477679195238162002e+01,-1.497381688669057631e+01
-3.340098588830063164e+00,6.196101858714545552e-01,-1.205417804387972502e+01,-1.667682039843654351e+01
4.122532984362849540e+00,1.776954367834148130e+01,-3.115777927327711527e+00,-9.161110534878353917e+00
1.653341028741448682e+01,2.869405694657449857e+01,7.764228281000572274e+00,2.224890872661714258e+00
2.579822334232500936e+01,2.994559164678003782e+01,1.584193351255616911e+01,9.703503528966674452e+00
2.487345670537589370e+01,2.348084236036859807e+01,1.806381886796271274e+01,8.345602696611534199e+00
1.204653850793990166e+01,1.334062430693054679e+01,1.404198442569060035e+01,-1.854937006079247830e+00
-7.715318462352128925e+00,2.920422522855719905e+00,6.061810228968669279e+00,-1.668354445933772467e+01
-2.550816390069182660e+01,-5.398671607671968964e+00,-1.822268890104126182e+00,-2.936237283701429490e+01
-3.410330262171144966e+01,-9.840774934600650781e+00,-5.806530326912471729e+00,-3.373526109367936243e+01
-3.254908279375868574e+01,-9.809897455835155711e+00,-4.619406308816882856e+00,-2.865041717567393675e+01
-2.583732248896199124e+01,-6.809982534612352367e+00,-9.174693152392911222e-02,-1.920973918092368393e+01
-1.983470427001790171e+01,-3.836757367268536889e+00,4.805044898923895857e+00,-1.197619928773101172e+01
-1.642443538064825148e+01,-3.082084953618283052e+00,8.490945502598201244e+00,-8.830616973422987570e+00
-1.354317709142086201e+01,-4.187478934714310874e+00,1.109321424461391103e+01,-6.791244157685456528e+00
-9.261579808634229138e+00,-5.092078454648818919e+00,1.250956116622266379e+01,-3.405836799111864988e+00
-4.681615485234904561e+00,-4.665585711353141818e+00,1.123628378057930099e+01,-2.764756684612362791e-02
-2.431231784609089175e+00,-4.149892438172912534e+00,6.127071480476720566e+00,9.218973580039179216e-01
-3.062505486837377333e+00,-5.646734445532945124e+00,-7.985652424973815888e-01,-5.084509568941927848e-02
-3.767536737375379641e+00,-9.187885349477433294e+00,-4.461727656647948237e+00,2.986162789365728321e-01
-7.057719254986070112e-01,-1.163072592284198592e+01,-8.124677699984248491e-01,4.748816898433882550e+00
7.516851246079012228e+00,-8.914905463336584290e+00,8.769514874408931959e+00,1.348287035415405022e+01
1.821126404770786067e+01,1.463569483456658160e-01,1.745885526350760131e+01,2.383440680229479369e+01
2.598696157726753597e+01,1.207957213091236426e+01,1.800989918754088492e+01,3.088794169292600245e+01
2.632762157296546235e+01,2.085833533588868605e+01,8.599411716598281075e+00,2.975869138486183374e+01
1.896281936084493935e+01,2.224027272653525245e+01,-5.561305595363391419e+00,1.962836189515680019e+01
8.237710154397584361e+00,1.660980916726747836e+01,-1.612804131405416896e+01,5.560304813335254615e+00
-1.760078255248444246e-01,8.086039122438529958e+00,-1.767672272016020685e+01,-5.284918943440297667e+00
-3.356103535435485341e+00,1.147206430378692632e+00,-1.099794804576324481e+01,-9.516459951035963982e+00
-2.197293474356856624e+00,-2.049142354069889649e+00,-1.306913349238222777e+00,-8.756323322478836602e+00
1.038994398393894736e+00,-1.810548111393791126e+00,6.573851041391201022e+00,-5.689342549919436998e+00
5.473160647635650022e+00,6.115398373928838671e-01,1.162804981847216901e+01,-8.894321229086618041e-01
1.163420626831446647e+01,4.216677211386578250e+00,1.592109072659375357e+01,6.002071143065655257e+00
1.915323947496680290e+01,8.228880453228079261e+00,2.101130303080090655e+01,1.364306926071388659e+01
2.496174999458247967e+01,1.151467438694892742e+01,2.524824104691510485e+01,1.857487256523617702e+01
2.422012614505739592e+01,1.252814966824472087e+01,2.459039155513339381e+01,1.680356789814900154e+01
1.376932335451513190e+01,1.014060839780635526e+01,1.620708676341346788e+01,5.938535178243625978e+00
-4.381175519054761658e+00,4.775995876934826967e+00,1.610126779528894048e+00,-1.227586862384584521e+01
-2.268642197491296031e+01,-1.142534403217452699e+00,-1.348388405071060525e+01,-3.052552327108822894e+01
-3.205829932359071677e+01,-4.121406419825321521e+00,-2.250700981815392865e+01,-3.895319054439488582e+01
-2.779409129947116242e+01,-1.696611398783066882e+00,-2.201202866720486639e+01,-3.232340560438123589e+01
-1.286598614499370896e+01,5.563455079992978725e+00,-1.351113885777741430e+01,-1.480578433049204179e+01
4.110291021768742503e+00,1.385931264275157559e+01,-2.208289498317114852e+00,3.099531973547783092e+00
1.454650275363901812e+01,1.844105027281859321e+01,6.386183417725968425e+00,1.249773037519228858e+01
1.487419411420068549e+01,1.687557463462863083e+01,9.801420793210656512e+00,1.121570045923416359e+01
7.690690129235360217e+00,1.056531916627716505e+01,9.659036948492397912e+00,3.059418466870458708e+00
-9.757268379473436060e-01,3.228903278963020096e+00,9.564534994249143551e+00,-5.774543196483575613e+00
-5.971445369959001326e+00,-2.017839345238890303e+00,1.149401393159784668e+01,-1.018607937278410702e+01
-6.001716180806324630e+00,-4.188173020929803592e+00,1.392250159913433194e+01,-8.975011418377512484e+00
-3.383372112887000238e+00,-3.650411210196610412e+00,1.353185869704412170e+01,-5.517229171850973835e+00
-1.016559265359953557e+00,-6.909824881862262069e-01,8.824921680626584219e+00,-4.386061543817644903e+00
4.770633425476971112e-01,4.667712971131990685e+00,1.953900688236986261e+00,-6.391606474868037679e+00
2.534778503664766536e+00,1.160562447413659548e+01,-3.126480307272021086e+00,-8.013620872512577265e+00
5.811820805507113441e+00,1.781374155651621649e+01,-4.280797681477724659e+00,-6.381079975443723740e+00
8.347988080118348364e+00,2.033659418881692460e+01,-2.935978141219115933e+00,-3.312953855503128153e+00
7.224125568273213283e+00,1.741514294067543034e+01,-2.298821391842758022e+00,-3.063909220168466785e+00
1.932068438990039549e+00,9.803598443576383659e+00,-3.929846601443403031e+00,-7.074800185192874125e+00
-4.343689029706473193e+00,5.663448208563877095e-01,-6.082513962135778662e+00,-1.244358332720659277e+01
-6.892630882893998390e+00,-6.425457552326180100e+00,-5.460830818151828581e+00,-1.493671251827452195e+01
-3.030132573952446506e+00,-8.353288296545464675e+00,-7.873244873325484505e-01,-1.216993010599852809e+01
5.742654543202975859e+00,-4.728044449376457514e+00,5.251093033347174810e+00,-4.730628710179200169e+00
1.429998739740383940e+01,2.509093816056424675e+00,7.830459032227591543e+00,3.730853045802760448e+00
1.696173956275365668e+01,1.010539981183195835e+01,4.275536337214279392e+00,7.740043738029320330e+00
1.141655603109524186e+01,1.515509870302631157e+01,-3.124063930605334161e+00,3.784129458853626726e+00
6.390914078914283758e-01,1.626608121088644410e+01,-8.710138446907372156e+00,-6.005146850081474419e+00
-9.124695371187041104e+00,1.374537535676961930e+01,-8.295916605346663530e+00,-1.511805448446622080e+01
-1.281968068893895740e+01,9.189297883016321222e+00,-2.770814747357560837e+00,-1.835649414324184292e+01
-9.674096661509807404e+00,4.963750434880367379e+00,2.959688799958196892e+00,-1.555336617014978273e+01
-2.821834765393521849e+00,3.428630694987955252e+00,4.603667682983289211e+00,-9.891237274459324880e+00
3.199833742075865128e+00,5.667678349101417545e+00,2.188865157536811434e+00,-4.604125278853554271e+00
4.820249926852986810e+00,1.040416431087579774e+01,-5.355241087232155417e-01,-2.162573579668945367e+00
9.595177226265062531e-01,1.437164597758431661e+01,-9.836281962193435535e-02,-4.398022582456581731e+00
-6.364949679108643288e+00,1.438073474646699879e+01,3.256208170465355600e+00,-1.097075512306307665e+01
-1.311521183573904459e+01,9.589902668674152864e+00,5.747212827491162024e+00,-1.837357947413952886e+01
-1.598998112147720541e+01,2.161459351313099297e+00,3.435493772153109582e+00,-2.250978861681447185e+01
-1.458289647531393385e+01,-4.039150505176013262e+00,-4.185240575606420599e+00,-2.225063348073023306e+01
-1.066854048262371890e+01,-5.563798731676431686e+00,-1.322043291024430722e+01,-1.913624770123438168e+01
-5.705529829245435280e+00,-1.112723791681061947e+00,-1.776894298999222599e+01,-1.420815396110612383e+01
1.154415078430232333e-01,7.651837458826450167e+00,-1.408427955539458409e+01,-7.356327678812035309e+00
6.288186600417725813e+00,1.651320059355309056e+01,-3.587069284909917943e+00,4.537951126076800179e-04
1.057704045720983110e+01,2.061859489373980026e+01,7.678704500597006266e+00,3.985467207070349183e+00
1.025520420679886335e+01,1.733014190651259412e+01,1.304839996550056647e+01,1.528144698276585389e+00
4.806445105888831115e+00,8.114683579604667685e+00,9.681412472046650564e+00,-6.405723645315275050e+00
-3.001224204569994392e+00,-2.241624307875378808e+00,-2.697331083383486261e-02,-1.567595012784122765e+01
-8.740084880587991378e+00,-8.618530831444887852e+00,-1.068819403743328600e+01,-2.203367479786955840e+01
-9.082892177162836589e+00,-8.406034058114329355e+00,-1.732904353870284808e+01,-2.282912759450693230e+01
-3.836821983376743628e+00,-2.414922928142169134e+00,-1.747263374455199525e+01,-1.767619126044536060e+01
3.715366903325332260e+00,6.077723188242387664e+00,-1.166108531309270724e+01,-9.465305076833756104e+00
8.597754908054479728e+00,1.314713713044706189e+01,-3.271288058681473210e+00,-3.787307447550465778e+00
7.395613991966423661e+00,1.603533329974745669e+01,2.480042269856196135e+00,-5.012310382918428786e+00
6.132157534241549079e-01,1.422972706688235256e+01,9.805258312249248709e-01,-1.251418382947670871e+01
-7.980648148091559868e+00,9.313378170733338735e+00,-8.625784341268918354e+00,-2.170844550745164980e+01
-1.416377423915433376e+01,3.893498860078844714e+00,-2.190234782089954990e+01,-2.833337115817213459e+01
-1.536372208259061445e+01,4.923002032340553225e-01,-3.101740703290941781e+01,-3.042396699507231617e+01
-1.087436132777865261e+01,8.329671305298069761e-01,-2.941878092782395626e+01,-2.706821741864989406e+01
-1.630817344055426110e+00,5.236563910339333994e+00,-1.635989671764512110e+01,-1.817222662157308477e+01
9.343430986790515647e+00,1.203835402817934686e+01,1.857015288737253966e+00,-6.555614093698753919e+00
1.699663179205460040e+01,1.773538511419478780e+01,1.509804613544239693e+01,1.689412904576205854e+00
1.633445526675377124e+01,1.861157437511397461e+01,1.542881077016988201e+01,9.553570157979962563e-01
5.723856225673491060e+00,1.332785509989186856e+01,2.274315194144205687e+00,-9.608381358047173748e+00
-1.121719190871883853e+01,4.581454548339692678e+00,-1.683639295827677174e+01,-2.553424691162618387e+01
-2.690843148767359239e+01,-1.954543758505174145e+00,-3.075267508402448868e+01,-3.959457841504669773e+01
-3.375002740794889888e+01,-1.315028866239573047e+00,-3.152838279556797119e+01,-4.486648430903846219e+01
-2.855647226049520526e+01,6.840128981350392046e+00,-1.901987172458494513e+01,-3.794519118206588359e+01
-1.481998017848954952e+01,1.725504854135796151e+01,-4.334051488007838460e-01,-2.195219956603927969e+01
-8.975364006692863050e-01,2.244104445580328289e+01,1.443948155989450477e+01,-6.031838411209328399e+00
5.270732330130922350e+00,1.825849608064368113e+01,1.896441562006456394e+01,6.123145593163215050e-01
1.274562489219567052e+00,7.239309851385359984e+00,1.286635281356759641e+01,-4.448637131259992827e+00
-8.755202092187413854e+00,-3.390678288879341640e+00,1.314615409125242884e+00,-1.592392140162769110e+01
-1.767666684166680469e+01,-7.483768189089998302e+00,-8.953238158753071829e+00,-2.593908390968484312e+01
-2.011986912456384502e+01,-4.586445361745456140e+00,-1.359342342488791289e+01,-2.924273839053003599e+01
-1.512301738631717996e+01,3.893610163607552077e-01,-1.232454558251218657e+01,-2.477827814026565889e+01
-5.858584591244234474e+00,1.688160538584371650e+00,-8.010253805380544989e+00,-1.525403676275903031e+01
2.512519928592106488e+00,-2.680982842098039942e+00,-4.536944121349585579e+00,-6.183180500729138274e+00
5.773284768624517227e+00,-9.741250437662625217e+00,-4.856232969557161105e+00,-3.019850561448463644e+00
3.185645498760459216e+00,-1.405001702912873363e+01,-9.620886249200442109e+00,-6.862591017450353270e+00
-2.015474408008171903e+00,-1.158345419945477950e+01,-1.654034987280124369e+01,-1.313337365230336928e+01
-4.909064374421667765e+00,-2.276173707182394867e+00,-2.106557136024619936e+01,-1.557526215097198019e+01
-2.391995577277014284e+00,1.013581720613426285e+01,-1.884215995492940721e+01,-1.148991936053220897e+01
4.815380211431113722e+00,2.047768249573712751e+01,-8.844574800408020465e+00,-2.956059123525673460e+00
1.296391088629824218e+01,2.504757775802021413e+01,5.251968174335587491e+00,5.712976168915416153e+00
1.792125904266784886e+01,2.338450042296469178e+01,1.704439789542034234e+01,1.057687837993660906e+01
1.772312756362404684e+01,1.799866232463513427e+01,2.145645763964357755e+01,9.518384567010560460e+00
1.340916071132896903e+01,1.232566898262299837e+01,1.755613864372262256e+01,3.354941307247224724e+00
7.594408986080753543e+00,8.319708612520898328e+00,7.943879215007897621e+00,-4.451816842537856367e+00
1.964789512182685050e+00,5.539725985776546402e+00,-4.125194295999698113e+00,-1.078592447002167098e+01
-3.853267132072456747e+00,2.437666779759319446e+00,-1.672349175923060116e+01,-1.580687569250675040e+01
-1.080644197888862301e+01,-1.559114841009627161e+00,-2.867829186469218072e+01,-2.172657090399658841e+01
-1.809106765585546839e+01,-5.331469544756963330e+00,-3.790420358445012994e+01,-2.877175770484156558e+01
-2.287784267549531236e+01,-7.147322519606563951e+00,-4.123461186196198014e+01,-3.395017047261627141e+01
-2.249854086415064813e+01,-5.930141664124515266e+00,-3.646100079062973265e+01,-3.417265170824352793e+01
-1.670068545321079512e+01,-1.445272928720111150e+00,-2.477260713206666054e+01,-2.916963844740003253e+01
-7.921330573800369201e+00,5.929868793900634039e+00,-1.126386437231793636e+01,-2.094994456141830241e+01
1.340197825282234689e-01,1.471044755365825196e+01,-2.734045502380186399e+00,-1.210536986441773699e+01
4.305549888063359809e+00,2.164992035262109837e+01,-3.923677118830446453e+00,-5.514014547876717742e+00
3.461510778940399824e+00,2.263313937238319440e+01,-1.440084143531770344e+01,-3.830498497985739714e+00
-9.239080967563493285e-01,1.531127079552336134e+01,-2.828883805882095359e+01,-7.300827674273501877e+00
-5.854773373726940733e+00,1.328640617296797277e+00,-3.760787015838359792e+01,-1.278565517270975249e+01
-9.093068611505730203e+00,-1.402712859625871644e+01,-3.731827039586213601e+01,-1.653888793431018556e+01
-1.045703155985946431e+01,-2.458443656285054857e+01,-2.827304372901146934e+01,-1.754365702286462181e+01
-1.077963336908430847e+01,-2.640682204083676154e+01,-1.573134489300823091e+01,-1.691784956415000352e+01
-1.015917390624533923e+01,-1.945641359476984178e+01,-5.051992401968296242e+00,-1.501229363898482738e+01
-8.046985396513365529e+00,-7.349250000593498200e+00,1.459888387381977903e+00,-1.127088714783995904e+01
-4.913435363237818265e+00,4.306943222567779728e+00,4.362179663935760843e+00,-6.783163330055345774e+00
-2.770835431919862923e+00,1.028392809553041332e+01,4.927608164251673806e+00,-4.533805313494629452e+00
-3.450698094094480251e+00,8.022884994620961052e+00,3.703473542142218911e+00,-6.146989951127772578e+00
-6.784742013487126577e+00,-1.168543805633658117e+00,6.932203460985477683e-01,-9.933250785016660700e+00
-1.088785690494051295e+01,-1.285891224227052554e+01,-3.856409439296541564e+00,-1.303253998650661494e+01
-1.382313748029902989e+01,-2.195433756299179251e+01,-9.073134266097412137e+00,-1.404273620247770893e+01
-1.454927604557416387e+01,-2.531624669430983943e+01,-1.353223113050245985e+01,-1.257073352258662169e+01
-1.273292274782792965e+01,-2.279404823146519377e+01,-1.561770594892633568e+01,-7.883460907663689454e+00
-8.599645701682245402e+00,-1.637777139824670769e+01,-1.428597961368576641e+01,4.818570692378149056e-02
-3.321537658637519819e+00,-8.812123071526345441e+00,-1.000374813518937955e+01,8.793597643037015743e+00
8.137781455141940290e-01,-2.960704438147739648e+00,-4.954970815635813430e+00,1.448396180299828373e+01
1.131786669223963981e+00,-1.560912559811220568e+00,-1.872146935658084876e+00,1.470561137367987747e+01
-3.942539174226133536e+00,-6.097128379707192458e+00,-2.149234886568371028e+00,9.746727152693305030e+00
-1.335206188275850892e+01,-1.497290159444940194e+01,-4.828285326796081023e+00,1.878508031006740797e+00
-2.301361735755711280e+01,-2.322497555471327857e+01,-7.454731222086191877e+00,-5.239695842051601105e+00
-2.771832306944710211e+01,-2.541952727488157038e+01,-8.129901238211617809e+00,-7.441656569702356450e+00
-2.479229176883900720e+01,-2.000305079242719941e+01,-6.970069693128663424e+00,-2.953846983825924699e+00
-1.657512790665651536e+01,-1.110327390908336120e+01,-5.720802029760014840e+00,4.921526055507259301e+00
-8.889043643082562340e+00,-5.615778436188375800e+00,-5.962403775542390427e+00,9.891720299733565369e+00
-6.324010621092103435e+00,-7.731310029070444401e+00,-7.605008171060428701e+00,8.721990576973164266e+00
-8.584690644708640406e+00,-1.555855503476702495e+01,-9.083671550583323651e+00,4.463633921939765159e+00
-1.117979136202994717e+01,-2.281937483733999272e+01,-9.057663641332709403e+00,3.121999326890036563e+00
-9.471460206115335012e+00,-2.424330616469603328e+01,-7.912466095590509063e+00,8.073075465997291644e+00
-2.394944174358133893e+00,-2.001474868776125504e+01,-7.465262300131149331e+00,1.802948244097206398e+01
6.771200013837742837e+00,-1.533271915849659628e+01,-9.057462273904807404e+00,2.864244940308667964e+01
1.261553960367496252e+01,-1.544353222091433686e+01,-1.194341574773036108e+01,3.470720198239413889e+01
1.115945475002698295e+01,-2.069908304220746587e+01,-1.371564587514524902e+01,3.241467452302106267e+01
2.554805840497126557e+00,-2.625004545240608067e+01,-1.248863988238981371e+01,2.209255726375845086e+01
-8.925190929665987483e+00,-2.655575614542415863e+01,-8.652083003442527342e+00,9.060555260880022388e+00
-1.757543117127126209e+01,-2.028384275611087162e+01,-4.275994464521059690e+00,3.228199756537755150e-01
-1.946252057906058752e+01,-1.114436080106797000e+01,-7.502556308390360140e-01,-1.638644428599546621e-01
-1.400154647575433486e+01,-4.563263015946702694e+00,2.608644558487836829e+00,7.089690366933559140e+00
-3.801819436091987914e+00,-3.877323225615395330e+00,7.146995178902263213e+00,1.891029547568657065e+01
6.235381042312350353e+00,-9.155985449392272102e+00,1.209344697755811460e+01,3.069314502117037691e+01
1.055723128208548189e+01,-1.837726845953942245e+01,1.376107206885523482e+01,3.665364007623714571e+01
5.825810550861579173e+00,-2.873293901302431408e+01,8.256477067992262775e+00,3.240642443045272358e+01
-6.235141436314662222e+00,-3.696415532947388982e+01,-4.488067011971605069e+00,1.954102176275873148e+01
-1.880582470575887299e+01,-3.964574035370753791e+01,-1.917687542162042647e+01,6.503968867140537569e+00
-2.386595727134426070e+01,-3.457373739325107920e+01,-2.784601754119960404e+01,2.894034885399488388e+00
-1.755883060626631220e+01,-2.283814011794951782e+01,-2.494649434957570477e+01,1.220086944086750336e+01
-3.101411341427658730e+00,-9.770028296245486743e+00,-1.121499825480395529e+01,2.963013752330559569e+01
1.080341033973938458e+01,-3.173335554526181657e+00,6.192977104592276127e+00,4.557739004853751652e+01
1.518311740672048238e+01,-8.981635999425337857e+00,1.746207784670160734e+01,5.106584584888511813e+01
6.704653728685181946e+00,-2.672084385309792864e+01,1.584270434447599385e+01,4.276906479441976217e+01
-9.571605337353862097e+00,-4.832714799329718147e+01,2.120938613331188272e+00,2.599657179622946401e+01
-2.321998079341684829e+01,-6.230064774897177671e+01,-1.527730951124825687e+01,1.239950667575860699e+01
-2.574247721206707240e+01,-6.109988423581823014e+01,-2.526172772548378020e+01,1.168534803023996105e+01
-1.645149275603083439e+01,-4.638569088244776850e+01,-2.112981530017387755e+01,2.387407835049917182e+01
-2.009503743852310009e+00,-2.781851433114711725e+01,-4.768170014762673325e+00,4.015770980860826711e+01
9.486657877400247685e+00,-1.624266984090048993e+01,1.495423190878497444e+01,5.144783116691214531e+01
1.417364086294453962e+01,-1.663932380476537887e+01,2.817481370319118028e+01,5.526374214849068522e+01
1.338808721281514558e+01,-2.600513188467476766e+01,2.992633727338472127e+01,5.491098164881146459e+01
1.061815613821403836e+01,-3.688377406581045648e+01,2.210979177622152037e+01,5.434000362782854410e+01
8.154278114402099931e+00,-4.305395885337861017e+01,1.106286338883162124e+01,5.478464805233471679e+01
5.930870538659315905e+00,-4.323704023284201980e+01,3.124388374956886594e+00,5.460892306105368732e+01
2.545764891962447596e+00,-4.099504763018961739e+01,1.137884627184662767e+00,5.104005487419060927e+01
-2.710110147512623691e+00,-4.156515355813719736e+01,3.579488057208653817e+00,4.355235834558543928e+01
-8.300831047085953429e+00,-4.780906268991204655e+01,6.336039365589267724e+00,3.717983458340750502e+01
-1.093393805546483932e+01,-5.778988084110368106e+01,5.831762410705871424e+00,4.058340164978557851e+01
-8.309349306700747562e+00,-6.559197377452635180e+01,1.529206456776116330e+00,5.705713616007641775e+01
-1.782393807058692881e+00,-6.482631760145152100e+01,-3.790655290637841457e+00,7.653770276710942255e+01
4.119058333760205137e+00,-5.224783146443770221e+01,-6.124876189522674430e+00,7.956087553707905613e+01
5.476921128413398954e+00,-2.907505125773630184e+01,-3.230446834089644614e+00,5.284968446363196648e+01
2.576880990490799661e+00,1.261945240769525856e-01,3.645300761223396080e+00,2.691002477797038051e+00
