-9.756883171767912089e+00,-3.832497758533494614e-01,-3.059885026452650703e+00,-7.823539282540644457e+00
1.502291561261629216e+00,5.140234366309877956e+00,3.783320332027499511e+00,3.437490788789727691e+00
7.333714667575638835e+00,1.017090803797227316e+01,7.000828865379253862e+00,9.189348495632243541e+00
6.921361734137315480e+00,1.435779260126748902e+01,5.829871018692940332e+00,8.610993787158092161e+00
4.115690162080159809e+00,1.746602763121758883e+01,2.612150653660552102e+00,5.640944060510307168e+00
3.387436652611842014e+00,1.922611624307629441e+01,3.987134559616267171e-01,4.851151949239871364e+00
6.144113389882567056e+00,1.932833302203846415e+01,3.758980798577629123e-01,7.652338190729051526e+00
1.058423140636645954e+01,1.773760766142961032e+01,1.439280375153467073e+00,1.212664952077439651e+01
1.411831852772232843e+01,1.506297036323686456e+01,1.907793207490667831e+00,1.551459271338435286e+01
1.548388992732519576e+01,1.246884640911393838e+01,1.394946556313020558e+00,1.635641791597297612e+01
1.513579760825483866e+01,1.101457124334675797e+01,1.044128589969915311e+00,1.485876484658834862e+01
1.438846047337175449e+01,1.096268075277046350e+01,2.125744311790500607e+00,1.214019772138695785e+01
1.422056443375691615e+01,1.169263001956883485e+01,4.501855088669561411e+00,9.327245056803906920e+00
1.447916127051502500e+01,1.225879193272872314e+01,6.430981789052560238e+00,6.957188802935138305e+00
1.413021033791917525e+01,1.206174921902223396e+01,5.877920670805523606e+00,4.997609707888342356e+00
1.247673413480359628e+01,1.115484455332545544e+01,2.194280398340536564e+00,3.467159091073157562e+00
1.009831968436322036e+01,1.013132745852158578e+01,-3.188474571155624382e+00,2.864780051999952448e+00
8.381556539330613731e+00,9.748213631805432655e+00,-7.562503204121595601e+00,3.672983351953718945e+00
8.204000028391732258e+00,1.040367040908318685e+01,-8.639475195491085557e+00,5.527728736295212109e+00
9.338964804085426508e+00,1.167927686591317915e+01,-5.951331798465854916e+00,7.340292144194879853e+00
1.102722620916659046e+01,1.237193327014840705e+01,-1.040736925445008065e+00,8.389388608576203055e+00
1.268723444221527252e+01,1.128297609706360838e+01,3.578790792497370976e+00,8.966731197162369327e+00
1.401171088397510900e+01,8.362844073165838665e+00,5.893844441839130255e+00,9.786882823096917150e+00
1.483620724845862604e+01,5.240623815148385489e+00,5.366284293757532353e+00,1.105906375945500386e+01
1.516871197810148253e+01,4.427305086436133408e+00,2.985179435123860969e+00,1.231095087159682677e+01
1.506523041627841231e+01,7.548026171715815913e+00,5.519997951830655225e-01,1.282175509325275264e+01
1.429666022873961495e+01,1.393246564852821479e+01,-3.358923600632660600e-01,1.203467202379261458e+01
1.247366849808383726e+01,2.077848535322776868e+01,8.930086363416356310e-01,9.911378104338000483e+00
9.745189809566834782e+00,2.485725130114976622e+01,3.509722581971605582e+00,7.223694408875378947e+00
7.004846846262728910e+00,2.446304142070997045e+01,5.867676984143384900e+00,5.182491522908534876e+00
4.989758756565740860e+00,2.021235913138248108e+01,6.276470154299432558e+00,4.294046542448764825e+00
3.409703414926163578e+00,1.435234081164451503e+01,3.949345568310662635e+00,3.719048261661654031e+00
1.446559765999694269e+00,9.335300424260386976e+00,-4.927519400244093628e-01,2.242645321372656042e+00
-9.707624188786996289e-01,6.645563328903152822e+00,-5.273351078287726423e+00,-1.291772975208095031e-01
-2.840386935396406187e+00,6.370314092817350726e+00,-8.323280855520794219e+00,-1.958867300208261497e+00
-3.045799086973303371e+00,7.489512958811003429e+00,-8.244764101360411601e+00,-1.817333964051729422e+00
-1.283981427394542463e+00,8.633888540019524882e+00,-4.909053444644666087e+00,3.963762928501227689e-01
1.893887668896357512e+00,8.924105513522992084e+00,4.591124084243833892e-01,3.556980639606143413e+00
5.449908981542876951e+00,8.389204766775771205e+00,5.658947708996788784e+00,6.277676382977082525e+00
8.180097392058828021e+00,7.676346194893431729e+00,8.319820226559652809e+00,7.692011972837337730e+00
9.282625514303406433e+00,7.369192195789617372e+00,7.011580463503857885e+00,7.856111271178039424e+00
9.065780335847318128e+00,7.615135271474408718e+00,2.188027964271646475e+00,7.789651183505980292e+00
8.809068305142542243e+00,8.353384237533436618e+00,-3.722244382536391782e+00,8.763926727360273006e+00
9.489220517202550553e+00,9.666063647226408762e+00,-7.411959158489741739e+00,1.102393127213296964e+01
1.073590343536642422e+01,1.164825672125369849e+01,-6.518761867836857071e+00,1.327681561361028884e+01
1.131183086085962408e+01,1.389975612107724068e+01,-1.094884468215550521e+00,1.380515504786722758e+01
1.045778180041967254e+01,1.534947675776814613e+01,6.272611176851352610e+00,1.208625345004867135e+01
8.479268322133158620e+00,1.483747593899209427e+01,1.187141463713976286e+01,9.136021792740928404e+00
6.248909493392333481e+00,1.203807612254448856e+01,1.296313931052919699e+01,6.475273331190148696e+00
4.622971655741430652e+00,7.881087896233584189e+00,9.252473532325662831e+00,5.118122380601461963e+00
4.283777769192393947e+00,4.068252469697827500e+00,2.872488530807923990e+00,5.340471472088648142e+00
5.568322262242364928e+00,2.093554288706995337e+00,-2.926651318825457704e+00,6.750489371513182846e+00
8.145225798378143978e+00,2.528284050530884119e+00,-5.447427107771599886e+00,8.369089999677916225e+00
1.107333025837184337e+01,4.951029517183777706e+00,-3.685261105764009226e+00,9.118250336692012681e+00
1.333689896374112216e+01,8.294275403625205101e+00,1.388334355783859886e+00,8.594848081199641499e+00
1.420632675011597534e+01,1.121325183564650985e+01,7.283408773157205474e+00,7.189778287922408140e+00
1.320062742546336665e+01,1.243641550657453720e+01,1.098253821115490858e+01,5.337293075573853685e+00
1.025951853005033065e+01,1.131550087322763432e+01,1.025270313944830569e+01,3.042974092720913237e+00
6.284726540326308175e+00,8.443861005217041082e+00,4.867100237935319207e+00,4.620106036210309131e-01
3.134642072570105409e+00,5.684660145567709044e+00,-2.933115918357353635e+00,-1.428090721906528637e+00
2.517275608080254301e+00,5.175178671713460687e+00,-9.287886084292782840e+00,-1.308530367671352890e+00
4.764391263011660271e+00,7.868064787980876496e+00,-1.071726268264400872e+01,1.284840989805251743e+00
8.763611236053696629e+00,1.277735660450034061e+01,-6.211984741709116520e+00,5.499204507235987194e+00
1.285623996060268937e+01,1.751079709677586749e+01,1.958942593023364376e+00,9.772071075660356598e+00
1.557506693379930951e+01,1.955892739916431111e+01,9.424438351886402998e+00,1.258890825305561911e+01
1.591988443490834548e+01,1.740119393639659506e+01,1.227419312028578879e+01,1.289497329774438228e+01
1.369929178418770732e+01,1.101012598452208202e+01,9.393568656318629806e+00,1.051696439494549296e+01
9.879700125015730805e+00,1.924053065328036549e+00,3.032186408077782058e+00,6.546648386582970325e+00
6.227897736227112624e+00,-6.993280551787106170e+00,-2.726556755071985805e+00,2.952914757715486616e+00
4.272022213978305949e+00,-1.235852497239496195e+01,-4.514925449910752953e+00,1.366479590715290460e+00
4.559791287016518702e+00,-1.174864828857266019e+01,-1.621692010148655161e+00,2.139510968826212167e+00
6.717256938700026048e+00,-5.188403088814838249e+00,3.767712005951642684e+00,4.489294872664181923e+00
9.790271400188659712e+00,4.517524384064456555e+00,8.071121403585687304e+00,7.236563609838895239e+00
1.250578630425168392e+01,1.316390833179772457e+01,8.601491638475007306e+00,9.342498153635562019e+00
1.379702198133784030e+01,1.746464955797309671e+01,5.188793825371393886e+00,1.020893487589530757e+01
1.352104110600973286e+01,1.672752288512426944e+01,3.842489400584530451e-02,9.884556106236694006e+00
1.242199289831459907e+01,1.275994205672574644e+01,-4.009742956009286097e+00,8.818806916348277625e+00
1.104534132994417561e+01,8.225158365293832929e+00,-5.398180744372580442e+00,7.136759274976493650e+00
8.923024866579181591e+00,4.814094892390347269e+00,-4.459093339367965925e+00,4.403396550176360336e+00
5.266732918138429476e+00,2.634951291944941598e+00,-2.525334106125999956e+00,5.065942949229934600e-01
3.839790419819668621e-01,1.079045554972181797e+00,-7.150181473350186723e-01,-3.413922145161170540e+00
-3.997322641782154129e+00,7.526897811808051786e-02,4.561631969700814526e-01,-5.469643499164517308e+00
-5.860721766284007650e+00,3.835487204552805451e-01,7.266901608026448134e-01,-4.572417506972183077e+00
-4.185317433176103386e+00,2.658902901012876629e+00,-4.370141380740309028e-02,-1.221297491763000176e+00
6.014288276690188395e-01,6.326460570521531324e+00,-1.431044070993908068e+00,3.139987248043776713e+00
6.805159016831101582e+00,9.545882254094841812e+00,-2.215472080629135920e+00,7.065874390716571085e+00
1.200517163989259828e+01,1.049868425723772880e+01,-1.174193865206273779e+00,9.436297041566836796e+00
1.411497216956213663e+01,8.879750602134196313e+00,1.578957978170734577e+00,9.595143598480980529e+00
1.258517919179526068e+01,6.133491459062260454e+00,4.169325717693674882e+00,7.717532502229581759e+00
8.641889439574219622e+00,4.130801762276933076e+00,4.214249119045666347e+00,4.804767900413318138e+00
4.224956539147560974e+00,3.582724454614029774e+00,8.051086184746112373e-01,1.918384335477679503e+00
7.789657221892880568e-01,3.791513570863298987e+00,-4.526714252082845391e+00,-4.681722794258191267e-01
-1.011185756912536648e+00,3.899992867856572953e+00,-8.682479138600353252e+00,-2.168347354348571621e+00
-9.315880771054838583e-01,4.157278135824034493e+00,-8.995902282337823408e+00,-2.735937326930692137e+00
7.123170581677422675e-01,5.695570819890392933e+00,-4.938816579893513747e+00,-1.812508168840422318e+00
2.927496338327501224e+00,8.943530717545000286e+00,1.517841824905632464e+00,4.353273330359859472e-02
4.537653743346333535e+00,1.235176634409930685e+01,7.053962722656517137e+00,1.478489263852360791e+00
5.098327404790029327e+00,1.296737198935582391e+01,8.924662082304930522e+00,1.578547125836123000e+00
5.120211337529568141e+00,8.700446526653866641e+00,6.422408391894276036e+00,7.658637858075422189e-01
5.378357250183904092e+00,4.978677697752138531e-01,9.863307095531811397e-01,3.599518935376994078e-01
6.248162821014966894e+00,-7.476374851065969551e+00,-4.870154374101566042e+00,1.443368848120100356e+00
7.648161852921452564e+00,-1.012197839317918913e+01,-8.819826725354110053e+00,4.108414737115364979e+00
9.161460996726574990e+00,-4.763981710508804035e+00,-9.403896660631323456e+00,7.362353712806344319e+00
1.002509269398089309e+01,6.717621581042394929e+00,-6.254200243606869769e+00,9.564493667924736542e+00
9.416694512608398071e+00,1.860442081668534797e+01,-3.210322312341445383e-01,9.387847072710512109e+00
7.188398826973601885e+00,2.459593492263544334e+01,6.049035907481630225e+00,6.863472289311906671e+00
4.270177813168024805e+00,2.154144526307089436e+01,9.887849636276278886e+00,3.486965390995566239e+00
2.124540478797475540e+00,1.125110344625073644e+01,9.286420460110292652e+00,1.061613002738386546e+00
1.784775668743489696e+00,-7.631391053516329848e-01,4.783522099284845730e+00,4.091077662181785701e-01
3.348585453447988858e+00,-8.775689792889526331e+00,-8.893519047286393420e-01,1.186548184862355804e+00
6.003446364093433019e+00,-1.020241357767677215e+01,-4.680145701877576947e+00,2.596640407589252852e+00
8.287503517294966926e+00,-6.524352737260817214e+00,-5.227554762710401981e+00,3.955127304490632767e+00
8.752575040845078647e+00,-1.341346006239650945e+00,-3.454969300544888267e+00,4.859699185550147682e+00
7.042813189280638930e+00,2.606355418153389447e+00,-1.420244623776744097e+00,5.374140983071398203e+00
4.384369577343111501e+00,4.956700128463599420e+00,-5.050104690892522896e-01,6.052815301910387191e+00
2.550809236116136969e+00,6.862904830717419635e+00,-4.894448995124310864e-01,7.282515339154533862e+00
2.183296280177659643e+00,9.042097205241621083e+00,-1.811693125376340197e-01,8.481382746940537842e+00
2.409399960520652417e+00,1.077818786257247652e+01,1.181018635007347273e+00,8.427685237478003799e+00
2.139324235994061407e+00,1.068213165005361809e+01,3.154452993698135810e+00,6.659965111527344384e+00
1.310165165191916170e+00,8.201859519657928033e+00,4.595429220724858155e+00,4.226961082278126725e+00
6.812418157802242469e-01,4.296024878305075845e+00,4.800271620408694595e+00,2.754186677632167068e+00
8.079209641941725861e-01,7.275354810553684715e-01,4.112579948392232509e+00,2.946736212590074455e+00
1.523868339804270500e+00,-1.182987940043116915e+00,3.447110098861505989e+00,4.147120730598037319e+00
2.173075095656841427e+00,-1.196728266634135895e+00,3.289229446664484247e+00,5.039203021341935873e+00
2.090561509894521386e+00,1.268100990832976560e-01,3.237067370922171783e+00,4.569153013814275965e+00
1.150954267438804912e+00,2.062947554670153671e+00,2.551935162197788376e+00,2.627466127900285997e+00
2.064597663596366983e-01,4.040019844743743427e+00,1.094341903561039775e+00,3.706820440781944948e-01
7.187524958922956175e-01,5.548379844954765439e+00,-3.926864752071874687e-01,-3.503506066680189823e-01
3.396626081553738796e+00,6.039943494328391616e+00,-9.903734718554506600e-01,1.424182275582694279e+00
7.141928277980967188e+00,5.139763466624100552e+00,-5.727705778541171133e-01,4.546873803424226423e+00
9.738862994597532463e+00,3.035812246481938814e+00,-2.543528035521470942e-03,6.526799722199688070e+00
9.737967175414157239e+00,6.371953162578211094e-01,-2.906914329086178195e-01,5.755782334341385642e+00
7.503522546422770390e+00,-7.493622275376963238e-01,-1.517767816974088468e+00,2.848787823436738975e+00
4.525966333284755727e+00,-9.857357968869984166e-02,-2.594187507926953185e+00,-1.674255779231091923e-01
2.143776204010640729e+00,2.685608064267498207e+00,-2.151377591548071067e+00,-1.596164271271529600e+00
9.910156697740697407e-01,6.540677781144101033e+00,2.303247350246769853e-01,-9.481871855639184554e-01
1.110777609355324325e+00,9.608922364389751891e+00,3.567040076208453314e+00,1.284161928787405094e+00
2.093941542825288327e+00,1.007029253664737212e+01,6.136547633921433764e+00,4.114466174506635099e+00
3.227693967552321741e+00,7.076691375438505460e+00,6.583847693758730024e+00,6.439722134113213592e+00
3.873301224453683300e+00,1.328210398571721074e+00,4.584202431943537270e+00,7.458008838949033326e+00
3.765963359959229706e+00,-5.065081915666172385e+00,8.684089544146382789e-01,6.980120350618517655e+00
2.928880011168253361e+00,-9.487886970666513875e+00,-3.024017525644487225e+00,5.384543015873707539e+00
1.577949414486021329e+00,-1.009189135607807231e+01,-5.137733648292607924e+00,3.469127838330228641e+00
3.532787671916882144e-01,-6.715704651829893734e+00,-3.912475468284826174e+00,2.440172077561768571e+00
3.157855466429079216e-01,-9.157204123316962097e-01,6.993521014243176959e-01,3.559414243829970736e+00
2.134491328730158788e+00,4.830353820582541147e+00,6.735934947970060982e+00,7.095983985813092865e+00
5.183789631648616947e+00,8.254621758055328939e+00,1.119900352265944043e+01,1.153314881926431212e+01
7.788176931414318105e+00,8.271137997977175971e+00,1.201438159394487926e+01,1.432121618139775521e+01
8.478324955715546452e+00,5.401132334941094904e+00,9.335177390360080096e+00,1.375398315120707515e+01
6.869366829346823522e+00,1.367861177807852213e+00,5.057832195544587073e+00,1.007992044990989022e+01
3.526293092551583186e+00,-1.992421221527807651e+00,1.174082459839744796e+00,4.967621532636615989e+00
-4.588535238680988559e-01,-3.751784794344634744e+00,-1.401185177149728123e+00,3.631927066450482688e-01
-3.672053298274388755e+00,-4.093654338685924543e+00,-2.683395974658334016e+00,-2.186800063471503908e+00
-4.863548326992310322e+00,-3.736119363825159745e+00,-2.834444927057993446e+00,-1.980469123481234606e+00
-3.856356399123007872e+00,-3.287405631448367949e+00,-1.878597417593171892e+00,3.179400729410756243e-01
-1.833895251610093036e+00,-3.059257682373011544e+00,-1.199616587913113486e-01,2.835304366089632655e+00
-3.176348800836184538e-01,-3.213084399775697708e+00,1.520288728358650365e+00,3.827074938968122453e+00
1.188457084485993881e-01,-3.822851840254226197e+00,1.879543757608836074e+00,3.024960607175212424e+00
-4.749666879930121433e-02,-4.708462320697074155e+00,3.722256089665480494e-01,1.499523409019662523e+00
-1.877751011573092765e-01,-5.303318376022470915e+00,-2.484096634352839228e+00,3.804356939014453265e-01
-1.188121832820744905e-01,-4.900048671839958736e+00,-5.236860920910832107e+00,4.013667798233983008e-02
2.866516691734062594e-02,-3.234429720063848546e+00,-6.262512438294802308e+00,2.822241426967305733e-01
3.727373022657632512e-02,-8.901503536230666036e-01,-4.779925358459166773e+00,6.874818551303745195e-01
-3.360830399326440454e-01,9.601775800753148404e-01,-1.576381940448055463e+00,6.587646456809087558e-01
-1.126940811533674314e+00,1.344656128785352234e+00,1.204074472433714904e+00,-3.432653419466761280e-01
-1.916743009197371173e+00,1.664537180249084924e-01,1.420279780962234728e+00,-2.272392457939568899e+00
-2.168860774636871991e+00,-1.714620238541542996e+00,-1.346993894961672877e+00,-4.406705006533020885e+00
-1.885726141275871681e+00,-2.938697836674504238e+00,-5.148628963154744831e+00,-5.915683568730311315e+00
-1.557596987288730972e+00,-2.362261537372393860e+00,-6.915089039405914129e+00,-6.275010259042987926e+00
-1.327120697878674704e+00,1.654957705233709997e-01,-4.821609923307217827e+00,-5.097385038226753373e+00
-6.189903722307370515e-01,3.323484947284576663e+00,1.751216919447887710e-01,-2.099105625599869906e+00
1.102498786966753519e+00,4.795048980459916343e+00,5.033222857672578598e+00,2.319917256465140021e+00
3.489049184293051109e+00,2.921402941982359724e+00,7.015171151756299572e+00,6.750828900640433616e+00
5.528468561747801324e+00,-1.568043973708969530e+00,5.704276187568228629e+00,9.586709665330962693e+00
6.385562502444028787e+00,-5.574172942796694841e+00,2.954966602460815661e+00,1.023016624197610192e+01
5.727904289321621434e+00,-5.942292661438778545e+00,9.689891120221683085e-01,9.261247203433287112e+00
3.520933560473803237e+00,-2.256682944350753228e+00,3.333508101399100809e-01,7.528935002588326597e+00
9.173098300191889765e-02,2.543994663849137527e+00,-1.769936471578278658e-01,5.456921002786475405e+00
-3.549262333519850987e+00,4.520813261596778432e+00,-1.902757520846507955e+00,3.216208161520945907e+00
-5.941456502590241939e+00,2.046246599662269627e+00,-4.424573025075816624e+00,1.117505614754237486e+00
-6.059374887269856735e+00,-2.841754065734580781e+00,-5.493152677079145896e+00,-3.921500472402146276e-01
-3.954631864338979952e+00,-6.136026913298511687e+00,-3.061111775927271239e+00,-9.193041582253939081e-01
-6.305757972128626099e-01,-5.046472068519742393e+00,2.413832382782255870e+00,-2.552767911818859536e-01
2.453582944351890838e+00,-6.951216485586989013e-02,7.710725950878971169e+00,1.373664970417564080e+00
3.923868018016535064e+00,5.503318638948027086e+00,9.198254806031666675e+00,3.090593542842974273e+00
3.221684765540657747e+00,8.036503942001747447e+00,5.901837189735760880e+00,3.811781872047336428e+00
1.185456020069267424e+00,6.061179348202855088e+00,5.075042973711408889e-01,3.224242541417818408e+00
-4.557468854817878778e-01,1.099677709637440604e+00,-2.804321891626118113e+00,2.079998860652037873e+00
-6.467248213292028369e-01,-3.641052558737011946e+00,-1.939551348921787932e+00,1.226055402195402433e+00
3.995258299417662334e-03,-5.639505703062662079e+00,1.308962565131681632e+00,5.913011836476528282e-01
6.242984996740113396e-02,-4.725050434738674809e+00,2.954501151653809554e+00,-4.837504175681251462e-01
-1.055621764073972457e+00,-2.844671650476777280e+00,5.084324394932523417e-01,-2.116913786926862606e+00
-2.541465563765239022e+00,-2.163344911520989289e+00,-4.750827605436936274e+00,-3.591336896212137919e+00
-3.135000439812001716e+00,-3.028448673851015904e+00,-9.011919421349666948e+00,-4.160167436801470942e+00
-2.195575455153588873e+00,-3.556484561186510795e+00,-9.361211561787746049e+00,-3.658773829649796472e+00
2.906629872079817892e-02,-1.394522630836631194e+00,-6.083777963880400819e+00,-2.266021221184254308e+00
2.615467297379228562e+00,3.724235604690511181e+00,-1.863401946335291104e+00,-2.025338335917998833e-01
4.308155179509944865e+00,9.011793053117477470e+00,9.434754105900660104e-01,2.051823836611247565e+00
4.182876335197459383e+00,1.046429418217728724e+01,2.162284727249196070e+00,3.652392874418957547e+00
2.384666752018792746e+00,6.179555295791252512e+00,3.271566658705880482e+00,3.935574527200387696e+00
5.911177728689685773e-02,-1.727683014265009032e+00,5.439192847782992501e+00,2.962100826769308082e+00
-1.650180084774936162e+00,-8.423657697786437026e+00,8.148411948771551394e+00,1.306585509410120638e+00
-2.388631327761506995e+00,-9.894815707308080022e+00,9.495061199184823053e+00,-4.745179087782578353e-01
-2.327586782795587173e+00,-5.828551717927904718e+00,7.682654644991288251e+00,-1.885848615959800467e+00
-1.527616604764702846e+00,4.391803245272412615e-01,2.510213960441356029e+00,-2.257247144675444517e+00
6.994736117005519171e-02,4.683299126640915411e+00,-4.116745512768734017e+00,-9.879581946821832661e-01
2.226595163240946640e+00,4.881809290878243779e+00,-8.997417629919706172e+00,1.838901257316730486e+00
4.353056259579095588e+00,2.204099510982233223e+00,-9.446950148409346326e+00,5.288001667326063249e+00
5.774617606157408822e+00,-6.167453080447231617e-01,-5.145674865713037782e+00,8.031874640038244806e+00
5.807564373921399792e+00,-1.824313597935530940e+00,1.277247022543687160e+00,8.887518337463349738e+00
3.897820825782828624e+00,-1.777786158564913954e+00,5.724660942822066723e+00,7.236535869334947080e+00
3.248131203251498622e-01,-1.876986877214693594e+00,5.487704966543167195e+00,3.542289464183647762e+00
-3.202668483417201006e+00,-2.631269050408361121e+00,1.359362941912231060e+00,-4.290004996189728526e-01
-4.317826711781758142e+00,-2.939581643093009955e+00,-2.879382781200039876e+00,-2.457435189652009022e+00
-1.869804398152782987e+00,-1.261656933823869231e+00,-3.374403489259331757e+00,-1.439094841253836243e+00
2.987162332512224960e+00,2.577827603394029943e+00,8.066527476832741073e-01,1.848757805089985995e+00
7.606125040292401884e+00,6.727432720901090235e+00,6.962965553373233085e+00,5.522450739179214807e+00
9.610959151967346514e+00,8.380331065688023884e+00,1.075633009850252542e+01,7.891856897773700474e+00
8.119005803498414053e+00,5.686375038281297201e+00,9.283438830000381614e+00,8.089920467272399662e+00
4.021018296593943830e+00,-8.755051517315463050e-01,3.018288911692258658e+00,6.124637917807457477e+00
-4.752775589432513548e-01,-8.529128530072735970e+00,-4.573006701124580076e+00,2.885468040532759293e+00
-3.071622490179267473e+00,-1.366368589966595692e+01,-9.312859746704978292e+00,-1.632561931349157947e-01
-2.964195282079110427e+00,-1.396164303373121562e+01,-8.894246708990518613e+00,-1.916400126211828869e+00
-1.393922714350311232e+00,-9.865384333440260889e+00,-4.109578525901644852e+00,-2.377273894135868648e+00
-3.362324059290281442e-01,-4.245660603395331911e+00,1.922026472256709972e+00,-2.262001460003753461e+00
-6.435745290487441261e-01,-3.626470265484339484e-01,5.808377031217712094e+00,-2.046173104375764940e+00
-1.703876121399175991e+00,3.589811412219505726e-01,5.767535881381120610e+00,-1.833401757940748666e+00
-2.688207216860677207e+00,-1.019420350793576624e+00,2.294724606645135001e+00,-1.985879673039270044e+00
-3.520843808720531598e+00,-2.304250152000657970e+00,-2.427327116838327026e+00,-3.128453106531689620e+00
-4.515811468141870400e+00,-2.233662214060878171e+00,-5.784768244963464312e+00,-5.237026560833989208e+00
-5.635561818424561942e+00,-1.425744865253759652e+00,-6.079807770650622167e+00,-7.255952728170731447e+00
-6.498106387602807565e+00,-1.502088561924967536e+00,-3.487123429808757447e+00,-8.084263803102984980e+00
-6.857076962596464043e+00,-3.352682141007764738e+00,-3.521150781438801142e-02,-7.712020294565456346e+00
-6.795028775727531389e+00,-6.183500684255125890e+00,1.700718540145267577e+00,-7.043702958970155414e+00
-6.635863270896861899e+00,-8.143759875801713122e+00,5.049640374199035886e-01,-6.796334229646138425e+00
-6.842852217412105809e+00,-7.866438680430080765e+00,-2.498947408779656598e+00,-6.892125358526992152e+00
-7.693083425086252980e+00,-5.520046163696244790e+00,-4.767676695663041642e+00,-6.748680997190814601e+00
-8.742800323063747214e+00,-2.541910567145325928e+00,-4.449956286728844468e+00,-5.799925175160781876e+00
-8.885399534037167868e+00,-4.727634244251883167e-01,-1.871896174285561099e+00,-3.876529412864094581e+00
-7.392908521690194412e+00,2.043198417082338261e-03,8.352960595964380452e-01,-1.519375319855356343e+00
-4.852246189439795465e+00,-8.316911852852302278e-01,1.556969363868969225e+00,9.508567067278941853e-02
-2.738503564255284850e+00,-2.169772431392727796e+00,-9.319607012691755177e-02,-8.379948549093681892e-03
-2.097919631177179500e+00,-3.152297635528431563e+00,-2.511414486563934734e+00,-1.668058995994468496e+00
-2.898723311108895029e+00,-3.169317076548742396e+00,-3.395824697379647983e+00,-3.717635783962260021e+00
-4.467125698239830633e+00,-2.119559366487973495e+00,-1.526676487409624139e+00,-5.108382891795726799e+00
-6.029757158280855123e+00,-5.684730598700312720e-01,2.268847840298692020e+00,-5.660523980880381778e+00
-6.828865961253806738e+00,4.111266445715585638e-01,5.579738218466613553e+00,-5.738822308590362020e+00
-6.346763343592765061e+00,-2.185682589393547204e-01,5.954824744583547158e+00,-5.626683203988386062e+00
-4.808477635935676453e+00,-2.739090184222129576e+00,2.548891311178992147e+00,-5.400965451718066745e+00
-3.165859735307146927e+00,-6.184315927401577540e+00,-3.177509284423336577e+00,-5.046233284962537091e+00
-2.252622568014676308e+00,-8.586254013369234883e+00,-8.216823866856895364e+00,-4.404206003298192229e+00
-2.097730532567190220e+00,-8.165908944739740605e+00,-9.786020697260918055e+00,-3.294725504353487100e+00
-2.224733557305921483e+00,-4.801731213716886160e+00,-6.929044770994103430e+00,-2.019682946682976876e+00
-2.335329366912780369e+00,-4.351315889133937631e-01,-9.380534491360167371e-01,-1.518849744033372362e+00
-2.419479982587701361e+00,2.268905544383998496e+00,5.473063801893147229e+00,-2.577059573230746192e+00
-2.452572593836543469e+00,1.999672916163838243e+00,9.515665325923377438e+00,-4.854604147668425185e+00
-2.366538773364182280e+00,-2.712557194322467446e-01,9.465048068175736518e+00,-6.967326951709288174e+00
-2.185462192968418815e+00,-2.340292892731523633e+00,5.312110051842987346e+00,-7.539400065471754786e+00
-1.846313279464032675e+00,-2.724314017872533800e+00,-1.136159126135162456e+00,-6.071768406226611070e+00
-1.057342258687525405e+00,-1.709466878811211288e+00,-6.850646115876478426e+00,-3.084673742679166164e+00
1.771759214986368680e-01,-7.398688208406395406e-01,-8.888283403910390845e+00,7.390607103887390783e-02
9.466294641461564519e-01,-9.599625826469950773e-01,-5.941182863236009304e+00,1.655916684152019425e+00
-2.365522834832228805e-02,-2.306549947894372732e+00,7.416045299651879974e-01,5.298696124007343800e-01
-2.928476928780806787e+00,-3.843583096451268943e+00,7.751735111188316374e+00,-2.721996267111412404e+00
-6.358059551050636138e+00,-4.866904419508736090e+00,1.122715580074616604e+01,-6.004903700764347541e+00
-8.503560524407030030e+00,-5.673141982845065989e+00,9.038456575152055805e+00,-7.420740505892495342e+00
-8.625215577927365374e+00,-7.253983841695589518e+00,2.178454303505757306e+00,-6.713566270670237479e+00
-7.164449543154908895e+00,-1.021247712573138777e+01,-5.635889684101000441e+00,-4.934580580456984222e+00
-4.886125618124737890e+00,-1.395098886119777504e+01,-1.009965725215283783e+01,-3.110504982387329420e+00
-2.404118859245953921e+00,-1.690044173307903463e+01,-8.916709113183399538e+00,-1.663504292529224049e+00
-2.826127266654845926e-01,-1.755113368250961514e+01,-3.104200719034839739e+00,-7.883955028130900100e-01
1.019281671229763653e+00,-1.539157648159596015e+01,3.893569378477708121e+00,-6.661058795384138254e-01
1.406205342116668033e+00,-1.114699518172957937e+01,8.521599010163146914e+00,-1.173497339390322969e+00
1.052343768475713537e+00,-6.381153795761617786e+00,9.065506319287480963e+00,-1.837117717836842079e+00
1.027684106959041721e-01,-2.794016200771056724e+00,5.999078460045342176e+00,-2.245613273164775325e+00
-1.174776501282160268e+00,-1.459372167598427250e+00,1.015215113384549506e+00,-2.220553677866317521e+00
-2.017565363290026781e+00,-2.301599718972723974e+00,-4.051578740195290962e+00,-1.544203186976508269e+00
-1.509127597613176386e+00,-4.200387169386265107e+00,-7.653350905040262830e+00,4.224561728217180595e-02
4.337289030974333937e-01,-5.738025294838731583e+00,-8.590294362560863206e+00,2.335950774613713143e+00
2.712430227232817348e+00,-6.005991443182086442e+00,-6.334845094735623405e+00,4.493071138727944280e+00
3.944562506717046446e+00,-4.883378201338002711e+00,-1.589054337451786258e+00,5.669726551660591696e+00
3.580356258296671701e+00,-2.830006579623050911e+00,3.666294988031496338e+00,5.725495629001118303e+00
2.079021625361817893e+00,-6.212573274346547825e-01,7.101383346936027685e+00,5.148957755399348635e+00
3.227719604310457235e-01,8.341061068866497674e-01,7.374503900153998259e+00,4.496700271494256995e+00
-9.303436057364442568e-01,8.002167419443632079e-01,4.773424913190004837e+00,4.052784274132074316e+00
-1.377224501268902390e+00,-8.246641366297956521e-01,7.329542689037973346e-01,3.705993226069137503e+00
-1.393575991761385691e+00,-3.270742422513462255e+00,-3.157251589396542268e+00,2.813219025919154959e+00
-1.779788345328212840e+00,-5.254966307225553024e+00,-5.843840979386138557e+00,4.631029440794274255e-01
-2.857724739503622047e+00,-5.779693749476986220e+00,-6.995381550389924818e+00,-3.542753119864398670e+00
-3.845179799273288790e+00,-4.715821647844480324e+00,-6.888623658557253115e+00,-7.904766664117179431e+00
-3.514758095473161870e+00,-2.633320993600509308e+00,-6.070064289693949178e+00,-1.046778268559340397e+01
-1.557821684487890934e+00,-8.768369688294774811e-02,-4.837612130106779595e+00,-9.915591649440777644e+00
9.472846240884528202e-01,2.787967420688487241e+00,-2.967489204273559888e+00,-6.779772067760675647e+00
2.415997860049985846e+00,5.834205891376391229e+00,-1.770452728335135950e-01,-2.914256886688278314e+00
1.868852594677030243e+00,8.109502386615062619e+00,2.992075966432626632e+00,-2.946476353423231886e-01
-6.483075644498786927e-01,7.983015001158010548e+00,4.988484687786112204e+00,-1.303136461375864752e-01
-4.140555061344286969e+00,4.384555810822858390e+00,4.343674514792749797e+00,-2.337842860869868478e+00
-6.980913228737147591e+00,-1.928387277377763054e+00,1.089436830803484746e+00,-5.402541181080860788e+00
-7.740050816031901704e+00,-8.486205731938975205e+00,-3.046215938940971757e+00,-7.201652947345927203e+00
-6.271405000236910610e+00,-1.266911337247422686e+01,-5.964035967503113156e+00,-6.654411056453125362e+00
-3.881313820901997502e+00,-1.335555501144434309e+01,-6.726199142405048903e+00,-4.652646065725375202e+00
-2.109777143468458682e+00,-1.128573524533051042e+01,-5.889009103600887585e+00,-3.090212555955107021e+00
-1.403214834677927181e+00,-8.031895384280621997e+00,-4.598934196943944563e+00,-2.994084364489505656e+00
-1.124441237410894745e+00,-4.683436735029066433e+00,-3.588955865293921299e+00,-3.781376655045292079e+00
-5.584717433929663466e-01,-1.444302257551082880e+00,-3.002577645502479964e+00,-4.119402009488283056e+00
4.831408522975155218e-01,1.698649536704399443e+00,-2.841879799955766561e+00,-3.100589693536902836e+00
1.815655797866956744e+00,4.220468673278608307e+00,-3.181003093270276416e+00,-7.207595066876930634e-01
3.015014573159538358e+00,5.240332511185924247e+00,-3.830471362298196958e+00,2.156384699522820636e+00
3.305122846294992645e+00,4.475470492322066285e+00,-4.081037246031554488e+00,4.074611924322335987e+00
1.867915266940471275e+00,2.737138946406503681e+00,-3.152225679187577789e+00,3.734411521407837498e+00
-1.323744690007171432e+00,1.197345425248184547e+00,-9.677140406107301862e-01,1.019501376603786147e+00
-5.121855203060560413e+00,1.973995960962588170e-01,1.698923359671085320e+00,-2.684874611157416879e+00
-7.873201123144847102e+00,-9.521099844873701645e-01,3.929029443535176025e+00,-5.378688193412867413e+00
-8.467520098420987296e+00,-2.887386768774089951e+00,5.363089751881562783e+00,-5.733206303381028768e+00
-6.865945438455533179e+00,-5.131084454954073060e+00,6.098904141414601021e+00,-3.754753163933435278e+00
-4.054141363594377268e+00,-6.373232145917482327e+00,6.054178155914303971e+00,-7.227057306091346778e-01
-1.645302441833268681e+00,-5.791021937225802496e+00,4.761985486602959838e+00,1.333307017188639421e+00
-9.954382484512194207e-01,-3.877762284400934067e+00,2.028580589513880206e+00,7.200814971711410051e-01
-2.090634446794631618e+00,-1.903464128708385772e+00,-1.251943914926864743e+00,-2.555038083512260805e+00
-3.373682797161544844e+00,-7.390887025229824214e-01,-3.247328299462244772e+00,-6.449275526078642073e+00
-3.153972735929995608e+00,-3.209984377814767420e-01,-2.537104666858479796e+00,-8.429703137552415626e+00
-1.317585701133190401e+00,-5.694734702619315414e-02,4.832217397613784993e-01,-7.607187962936283299e+00
5.679870212828236342e-01,5.354772811077588290e-01,3.649188068080696734e+00,-5.219533296047209170e+00
7.903969658991693015e-01,1.538468354328090149e+00,4.730770451974892765e+00,-3.117832286820439780e+00
-1.133547096539343046e+00,2.608380211464211840e+00,3.253185343047569233e+00,-2.169319831143275312e+00
-4.438331389257861304e+00,3.042750108295337874e+00,6.660817807565375670e-01,-2.134216224931257067e+00
-7.869022036745214166e+00,2.129506623462212644e+00,-1.221316738087456111e+00,-2.510796570269836270e+00
-1.028770176623940102e+01,-1.439953337256696386e-01,-1.852624723548903507e+00,-3.071139731471228096e+00
-1.104392575803386478e+01,-2.614943064458566280e+00,-2.027817277419634578e+00,-3.792326407763590979e+00
-1.019770952244067530e+01,-3.519620545230115916e+00,-2.691003834282239549e+00,-4.615596972014392563e+00
-8.246592473090448294e+00,-2.033658942355111687e+00,-3.848910421293318951e+00,-5.212409142889868008e+00
-5.435479330645918594e+00,5.813943465699809021e-01,-4.595799363027991191e+00,-4.867305966759597702e+00
-1.599288571274358750e+00,1.674082270958491270e+00,-3.981376723826854036e+00,-2.902581252511404308e+00
3.021787140548402029e+00,-4.424112060959017878e-01,-1.896774624575300550e+00,4.016635548671999012e-01
7.088159851063230654e+00,-4.555692119564776377e+00,6.230856779322900829e-01,3.471814165938886365e+00
8.792011156149229123e+00,-7.123744237859663819e+00,1.919663712910958164e+00,4.496768798822296631e+00
7.274287609567514856e+00,-5.175263502193661047e+00,8.567940451166419225e-01,2.948458294438789373e+00
3.250829857508186649e+00,9.986011143784224720e-01,-2.219990310812399947e+00,-1.091323297365196371e-01
-1.603752223321891712e+00,7.853418054427917738e+00,-5.650243672257806438e+00,-3.102788252955400061e+00
-5.578560300949334305e+00,1.128219435893215028e+01,-7.726867764705930064e+00,-5.020754665099780745e+00
-7.488389497029793951e+00,9.579302257946954668e+00,-7.857927814897482044e+00,-5.573582395214139673e+00
-7.064159497578962998e+00,4.343135727652509992e+00,-6.522786519606324163e+00,-4.945201007240499713e+00
-5.131028572848933322e+00,-9.307924428647185167e-01,-4.294078742181890007e+00,-3.671308685698421836e+00
-3.055147820235940337e+00,-3.093165237541986023e+00,-1.168628281476702835e+00,-2.364792428597757734e+00
-1.689918916868534682e+00,-9.534020986270703713e-01,3.057598553718972489e+00,-1.221268651967359231e+00
-9.813657215106298404e-01,4.277018374216674523e+00,7.879714019959045856e+00,-2.163820571858976125e-02
-6.296019241713607384e-01,9.667233443657901049e+00,1.172997403404565731e+01,1.159931639608340559e+00
-6.935988931126170209e-01,1.212781413545418197e+01,1.271106928558206128e+01,1.596923317785276630e+00
-1.237050277635804330e+00,1.016874394891618749e+01,9.902271666231037273e+00,6.643516357933287875e-01
-1.752852650904955789e+00,4.747301151975706013e+00,4.180989300304257306e+00,-1.225758504424482975e+00
-1.470771028756859833e+00,-1.466992622186028106e+00,-2.096059388989938377e+00,-2.843234464918088733e+00
-2.049392358013488180e-01,-5.850044953518065860e+00,-6.326298629631648573e+00,-3.252145440882659777e+00
1.415453196409179881e+00,-7.243342245616851471e+00,-7.036448012281586450e+00,-2.467193894155479406e+00
2.489269088878964364e+00,-6.130370770073573894e+00,-4.661907025538600813e+00,-1.206676036749933845e+00
2.376381302279400476e+00,-3.762026083324869319e+00,-1.279566511118103378e+00,-3.951156746817556242e-01
9.285084256559744675e-01,-1.096911833636934341e+00,7.321854072177497175e-01,-7.444728221315953798e-01
-1.288554105002812644e+00,1.643366099107410827e+00,4.047797223356088270e-01,-2.209482006395518727e+00
-2.993108787057106923e+00,4.542031496974625604e+00,-1.044177713867323831e+00,-3.692056227089575593e+00
-2.952781761204634758e+00,7.152587177680521435e+00,-1.201557256999804091e+00,-3.778240028829193964e+00
-1.080121089735459838e+00,8.221018876676366105e+00,1.488728158051951800e+00,-2.128539514414512279e+00
1.409705136572746653e+00,6.529849791874350551e+00,6.373985559552809654e+00,6.022051580531474768e-02
3.060595067060150054e+00,2.233623161030457993e+00,1.102252750123783720e+01,1.180640819275471154e+00
3.214007464662341995e+00,-2.729767611828822105e+00,1.285833201796320857e+01,6.173544399736239363e-01
2.034748043421081842e+00,-5.835227117574576461e+00,1.061011646307318479e+01,-1.053892535986235890e+00
4.315053528418086315e-02,-5.797966372996445905e+00,4.789934973685538111e+00,-2.860482321193899669e+00
-2.020072499697661339e+00,-3.341921133753404494e+00,-2.641762411315870640e+00,-4.110871254815076981e+00
-3.276003680236112103e+00,-3.287284612846606557e-01,-9.029339638617049246e+00,-4.651633445381023968e+00
-3.297094911062385503e+00,1.698095228616841368e+00,-1.204529793017481332e+01,-4.985840545682082237e+00
-2.625587765271350182e+00,2.199553395809559220e+00,-1.078806555457528482e+01,-5.979989413343654192e+00
-2.253044308130896400e+00,1.356697810496876100e+00,-6.352124214244699196e+00,-7.857426407285013070e+00
-2.484473861573766040e+00,-3.749528809354124026e-01,-1.243175804135287166e+00,-9.419644997391033669e+00
-2.645882215343534849e+00,-2.327681394467888687e+00,2.190088454781735194e+00,-8.835095578538769701e+00
-2.001806904022989109e+00,-3.622086956085058151e+00,3.184711750534013674e+00,-5.534386780228110148e+00
-6.490674933862082829e-01,-3.561848626536942675e+00,2.746249414895558516e+00,-1.072773358183611636e+00
6.070985178464676224e-01,-2.192037783974401410e+00,2.557949244395979260e+00,2.104388624797668417e+00
9.543456523378562872e-01,-3.852641441284396229e-01,3.583099648783641733e+00,2.594349202308230407e+00
2.495719882133439274e-02,7.284988359898584287e-01,5.355076589630176187e+00,7.546015208656206008e-01
-1.957529223867225276e+00,5.212524890411549539e-01,6.336129497225246432e+00,-1.986938394987835199e+00
-4.136002240859620649e+00,-7.420845715065353954e-01,5.092051428264973367e+00,-4.148340705178906518e+00
-5.345102388429379126e+00,-2.058785151303235583e+00,1.504993717644554030e+00,-4.854031733087881939e+00
-4.890888557936094116e+00,-2.223323554113472156e+00,-2.928475821321611328e+00,-4.088759176975039544e+00
-3.055426965866086420e+00,-4.802885256187948149e-01,-6.019975117844352575e+00,-2.451617955414377992e+00
-7.070645461297032641e-01,2.926953034279744070e+00,-6.254321247047265331e+00,-5.014482232385919502e-01
1.451295678662763988e+00,6.544711775173506219e+00,-3.520982980082208780e+00,1.582964212745370247e+00
3.089734105609131198e+00,8.151779655205700692e+00,1.031976132090636655e+00,3.541401601259741128e+00
3.985790868214042160e+00,6.000901058013992539e+00,5.469640297150810682e+00,4.516033559283867405e+00
3.972087534482847460e+00,2.925227548702455938e-01,7.547359444593617184e+00,3.513668629627456852e+00
3.104869072545596520e+00,-6.368613896135506991e+00,5.507509123228873094e+00,4.670667142146041062e-01
1.530102372357289298e+00,-1.035206583669824631e+01,-7.049462483065453977e-01,-3.491766933799008932e+00
-8.047972622680346078e-01,-9.453542483219761650e+00,-8.695961465222559639e+00,-6.898443762184309769e+00
-3.907923073842781925e+00,-4.480484420128604484e+00,-1.451065344863362405e+01,-8.844956479710745612e+00
-7.122099888431495884e+00,1.335140579616917123e+00,-1.504369848777881558e+01,-9.075748378455438470e+00
-9.159341583756221539e+00,4.530739345482682978e+00,-1.019587828913382310e+01,-7.767876841848562641e+00
-9.037043732939949336e+00,3.468624389424454169e+00,-2.891980944826757494e+00,-5.534410844847035271e+00
-6.801857367882999661e+00,-9.950195533973054118e-01,3.125447641008217037e+00,-3.246805024364304071e+00
-3.223385536546157670e+00,-6.218508066409110135e+00,5.855824144854577362e+00,-1.361810249630904801e+00
8.662523833302759879e-01,-9.179678470637565368e+00,5.900229537151901127e+00,4.603158862270521623e-01
4.643193199178070607e+00,-7.978909441616506726e+00,5.207525454943871424e+00,2.688891038105305498e+00
7.067907734705126011e+00,-2.956472348509489478e+00,5.064552003039029415e+00,4.929114276015934770e+00
7.196708512364976329e+00,3.198957459342254950e+00,5.075684841955822257e+00,5.937040525729442741e+00
4.876390365345730338e+00,6.819838271726923473e+00,3.848794713562883274e+00,4.680143707508629625e+00
9.745513758742685440e-01,5.645637131840278933e+00,6.832448294020331270e-01,1.250073237066584131e+00
-3.030714677759749343e+00,6.164947760911023700e-01,-3.244745195381019354e+00,-3.095284941819119506e+00
-5.608969023712774060e+00,-4.573950012726601955e+00,-5.386186966503825779e+00,-6.483201590199091591e+00
-5.754475585041995522e+00,-6.181593519228772315e+00,-3.864589196459678355e+00,-7.258313179716108010e+00
-3.688880994129875912e+00,-3.317685070660732816e+00,5.933250966194099085e-01,-5.003082611792684098e+00
-1.091335334750569652e+00,1.412721480442599820e+00,4.778469721478467491e+00,-1.114539026168438030e+00
-7.829493938143985976e-02,4.102861862885050392e+00,5.440652303970388459e+00,1.953157530475843728e+00
-1.536286070074590837e+00,2.649018362893231338e+00,1.994343008757273994e+00,2.457435077040316163e+00
-4.501398967962477293e+00,-1.780569168408481229e+00,-3.051332212898410834e+00,5.120627962771392427e-01
-7.151892710824050425e+00,-5.825652552009637830e+00,-6.325751352843263398e+00,-2.369362703162868122e+00
-8.121880973919610724e+00,-6.435185919783284803e+00,-6.316475625923215986e+00,-4.495535064198255881e+00
-6.938170599790248971e+00,-2.952984737784566605e+00,-4.151598543470604419e+00,-4.755436919053504852e+00
-3.925602717230786798e+00,2.470602586445876714e+00,-2.106004161051803436e+00,-2.875463810401039932e+00
-2.540302232946961003e-01,6.375618344004490012e+00,-1.514609695457646898e+00,3.500511242647273424e-01
2.291161196860789673e+00,6.502060593232244834e+00,-1.916904078937009093e+00,3.182042166309760223e+00
2.358581427250725060e+00,3.523170416929532145e+00,-1.888464286257962144e+00,3.923771782328007607e+00
8.817357367822177550e-02,5.114858433025140094e-01,-6.022088925619043520e-01,2.112673304058542811e+00
-3.087540824327490885e+00,4.445825325180498000e-01,1.299467232662421923e+00,-1.290214816652734520e+00
-5.667730009554411197e+00,3.835942555091219397e+00,2.288964707609817850e+00,-4.723659114826813443e+00
-6.920378650862845760e+00,8.439294003362642016e+00,1.480315633935574082e+00,-6.798844707452998293e+00
-6.789947793765670703e+00,1.105825827435481479e+01,-3.189631274473239131e-01,-6.604909475273829322e+00
-5.616776065151233510e+00,9.819815694378139170e+00,-1.090824848423006088e+00,-4.050306958670772950e+00
-4.096212836172326455e+00,5.277494623120034589e+00,6.886563299525483295e-01,-2.012183427940179847e-01
-2.997603370131936007e+00,-1.165569258685621029e-01,4.528085633911871355e+00,3.205016822425059253e+00
-2.546051652182066860e+00,-3.589513485960410311e+00,7.850276586471940377e+00,5.040258656596628306e+00
-2.280790519703026487e+00,-3.697791424036022345e+00,7.568032020312356778e+00,5.490921355080526922e+00
-1.726425592218503446e+00,-1.119652663766240286e+00,2.371182828347804694e+00,5.388580270894524737e+00
-9.552075214408627390e-01,1.910736799727715374e+00,-5.832918716603504805e+00,5.183413484901230106e+00
-2.725147569163650085e-01,3.197442244731272254e+00,-1.262478045982483188e+01,4.839776381046261733e+00
3.408162897054278773e-01,2.090865405354616957e+00,-1.383636846865658399e+01,4.370104810211786095e+00
1.090759445550762985e+00,-2.171528426145423463e-01,-8.493032656119300583e+00,3.948850263977606190e+00
1.848368754834929906e+00,-1.820342465018935263e+00,4.130722154675740554e-01,3.586053099791286058e+00
2.183782946587068174e+00,-1.715289296912822170e+00,7.991556468213646625e+00,3.143260448285574604e+00
1.923016363859400446e+00,-5.589251671824936318e-01,1.070249040272039842e+01,2.718495619703182431e+00
1.402266201935296497e+00,1.093773317793775013e-01,8.344679243613422059e+00,2.677154912798194619e+00
1.220242415027035676e+00,-4.512281730136405433e-01,3.609461115827492073e+00,3.251889018367044581e+00
1.979966704938882716e+00,-1.159675766379999251e+00,-7.842146664096832920e-02,4.389123705656587937e+00
4.071067596505530517e+00,8.221762690073053381e-02,-7.434325639431319521e-01,5.943349540873512638e+00
7.156044296187130449e+00,4.239174817321540445e+00,1.244108062106361601e+00,7.572158891650847323e+00
9.802025564043910677e+00,9.619026979789934373e+00,3.781503893201216382e+00,8.354581536028765854e+00
1.023378127997910880e+01,1.265156381757315884e+01,4.509405094639365785e+00,7.115151222722670532e+00
7.943784551370921321e+00,1.058557080418208152e+01,2.258962589547553357e+00,3.656128817824474631e+00
4.393535342497783880e+00,3.847773465754585676e+00,-2.253047958049649413e+00,-5.339127311351232752e-01
1.790708530009094801e+00,-3.979991313217484450e+00,-6.869763486288547050e+00,-3.295907368189079367e+00
1.208290460093836449e+00,-8.530128542514457735e+00,-9.371636338172836034e+00,-3.623447555392993014e+00
1.986385340453897363e+00,-7.439375926929251648e+00,-8.853400803311327394e+00,-2.350590252370032385e+00
2.668609080520975230e+00,-1.572086331231543843e+00,-6.067572512472437118e+00,-1.193093193086669723e+00
2.232652055453461681e+00,5.841627174977644721e+00,-2.617920165094730578e+00,-1.342187512507002189e+00
7.311871814775841028e-01,1.120786582390812747e+01,9.994893033540751259e-02,-2.740497021775289532e+00
-7.000224933625419643e-01,1.238958716361129397e+01,1.398665256528338618e+00,-4.204560430339366661e+00
-5.056229905477025444e-01,9.556829748146927983e+00,1.309191111265633811e+00,-4.228175488748465938e+00
2.011656785166625383e+00,4.894935268245500737e+00,5.090435634703422974e-01,-2.190544485420435450e+00
5.762969238268326855e+00,1.336553168855044049e+00,9.920505520696884516e-02,9.162708661297964685e-01
8.479002743614206139e+00,8.406870607035603626e-01,9.347146940719945896e-01,3.180588201600008436e+00
8.493242066081890584e+00,3.196028576505904439e+00,2.780508324530058140e+00,3.417729704325837670e+00
5.905058510855185183e+00,6.261158800098822752e+00,4.121309926659648681e+00,2.046801548894447098e+00
2.120965328952819640e+00,7.577747729431583146e+00,3.125522112082148585e+00,3.545872418700600770e-01
-1.338002828241689812e+00,6.135905115374297836e+00,-7.718146593139958433e-01,-7.580657738931544376e-01
-3.530784090195806968e+00,2.910282059182812464e+00,-5.969367699956620754e+00,-1.164345996727645716e+00
-4.225881838152705683e+00,-1.494104602021484318e-01,-9.445243953821275795e+00,-1.116507052201065830e+00
-3.884360867051366739e+00,-1.680142019073260551e+00,-8.775269170392380857e+00,-9.247058567193965350e-01
-3.334245731183253181e+00,-1.662783993881003397e+00,-3.886209746765417972e+00,-8.199603255825032022e-01
-3.029165077317896859e+00,-9.124182901347888119e-01,2.835178271030002861e+00,-6.673282194900872488e-01
-2.683157714805931793e+00,-9.587481816897049092e-02,8.104831745606274396e+00,1.017270216570161645e-01
-1.940235309447846834e+00,6.273900260343302504e-01,9.743306943633267991e+00,1.793188965395435597e+00
-1.249023151166039902e+00,1.180473582336915461e+00,7.747102518013063488e+00,3.637942099017230202e+00
-1.603485224031817369e+00,1.180315257987968769e+00,3.907203124968808172e+00,4.121589095430789662e+00
-3.375652926008071653e+00,2.365956823475176551e-01,4.474522334651411803e-01,2.345075492892308322e+00
-5.796257205155502135e+00,-1.398161514403733596e+00,-1.335390400025872948e+00,-1.139031581624492251e+00
-7.687057067741505989e+00,-2.680968854306371441e+00,-1.580400808002852875e+00,-4.860692866846022753e+00
-8.389617197184504604e+00,-2.487928350938067190e+00,-1.312978667275072064e+00,-7.478823146425421342e+00
-7.942967293256786299e+00,-6.673922208843959814e-01,-1.401853453273750993e+00,-8.298297402403573386e+00
-6.807370358255067977e+00,1.471900601713846291e+00,-1.896670638885121107e+00,-7.315395826969145254e+00
-5.626804012409500899e+00,1.818601670699850903e+00,-2.161081558487176757e+00,-5.150517420624491471e+00
-4.843955943736066416e+00,-9.647016514442041668e-01,-1.463853709487984434e+00,-2.661949056097560273e+00
-4.182762426904540476e+00,-6.001926528584710319e+00,5.549565419251797360e-01,-2.570524775206236012e-01
-2.784164355402756641e+00,-1.018798619289815655e+01,3.749301241130812645e+00,2.249674804918599946e+00
-2.534055795098410502e-01,-1.005150951938068715e+01,7.503438161870596090e+00,4.815701132795256356e+00
2.582988515539921259e+00,-4.401393394699668171e+00,1.082240759998094148e+01,6.489184038018895428e+00
4.340051600274716925e+00,4.312519006167596203e+00,1.254424430539157242e+01,6.069725648920102579e+00
4.408275642710581366e+00,1.125536221451119800e+01,1.173421578612757976e+01,3.447358175734940300e+00
3.309420184190736247e+00,1.234184709476329900e+01,8.176811692481814831e+00,-1.149699244641766566e-01
1.874783323170445382e+00,6.937021942765991156e+00,2.752060855918757820e+00,-3.065785652273688822e+00
5.422774628885420611e-01,-1.805823624462141064e+00,-2.610021655150412290e+00,-4.597211250554957829e+00
-5.351439969456918133e-01,-8.998035398295577636e+00,-5.660538027171725162e+00,-4.669941484728983738e+00
-1.222308017328000762e+00,-1.086545667860947972e+01,-5.121872264183466861e+00,-3.624816644767259621e+00
-1.505641851051090274e+00,-6.666968988416464903e+00,-1.763178716402093560e+00,-2.097685084692021640e+00
-1.542876216983710913e+00,1.097107434326909603e+00,1.783803783054044079e+00,-9.203899001908046884e-01
-1.359770633092642678e+00,8.048705934889726521e+00,2.772605808492042190e+00,-6.010829541062870929e-01
-7.311729304217366998e-01,1.026964369682370837e+01,5.088276389915293851e-01,-8.923287910891689600e-01
4.215825665627755403e-01,6.644271246920397722e+00,-2.971211666267620011e+00,-1.047763758798528233e+00
1.744662998901273854e+00,-1.409793965381940239e-01,-4.542125742708271297e+00,-4.158716145897613514e-01
2.788940019597806685e+00,-5.009289143208659922e+00,-2.596700561729913481e+00,1.271164978398465539e+00
3.392453046112202664e+00,-3.919989366740059378e+00,1.759896366720073546e+00,3.799126044000350255e+00
3.450564049807557598e+00,2.950539160328103261e+00,5.900073098056449084e+00,6.249983154512483097e+00
2.578570440883046988e+00,1.095471116923615007e+01,7.872492820564180427e+00,7.134637225502859614e+00
4.845622912660322856e-01,1.428618320740211622e+01,7.527187999684006314e+00,5.406684342795188947e+00
-2.356388792113965902e+00,1.041280953311553148e+01,5.935721605985153637e+00,1.568649692069512991e+00
-4.827302011008502092e+00,1.974618499220893053e+00,4.133713653462858240e+00,-2.527705524050182895e+00
-6.085244352529602274e+00,-5.431708988704738950e+00,2.374954242355592715e+00,-5.145263209279443473e+00
-6.122145981652010960e+00,-7.607009231245535297e+00,1.954211744889303437e-01,-5.803395419410564138e+00
-5.427088884051137541e+00,-4.535961682237966919e+00,-3.000216234248843872e+00,-5.091328549555528049e+00
-4.412149309282379583e+00,4.718690255126496980e-01,-7.139374703531891520e+00,-3.810752124735483193e+00
-3.211975115043890217e+00,4.003527180215201930e+00,-1.089786478828858307e+01,-2.444411451238630129e+00
-1.690103225842008783e+00,4.962191102037318835e+00,-1.199329692309339812e+01,-1.033012173243385901e+00
4.819179689057528915e-01,4.316160871262209930e+00,-8.612834270804011538e+00,7.792809801797704328e-01
3.375341931019083308e+00,3.223895891906201072e+00,-1.134062450417800072e+00,3.338248211548172861e+00
6.191793151102761961e+00,1.925611027287170707e+00,7.354820327452575413e+00,6.257089739743402212e+00
7.463983708431822350e+00,3.222313469804047870e-01,1.252665679100588747e+01,8.241760424557387665e+00
6.336688287752624937e+00,-1.051013896210378773e+00,1.152032409071986763e+01,8.034200582197527751e+00
3.599950080563051547e+00,-1.194070792632632827e+00,5.013906820172204348e+00,5.590353245984592157e+00
1.144301237587799003e+00,2.468599676397624509e-01,-2.990147141034945388e+00,2.150876499653102236e+00
3.908123609396658704e-01,2.417024015822998972e+00,-7.786581725464229997e+00,-7.748475704059281099e-01
1.378060622163650661e+00,3.973075472068879677e+00,-7.187064779450510699e+00,-2.315832185239995233e+00
3.113107036173660358e+00,4.187194249026093829e+00,-2.838317190276680169e+00,-2.417898102561147233e+00
4.384302334660376665e+00,3.205541666206463525e+00,1.388990893286959682e+00,-1.690527726131820341e+00
4.377473142625616376e+00,1.472085984429489125e+00,2.490622181413426173e+00,-1.138626884585470567e+00
3.157501708835486198e+00,-6.713954612784830411e-01,3.286933646022212052e-01,-1.477706483053887965e+00
1.830051410734940598e+00,-2.727379649897055724e+00,-2.798122509659236812e+00,-2.331864634936856362e+00
1.809496154605968021e+00,-3.777890842958146589e+00,-4.188802262996718540e+00,-2.381719899434192378e+00
3.496169332489998283e+00,-2.950094444917265246e+00,-2.541448492718252794e+00,-6.798523444422021056e-01
5.747811967099436536e+00,-3.219375309088393644e-01,1.587930408216295497e+00,2.249193635682080306e+00
6.839913066427409483e+00,2.753280604714162028e+00,6.424738924918268701e+00,4.788073460612274346e+00
5.856223525941897989e+00,4.455127484808481420e+00,9.844167800913973920e+00,5.547214041162747300e+00
3.145089556437683065e+00,3.877950334366526697e+00,1.002285869492738257e+01,4.210282717167285860e+00
-1.402278786546703182e-01,1.805478460867005586e+00,6.090858349658977211e+00,1.500254840760837816e+00
-2.599381226650638865e+00,1.224197596299292923e-01,-1.063367270740903425e+00,-1.184228245451231842e+00
-3.072618523095219434e+00,2.590538511508865271e-01,-8.440552984258102853e+00,-2.288843526764471115e+00
-1.294429828308917507e+00,2.006829298817034868e+00,-1.196599553123088100e+01,-9.719935321299527642e-01
1.743559137377095558e+00,3.829762081460048151e+00,-8.901857622738104325e+00,2.170948777596680035e+00
4.402835475676678989e+00,4.400776835099362572e+00,-1.020093391097257052e-01,5.399309982012739262e+00
5.549146663520335032e+00,3.812212634283238533e+00,9.877177886982874355e+00,6.980527814300822698e+00
5.081307951631246489e+00,3.223777591870571335e+00,1.540787990542573027e+01,6.100814521032059012e+00
3.622321549383117123e+00,3.432736237812779034e+00,1.353919315165446946e+01,3.056779944779470348e+00
2.179131086283515817e+00,4.030949796280803632e+00,6.077544015559900537e+00,-8.007572020366099386e-01
1.979443833307611866e+00,4.027906279057295258e+00,-1.732950348993535616e+00,-3.327606413887389980e+00
3.819723049555864058e+00,3.063399242062493588e+00,-5.025230539534831564e+00,-2.682978175694250567e+00
7.058825422969864150e+00,1.790969335736384505e+00,-2.627465482784346662e+00,1.075087406359262587e+00
9.636113968631077498e+00,1.185593406464559019e+00,2.693949405444913570e+00,5.617978618121828305e+00
9.675041911511840453e+00,1.726371851118547962e+00,6.945995147703988515e+00,8.053450874119087999e+00
7.138574580363612476e+00,3.221356345870727722e+00,7.970270571899932044e+00,7.134652894281648727e+00
3.776082247992301522e+00,5.097065262487715742e+00,6.332623135184215712e+00,3.836435338027941455e+00
1.633200663491787052e+00,6.641265619594689085e+00,3.866309956183992202e+00,2.263463361410198993e-01
1.744959784725084617e+00,7.128665936326145314e+00,1.775700283821622927e+00,-1.835639215954491643e+00
3.807925081997848071e+00,6.079067291922722660e+00,1.218441853716822759e-01,-1.359383297635842869e+00
6.495716867431983843e+00,3.642455528546871157e+00,-1.241009075591524846e+00,1.428801760574640589e+00
8.179423156833767194e+00,7.501368850153043999e-01,-1.705883904664105888e+00,5.081668317863133666e+00
8.009991949621008800e+00,-1.261211596593005524e+00,-2.489803979962959546e-01,7.810346266324128983e+00
6.621182093060840934e+00,-1.432841262119575854e+00,3.137824608360366696e+00,8.834992390967487452e+00
5.505532842838970708e+00,1.337690518746844359e-01,6.546417217322084703e+00,8.772443902980656460e+00
5.508568226260803335e+00,2.277514938773370190e+00,7.164593414505160851e+00,8.596962880163932397e+00
6.115664487796389714e+00,3.603153447585634161e+00,3.640534538304087686e+00,8.521211928616471809e+00
6.252107671252652210e+00,3.500930875006020404e+00,-2.413506708355138919e+00,8.090419680509613798e+00
5.432561539436751019e+00,2.419457796752416900e+00,-7.391869684232053039e+00,7.033709049058171736e+00
3.969107163783200054e+00,1.169486118937308250e+00,-8.378475293775283106e+00,5.634420860158690481e+00
2.452806366547083616e+00,7.439846672849347031e-02,-5.155452374135282234e+00,4.388356497161846725e+00
1.403745509980806272e+00,-1.138775278700864479e+00,6.694590019845216011e-02,3.612839400079262742e+00
1.183345786509843345e+00,-2.766989341830718097e+00,4.622597013061374049e+00,3.320305453179474675e+00
1.788222540057492926e+00,-4.661886092423465300e+00,7.177655307930069561e+00,3.205952591475791369e+00
2.748535841963656079e+00,-6.333883174299393737e+00,8.004402707255776406e+00,2.833692757350534386e+00
3.552033143448175778e+00,-7.348066152374402193e+00,7.927660877393680749e+00,2.134197306393033067e+00
4.153550118649389944e+00,-7.510534156455825006e+00,7.180378598291940584e+00,1.703904113389232755e+00
4.793561484524989424e+00,-6.759605732072445861e+00,5.291827260225070440e+00,2.322612027319095773e+00
5.391447373607308968e+00,-5.089051915958511252e+00,2.069645546519824464e+00,4.129287020720926016e+00
5.503123379300098428e+00,-2.736934643827626523e+00,-1.412427506362340823e+00,6.466499010110730694e+00
4.917013330476430077e+00,-4.174065223083959775e-01,-3.086771494070990052e+00,8.460156415585263545e+00
3.925650386111311452e+00,8.427966930837312853e-01,-1.528366268060938449e+00,9.437060429775998571e+00
2.908794671491708339e+00,3.209706686683196919e-01,2.453612338257271652e+00,8.877016534322873298e+00
1.992650130190265045e+00,-1.826620270056570350e+00,5.943041601592036649e+00,6.573259408777062163e+00
1.244051310933786736e+00,-4.536343844555864813e+00,5.989234710179919929e+00,3.160939676849134905e+00
8.041905128485060672e-01,-6.340039622967956312e+00,2.026351384468469963e+00,7.753452386017488374e-02
5.707721314308477067e-01,-6.035817441498756430e+00,-3.419557931471768342e+00,-1.461539758507484965e+00
9.872773389285302570e-02,-3.273280435785390630e+00,-6.479519679942408850e+00,-1.338573653306935896e+00
-7.947345086449685292e-01,1.086560113450771192e+00,-4.899624399158126309e+00,-1.839459616888123872e-01
-1.537662042706916754e+00,5.105018799287530662e+00,1.170887263720391536e-01,1.505296780772115373e+00
-1.331766198181312033e+00,6.612138432367661522e+00,4.731274665539616286e+00,3.441362854447083119e+00
-9.407590989040602591e-02,4.470379354314800047e+00,5.350510964631643773e+00,4.995893926590767364e+00
1.481383366198758766e+00,-5.620728688985271448e-01,1.265339172150760971e+00,5.307767991860973034e+00
2.724980435594636763e+00,-6.075407442267434455e+00,-4.970596384545499902e+00,4.178614158601307693e+00
3.453565541736377309e+00,-9.317421982819890758e+00,-9.458427060163611344e+00,2.455193442067999055e+00
3.648854853059805947e+00,-8.760815679642615095e+00,-9.502763744052499462e+00,1.275104071726549826e+00
3.166190496893619866e+00,-4.939064293756362467e+00,-5.039534229366736895e+00,1.157116506175651205e+00
1.992683281228250003e+00,-5.161958314459919039e-02,1.665821907312611483e+00,1.897601133584154720e+00
4.954800616832424343e-01,3.371259847074409066e+00,7.499905046915300133e+00,2.946662101654676569e+00
-8.174783602828002982e-01,3.881801556201996739e+00,1.012405991541947259e+01,3.639541243712161922e+00
-1.606665553889080167e+00,1.743834545581266715e+00,8.885418708740681737e+00,3.448439512682004882e+00
-1.684003814706130253e+00,-1.522706503944763146e+00,4.747826448701848001e+00,2.450902585497070962e+00
-1.022532400167504463e+00,-4.245420685574633701e+00,-4.511539236627865046e-01,1.399988072099812797e+00
-1.019614958460555998e-02,-5.530712506064248579e+00,-4.894565115982095982e+00,9.639523517430653721e-01
6.398106383437955902e-01,-5.454604773840092236e+00,-7.444487220781110359e+00,9.823260340569028859e-01
6.231752846287542669e-01,-4.596978618639422365e+00,-7.897843211289767851e+00,7.896840390322016345e-01
5.171274863489204732e-01,-3.463313358447626999e+00,-6.826123292394109754e+00,1.789186936563899877e-01
1.133799631224523319e+00,-2.246400668858439698e+00,-5.117366174557324676e+00,-3.190126308023006896e-01
2.482370801041824393e+00,-9.599116532150171466e-01,-3.468530498248810989e+00,-9.459123763594561030e-02
3.721826749450099836e+00,3.140463462741081013e-01,-2.101664759651321379e+00,9.205321433289067601e-01
4.077211341518018450e+00,1.316845316833520574e+00,-8.320821813936528644e-01,2.250883319768118174e+00
3.437726082628660418e+00,1.745440755340265993e+00,6.070401290822627915e-01,3.120931285407583466e+00
2.127372720233746239e+00,1.539973724366734631e+00,2.224977477210926757e+00,2.730659867982378586e+00
6.177229394212623292e-01,1.061679824009490902e+00,3.647709050283057586e+00,8.310246818870432595e-01
-3.799408853387986618e-01,8.907013573319449984e-01,4.295521651421393194e+00,-1.699376159309882173e+00
-5.165722916626838690e-02,1.307239602157029168e+00,3.779681476438755627e+00,-3.208662344981423775e+00
1.857922178954658721e+00,1.936448975849220488e+00,2.297026128806860967e+00,-2.573387017303026436e+00
4.679280824479944201e+00,1.999662578421602444e+00,7.310973538455619591e-01,-8.524484937565449116e-02
7.358073303341711835e+00,1.036161720068372150e+00,2.466153743108626673e-01,2.995107053143433173e+00
9.205660422375459007e+00,-5.492160573933603240e-01,1.486845222789031640e+00,5.425944196132059361e+00
9.980148813513519457e+00,-1.634677516469795533e+00,3.905678714520838035e+00,6.402957380591062453e+00
9.607014836347923747e+00,-1.164189657404358202e+00,5.870093842260527772e+00,5.600371008652364146e+00
8.271413127022539058e+00,9.803006201640291906e-01,5.688497024502983557e+00,3.468874119787409338e+00
6.614029425039551491e+00,3.658819556655496630e+00,2.931661257807469223e+00,1.323343729965909654e+00
5.318605442220669666e+00,5.062627093392135791e+00,-1.006835433889851306e+00,4.482444757112742928e-01
4.451814803086056926e+00,3.968583057767324007e+00,-3.707914685607981653e+00,9.363424005234579628e-01
3.594025219845298658e+00,7.979825076003836948e-01,-3.382908543275227942e+00,1.801996535568405111e+00
2.684009607328363689e+00,-2.445371735734291008e+00,-1.113548900461658331e-01,2.326160879932325898e+00
2.328624706346468010e+00,-3.523621438149449503e+00,4.281530116091465388e+00,2.836174920860080384e+00
3.080387017748138501e+00,-1.671917729389857055e+00,7.505269849008284311e+00,3.948881707238865779e+00
4.686167982192717574e+00,1.725827018477243735e+00,8.192809948752287852e+00,5.473348619557035555e+00
6.235910568996362535e+00,4.137293639165833703e+00,6.475094690227392036e+00,6.469742073899722001e+00
6.850135315157996452e+00,3.784272093078880239e+00,3.580340795935953668e+00,6.243518270129656322e+00
6.151419700118269773e+00,9.028724712964975030e-01,9.409452667213318300e-01,5.027273750003385722e+00
4.450100739251606541e+00,-2.568841376983497682e+00,-5.667319815014090212e-01,3.837568576046578528e+00
2.743646553772812080e+00,-4.498100744533590323e+00,-8.713764412091985490e-01,3.848188123066351274e+00
2.178082806078661893e+00,-4.089312965801696009e+00,-4.177588682032746803e-01,5.586201122990869017e+00
3.005040221528939792e+00,-2.386694853258811477e+00,3.879495608228423209e-01,8.276012172640484721e+00
4.117295743358774907e+00,-1.380606558159946928e+00,1.524978639816790160e+00,1.005903113359802425e+01
3.990835587454743649e+00,-2.296203819330044915e+00,3.093124830973130734e+00,9.367544847652318651e+00
2.152562538937033754e+00,-4.420432093592945755e+00,4.594753713347470736e+00,6.326845080075133687e+00
-4.191996166271031443e-01,-5.618964883718801318e+00,4.649870347700110429e+00,2.701596248543027823e+00
-2.161814155159842876e+00,-4.251077167745565433e+00,1.945100494092708798e+00,4.758269513258890915e-01
-1.907307648624216867e+00,-7.347583774710343407e-01,-3.090037289507194807e+00,5.876641919404848036e-01
6.887294820970408793e-01,2.787253859224515740e+00,-7.651727455135963751e+00,2.747677650966233287e+00
4.937280105375907446e+00,4.364565868299634666e+00,-8.198470859345123429e+00,5.871850754962457231e+00
9.090234930191547491e+00,3.829470035594085164e+00,-3.365015265862826510e+00,8.526558534380109577e+00
1.108368853073981697e+01,2.563884380714684053e+00,4.406289753525932440e+00,9.489902612258680037e+00
9.898203480680392019e+00,1.882550624601076805e+00,1.019097312733150495e+01,8.420684982409666119e+00
6.261963448184546976e+00,1.803105206849741071e+00,1.000514187244972142e+01,5.996243314357002419e+00
1.963881397039230592e+00,1.354234792431838974e+00,3.686330739204329632e+00,3.260930144924901519e+00
-1.361177198021477963e+00,-1.417334963659984681e-01,-4.949149579351438177e+00,9.539630673937709027e-01
-2.846825934743534070e+00,-2.258997727192721072e+00,-1.071488261382248552e+01,-5.278745923217591507e-01
-2.471231666824269535e+00,-3.849535974762346768e+00,-1.044692785687233183e+01,-1.002042435354083771e+00
-1.114633843669017743e+00,-4.047292258189855829e+00,-4.810331013478091222e+00,-7.934106502660510651e-01
-2.873138481756244422e-01,-2.908693467050231796e+00,2.484636335067350377e+00,-8.809807432753544720e-01
-1.060154618636085289e+00,-1.320191297360063798e+00,7.197886678959395823e+00,-2.091606949442388341e+00
-2.985173038699436621e+00,-4.839839840975951879e-01,7.010278528687695854e+00,-4.003097489859568370e+00
-4.358842970059500388e+00,-1.329311529407605441e+00,2.517431458225126040e+00,-5.075469416929009547e+00
-3.716845669745346470e+00,-3.938160641657433736e+00,-3.498492076629085012e+00,-4.102160960068690798e+00
-9.550997131065530610e-01,-7.185843402509953570e+00,-7.808648716850690619e+00,-1.332366968820492659e+00
2.858920768131672840e+00,-9.101594370374142429e+00,-8.450567287034234099e+00,1.869243536757901891e+00
6.281765108198012371e+00,-8.129550960722511377e+00,-5.645180509607431674e+00,4.107318935772108937e+00
8.034273805287487136e+00,-4.478215677684528551e+00,-1.614436444534244508e+00,4.613139185446172519e+00
7.421737835907098457e+00,-2.760030474135751200e-01,6.395817613228491627e-01,3.387336225489052666e+00
4.845173825197774065e+00,1.829780615542310640e+00,-8.334649499163866437e-01,1.212470058749524071e+00
1.813719574813082769e+00,5.221523861393220223e-01,-5.426015561955797928e+00,-6.728096540225273481e-01
4.496346919674753390e-02,-3.401768467797336992e+00,-9.964481962942999260e+00,-1.412418776622630157e+00
4.066675613705524883e-01,-7.777472541277613338e+00,-1.064842022870022120e+01,-1.117385540852268599e+00
2.648253925123785990e+00,-1.052379626914508570e+01,-5.846484773219533082e+00,-4.302016383101252006e-01
5.753710987010593136e+00,-1.068544929845244340e+01,2.380514249461250564e+00,3.163005485758473290e-01
8.242318965782240880e+00,-8.617307446115962222e+00,9.434963908124323950e+00,1.131607056370817155e+00
8.529231526946313480e+00,-5.524864745035710456e+00,1.127743176006362447e+01,1.669099088434064182e+00
5.779470050577237394e+00,-2.740456180720188151e+00,7.068424952047283050e+00,1.036539600702239161e+00
7.068217114069177409e-01,-1.067260360188594603e+00,-6.013415460249069699e-01,-1.433775676444484670e+00
-4.726217520641765368e+00,-5.011945077356012579e-01,-7.774016917004419547e+00,-5.391358598295008520e+00
-8.560877401393836905e+00,-4.659347836722127489e-01,-1.164444356183649631e+01,-9.484707651077457058e+00
-9.777205204893144597e+00,-3.519923613627650716e-01,-1.174441039856667146e+01,-1.198438427841881193e+01
-8.345454495871621248e+00,3.215089342138945788e-02,-9.390511162138709622e+00,-1.156386700722841532e+01
-5.044422741601328752e+00,3.636267368760879859e-01,-6.308288056748581951e+00,-8.123139320713617550e+00
-1.400870201334799114e+00,7.282546820085372685e-02,-3.613159771911152784e+00,-3.229140434793100312e+00
8.522711820158445084e-01,-1.242212351324685438e+00,-1.661428661154007447e+00,6.138176476346036692e-01
9.269235679413625473e-01,-3.551024132979812897e+00,-4.836756289937272357e-01,1.676307605605315665e+00
-4.226105769926430389e-01,-6.383263611011130934e+00,-2.371187956898995752e-01,1.238803441679692946e-01
-1.720130772191796886e+00,-8.900031371637055599e+00,-1.331622954723669761e+00,-2.561642421276943971e+00
-2.098183755766978020e+00,-9.926295568546745329e+00,-4.150823324415725324e+00,-4.966217264832384792e+00
-1.684602115353579066e+00,-8.243399687998580916e+00,-8.457052698164222448e+00,-6.346914596976077405e+00
-1.055716624633786127e+00,-3.476257793977237220e+00,-1.285546053056455840e+01,-6.350942219848371373e+00
-8.190264662982904564e-01,2.910358488712663672e+00,-1.499322529935156822e+01,-4.912006852546006108e+00
-1.560012215321015638e+00,7.778887660496677015e+00,-1.286440243599006550e+01,-2.555639207769737187e+00
-3.508863415228173466e+00,8.247480430654730910e+00,-6.506096573856376075e+00,-2.915506812371949641e-01
-6.011213936711835792e+00,4.047512466316093516e+00,1.459316731979642956e+00,1.084787835410563339e+00
-7.745469158138794441e+00,-2.011118863579692384e+00,7.292383186552924279e+00,1.374334953726944475e+00
-7.788401291191315856e+00,-6.244216093535585266e+00,8.595796920614249714e+00,6.424416582833193390e-01
-6.326306788252463065e+00,-7.028272730409537594e+00,5.679438205838971854e+00,-1.013669261968725754e+00
-4.240793081720572566e+00,-5.666449593787456607e+00,8.205522193397387642e-01,-3.076965730516140418e+00
-2.291171313186768366e+00,-4.489868581402668646e+00,-3.538495445320528621e+00,-4.399607995023793627e+00
-8.368587744170541409e-01,-4.335915117266986307e+00,-5.904854799687566214e+00,-3.930083252978742614e+00
2.615334143813502835e-02,-4.050145358746420676e+00,-5.658696319369425964e+00,-1.677875853249612303e+00
4.063382850842511274e-01,-2.345455806070490201e+00,-2.739836262261108768e+00,1.261273547095550951e+00
4.844758563004135099e-01,2.267628736510237109e-01,2.050793130026478117e+00,3.545330264297013034e+00
1.440684934400377204e-01,1.499991595800972632e+00,6.599042055086241199e+00,4.313305245711981151e+00
-1.029445523372236160e+00,-7.601297177196736365e-02,8.035907326341126478e+00,3.448091069676162412e+00
-2.989364363281959758e+00,-3.659747405863344127e+00,4.556580660769066426e+00,1.658478710847933524e+00
-4.660976668605990803e+00,-6.665351270443557574e+00,-2.803527864976432582e+00,2.139345261302198764e-01
-4.701428753724515630e+00,-7.115617943347253060e+00,-1.019337338229796686e+01,-1.074799118195372133e-02
-2.956014112217919543e+00,-5.214309158938390532e+00,-1.324052239117452245e+01,5.278584455010768561e-01
-8.027973637569857379e-01,-2.718089190055871018e+00,-1.012273408433856048e+01,4.034933351275610813e-01
9.570291846110014211e-02,-1.119065267735759983e+00,-3.041772644578929707e+00,-1.234027241577837497e+00
-8.242945338460563320e-01,-6.174600910974462620e-01,3.215472772706675642e+00,-3.650374268823496582e+00
-2.816446142824518883e+00,-6.039867666095866117e-01,4.711639817612313763e+00,-5.153882577292462130e+00
-4.499366615042680984e+00,-6.710487144378719515e-01,1.229851032278832967e+00,-4.488297503407796540e+00
-4.601354987385866124e+00,-9.206531414170314731e-01,-3.688241713506306141e+00,-1.604533664350483724e+00
-2.644403439169309422e+00,-1.470646659715695526e+00,-5.668275301077452255e+00,2.387567609261694201e+00
4.990132471118948754e-01,-2.020669761165535760e+00,-3.085689692914379112e+00,5.630247788146107268e+00
2.888210684893800728e+00,-2.074725841292861084e+00,1.690716077017506702e+00,6.332571302263031221e+00
2.922419807822179916e+00,-1.495306844178064143e+00,4.470431823733759913e+00,3.971080022379157359e+00
6.808859196871934749e-01,-7.066266743576848919e-01,2.879152029719262984e+00,-1.265835876413311523e-01
-2.229278102441338394e+00,-3.489749200320603761e-01,-1.792812290351030846e+00,-3.739419310624586767e+00
-4.050555021137919098e+00,-7.462992873385762005e-01,-6.028796072967274711e+00,-5.439991743313407291e+00
-3.964958582127552589e+00,-1.605940702785108476e+00,-7.193972304789356009e+00,-5.238090772845523269e+00
-2.188629151279333218e+00,-2.119068234660452799e+00,-5.328930235108792601e+00,-3.812547589387654590e+00
3.912480469805945660e-01,-1.426154377043627353e+00,-2.273395875164271107e+00,-1.674114407430125295e+00
2.624427049603010431e+00,7.463701283604518011e-01,4.722274597177826827e-01,8.035634864566673086e-01
3.708034510530147099e+00,3.659064406918823842e+00,2.744009512531860207e+00,3.050271833118801457e+00
3.727080364698300841e+00,5.757467736630913713e+00,4.782012827265418764e+00,4.390439967902536544e+00
3.375516092321526607e+00,5.570943307179535786e+00,5.845195376587471792e+00,4.315434279092134062e+00
3.012418431513407491e+00,2.808702666581889495e+00,4.284174859827981408e+00,2.551812972396762635e+00
2.296774589345334405e+00,-1.181578835050218990e+00,-7.480081251882032545e-01,-7.784261914567127683e-01
9.090848577623464877e-01,-4.101259156901844172e+00,-7.686219453251434963e+00,-4.767578888246169377e+00
-7.627816591740342878e-01,-4.179223161761907335e+00,-1.288573277878848522e+01,-7.819763542860349581e+00
-2.008962056925890138e+00,-1.370497705036272329e+00,-1.298448230943490955e+01,-8.667957075044425252e+00
-2.604819035862108390e+00,2.661619274161966864e+00,-7.471842137874329381e+00,-7.365660331323214294e+00
-2.835343157575215489e+00,5.766278914234167274e+00,7.059743303926200308e-01,-5.087215202446524920e+00
-2.879643786536507655e+00,6.775836195896507874e+00,7.114400710880501855e+00,-3.069087364467801837e+00
-2.615518085294945561e+00,6.132916986770521994e+00,8.819025393976007265e+00,-1.962872588962125464e+00
-2.021606604828650067e+00,5.269611094643115834e+00,6.020520258852330109e+00,-1.928610894449033442e+00
-1.389612589901419337e+00,5.269951172156504882e+00,1.263897327959761396e+00,-2.755866873961914987e+00
-1.078348265640114656e+00,5.873298465495470744e+00,-2.745935576919400933e+00,-3.810226761733475964e+00
-1.351926344493937115e+00,5.637540878201638961e+00,-4.807800750708913107e+00,-4.380101524133876545e+00
-2.446736761021810036e+00,3.197851635657351643e+00,-5.333742607125937063e+00,-4.373875192324861771e+00
-4.365879205965853771e+00,-1.357782735454182266e+00,-5.315950651026736473e+00,-4.404910388615644656e+00
-6.459147614687679173e+00,-6.162606421339454243e+00,-5.260447505756861375e+00,-4.982211987379204565e+00
-7.633856556348799671e+00,-8.670712424141120422e+00,-4.904195245850400120e+00,-5.879168966212547254e+00
-7.342362977267566926e+00,-7.404674557472755936e+00,-3.772643188872908393e+00,-6.504830562442885267e+00
-6.192250275315470454e+00,-3.042528239751726815e+00,-1.973685264785106419e+00,-6.616654896062559743e+00
-5.338210714753892638e+00,1.961496286764889296e+00,-4.389441265165558437e-01,-6.399815221148203115e+00
-5.412523507610495166e+00,4.969265722011135367e+00,-2.852824865369454344e-01,-6.098794953365539229e+00
-6.195545797284598422e+00,4.878142156138191687e+00,-1.815843908348351077e+00,-5.897848292547259952e+00
-7.035752697121921528e+00,2.757590783845971671e+00,-4.153360555034454116e+00,-5.953575120796189779e+00
-7.271215651619226783e+00,8.864231947203633499e-01,-5.979055885887794908e+00,-6.160310322971540131e+00
-6.497348971144035978e+00,8.792300976213222041e-01,-6.702639734315463116e+00,-6.037027495402472077e+00
-4.931099084513332009e+00,2.435633680306437565e+00,-6.834341904096487674e+00,-5.304512166581245580e+00
-3.514235346946970928e+00,3.797646461231068749e+00,-7.128877291214900325e+00,-4.534157921925840995e+00
-3.229984025884949261e+00,3.415987088292687268e+00,-7.456568427839448177e+00,-4.717103322253854536e+00
-4.178116396361271967e+00,1.142624127381668853e+00,-6.733989665508018696e+00,-6.022202963324917668e+00
-5.560386450383885126e+00,-2.119390432582145767e+00,-4.097766272127227438e+00,-7.344951348103609057e+00
-6.582479826347775287e+00,-5.560977930920376622e+00,-1.170780965737195922e-01,-7.305533428703132159e+00
-7.039104333583312112e+00,-8.840004934482941223e+00,3.241647900827083095e+00,-5.483954686802595901e+00
-6.989799819898022015e+00,-1.137113764584685249e+01,3.961116439299919190e+00,-2.607996012769194127e+00
-6.362336117618718312e+00,-1.187866790762584834e+01,1.488464884862138238e+00,9.641310821049088597e-02
-5.211132614541497787e+00,-9.298872708379091634e+00,-2.834729381319371910e+00,1.539058136000867050e+00
-4.070170644691413209e+00,-4.212693431228418994e+00,-6.728460256228080638e+00,1.207701411508779854e+00
-3.646586847557097499e+00,9.905915347260203507e-01,-8.460698133791154874e+00,-4.840253710330437720e-01
-4.224219292917480217e+00,3.705939148426878660e+00,-7.662803265392956753e+00,-2.381318990133172164e+00
-5.571406045297021770e+00,2.967097158487820963e+00,-5.061129430007615504e+00,-3.557725926158193275e+00
-7.264107885112208507e+00,-1.922881514045334250e-01,-1.769912130901065028e+00,-4.176293371987749303e+00
-8.818669922434517972e+00,-3.965081613709777741e+00,1.105376148175891471e+00,-5.144911136183766054e+00
-9.671171883738537645e+00,-7.090509358160929310e+00,2.629225353990409797e+00,-6.915629851184745824e+00
-9.446960645138275936e+00,-8.991636545389013691e+00,2.451489597846459034e+00,-8.855942618208336725e+00
-8.307802799569275365e+00,-9.062460884932470151e+00,1.290734293086002626e+00,-9.778227093935635494e+00
-6.766426455044518562e+00,-6.467740301973512906e+00,6.429121866464361235e-01,-8.851358734263754968e+00
-5.151521130323096997e+00,-1.058970084885818119e+00,1.505197291281776595e+00,-6.118508910796697009e+00
-3.529170728353059783e+00,5.589585904399690719e+00,3.228702558928143951e+00,-2.604120941416053103e+00
-2.110322202715687823e+00,1.049204192390156010e+01,3.843294031385790621e+00,-1.772527355615449024e-02
-1.300645671923001734e+00,1.108497567529006922e+01,1.797594037703371672e+00,1.817274455628307972e-01
-1.191166843489867233e+00,7.117528137610348082e+00,-2.469790549595771711e+00,-2.078816326904945111e+00
-1.368400642526123034e+00,9.218218932512737274e-01,-6.641007022836094897e+00,-5.329647638845550262e+00
-1.465976451832742944e+00,-4.182736074315754671e+00,-8.209619117433712532e+00,-7.718662052015908159e+00
-1.592211705260793364e+00,-6.002199687923802429e+00,-6.198348583651780430e+00,-8.249427116762701573e+00
-1.929650451687896506e+00,-4.499174572258996641e+00,-1.522381848816832806e+00,-6.913807454253509732e+00
-2.227403218445149324e+00,-1.275666664158967789e+00,3.931884816074140421e+00,-4.156175310838026604e+00
-2.135912938041232945e+00,1.728343567671112968e+00,8.376570113217139735e+00,-7.291373523753226227e-01
-1.898716312211687907e+00,3.295919065481794252e+00,1.054095357463716454e+01,2.171846464739228821e+00
-2.232965196579999034e+00,3.274631569373795514e+00,9.664898774220374023e+00,3.346454482010805975e+00
-3.471645910240054089e+00,2.293724437478572575e+00,5.670444996896465639e+00,2.442583385246578587e+00
-5.147889528505580792e+00,1.208618179503489154e+00,-4.437136237040927300e-01,1.585291638298030326e-01
-6.449928384861139286e+00,6.387780449504882885e-01,-6.573123582960671563e+00,-2.420512598479807487e+00
-6.789328585940613614e+00,7.681190826336479205e-01,-1.031939522871698323e+01,-4.422566070222564427e+00
-5.977590049875101563e+00,1.307357847773397808e+00,-1.032646370098753330e+01,-5.266010425466176592e+00
-4.336862489861361247e+00,1.538649883195174928e+00,-7.151935424958210774e+00,-4.787602387860629527e+00
-2.811553205624047092e+00,6.360559662691528393e-01,-2.889835349227988015e+00,-3.621746466033882506e+00
-2.517746240231703236e+00,-1.636429051270191115e+00,2.244871344276522795e-01,-3.036927075567949608e+00
-3.775749561061279014e+00,-4.356936482331982496e+00,1.128733508203235036e+00,-3.912959750850822260e+00
-5.725870922963906651e+00,-5.784571477905252834e+00,2.229485085096875041e-01,-5.943429919125594374e+00
-7.137794746940389068e+00,-4.635764010297843463e+00,-1.329201397899604231e+00,-8.062083606610503494e+00
-7.473575808949635579e+00,-1.248444267783622053e+00,-2.480777644837365958e+00,-9.470099447493680600e+00
-7.037725809240206409e+00,2.526303510549813947e+00,-2.699954466295945821e+00,-9.994589652913523636e+00
-6.428827723341509426e+00,4.727257817312531252e+00,-1.918062692583962781e+00,-9.724234762358896944e+00
-6.230607968955091280e+00,4.758864373797373482e+00,-4.241800752453487311e-01,-8.841276234213568230e+00
-7.004636032778905452e+00,3.652749877873082696e+00,1.165270654971628961e+00,-7.854042424089989538e+00
-8.989160747289997033e+00,2.971249891355916883e+00,2.069334099762189183e+00,-7.533132847905805285e+00
-1.166113587890357550e+01,3.399905653519037951e+00,1.708328512240289365e+00,-8.373549908286038956e+00
-1.394905049131422636e+01,4.252443501480989596e+00,9.966842693402203773e-03,-1.027075490751066056e+01
-1.503719725984127109e+01,4.252400810747791304e+00,-2.560352140007287502e+00,-1.269579508390069655e+01
-1.477802906877786882e+01,2.857883136825436932e+00,-5.134593938930483326e+00,-1.483444055924208449e+01
-1.338239048366839512e+01,9.265083289068932748e-01,-6.610391623929865013e+00,-1.555256420374435322e+01
-1.113999716790862493e+01,6.226440318417461595e-02,-6.024930602580450767e+00,-1.385673811857330229e+01
-8.535989572268320558e+00,1.174765348024987333e+00,-3.267976477732327467e+00,-9.886109522983694831e+00
-6.120135793216546105e+00,3.589516588471771463e+00,3.501195838996815635e-01,-5.188973102211964950e+00
-3.911470704211705840e+00,5.599976362871919910e+00,2.529318374232600863e+00,-1.538203709076139569e+00
-1.331681302638001663e+00,5.955972998245039562e+00,1.537706995137707811e+00,4.896003237438495415e-01
1.766858386819453397e+00,4.848712167841535248e+00,-2.265465870881596455e+00,1.519945009179689110e+00
4.220531300606831238e+00,3.499424824370058307e+00,-6.415805785664419503e+00,2.239388155492867849e+00
4.302925306333162503e+00,2.900574238359876933e+00,-8.035601853273329098e+00,2.750022836696007111e+00
1.498549251645688640e+00,3.043076256713407091e+00,-5.820124217479040851e+00,2.964674772697037497e+00
-2.743478345980443933e+00,3.312933567790273592e+00,-6.805144374262793727e-01,3.035377668587027511e+00
-6.045936442072917139e+00,3.439255345466505354e+00,5.254471200171589196e+00,3.165377706536899538e+00
-6.693153748233375389e+00,3.828351513430836128e+00,1.011981918112458700e+01,3.357429713810204497e+00
-4.464093493392259582e+00,4.864872383033364223e+00,1.295886216285846437e+01,3.533777015589756321e+00
-6.107108445313038647e-01,5.979028165643473613e+00,1.332359217151131681e+01,3.601744273002984276e+00
2.749395047083988075e+00,5.664574485793261616e+00,1.078463370153184009e+01,3.277381768839904286e+00
3.850245597611679838e+00,2.725366615035183404e+00,5.333607912175761356e+00,2.279153702558986527e+00
2.594849113460585777e+00,-2.296999712037851360e+00,-1.536607068728732539e+00,1.025742343572672022e+00
7.062859148973187340e-01,-6.942630154958679967e+00,-6.523889928596758203e+00,7.941361793840747696e-01
2.730994350798345849e-01,-8.307064064435540018e+00,-6.175516025408373189e+00,2.653763991972989178e+00
2.039227522404480464e+00,-5.102674731759873517e+00,2.267067325211347961e-01,6.196797975929844604e+00
5.032688718921310311e+00,1.314949165496969385e+00,9.081716851724564776e+00,9.539170560766303097e+00
7.520598835313298203e+00,7.775399622915370124e+00,1.420842344566910143e+01,1.057535488412022850e+01
8.160099386779934960e+00,1.136718447254727948e+01,1.116609485184901907e+01,8.280891415289937996e+00
6.675976775293830379e+00,1.120175412582685937e+01,8.666180756152165321e-01,3.303997514884241316e+00
3.991366832472850845e+00,8.555088281815619311e+00,-1.061585796218350097e+01,-2.201024465265837726e+00
1.627435433788590347e+00,5.394308628406827566e+00,-1.616341168075098622e+01,-5.601332939835633518e+00
4.851334827922073600e-01,2.684628936978351810e+00,-1.257095687457094613e+01,-5.500402106442686012e+00
9.867769968604238329e-02,3.928686330018681117e-02,-2.565850886743282988e+00,-2.877874482396096667e+00
-6.457050709290642621e-01,-3.091398420077707598e+00,7.472633750182973600e+00,-3.055722007983756039e-01
-2.078104098181512427e+00,-6.120897168555320178e+00,1.206048146700821810e+01,2.172759879076797129e-01
-3.393656148638607206e+00,-7.477417993322299949e+00,9.888012696910548627e+00,-1.338061402463725402e+00
-3.751171707229075558e+00,-6.142908659018206485e+00,3.739432656704511526e+00,-3.553587264501659071e+00
-3.261122105083976042e+00,-2.892840375928727781e+00,-2.218544224436979739e+00,-4.971634072345699096e+00
-2.658323216365266806e+00,2.114624214111792688e-01,-5.312872539123378424e+00,-4.915261530804643009e+00
-2.366298926780361356e+00,1.649382844711811513e+00,-5.393734796600885950e+00,-3.575461085014603135e+00
-2.226334483707817391e+00,1.733066810728658647e+00,-3.830856789669473628e+00,-1.875079884206009240e+00
-1.933453942373731804e+00,2.065390770887878258e+00,-1.833656736846874136e+00,-1.029347642793015938e+00
-1.406151022296792563e+00,3.727026613000978372e+00,3.675445878637632058e-01,-1.646581012579185099e+00
-8.437997829682373219e-01,5.987637522209580787e+00,3.008106189058184832e+00,-3.106664739336791214e+00
-6.866437219825559657e-01,6.794070958112089720e+00,5.762175608189205711e+00,-4.062967548275706164e+00
-1.382519654542564203e+00,4.588966114304110278e+00,7.434953891499671563e+00,-3.623472123138586909e+00
-2.883472176154660449e+00,-1.981265396297831882e-01,6.821114105172068065e+00,-1.954576997834161833e+00
-4.459993427276811140e+00,-5.265653354288897248e+00,3.954416582072433517e+00,8.064211979784313700e-02
-5.333049918393477640e+00,-7.953855053143680465e+00,5.033144485438918458e-01,1.552293320590295567e+00
-5.443833151341255672e+00,-6.872626194163951041e+00,-1.205078415175960371e+00,1.865089534378886249e+00
-5.283456563005724860e+00,-2.575992761647474261e+00,1.568659550828659932e-01,1.052590947908308872e+00
-5.031801223333956408e+00,2.843991206137233441e+00,3.862580571591110346e+00,-1.389919378793015303e-01
-4.321489920330973789e+00,6.793128129863171161e+00,7.510852814013843748e+00,-7.737942150843878375e-01
-2.969043599072417994e+00,7.407635981197055131e+00,8.600659614329632774e+00,-5.301964066891913241e-01
-1.517524049773410599e+00,4.575316906407070228e+00,6.204204318760740300e+00,1.941136567464811225e-01
-7.822972749744344645e-01,1.444430233720223056e-01,1.601465206297540300e+00,9.801093371651654618e-01
-1.096639469741482742e+00,-3.112723776185220892e+00,-2.504944838337389790e+00,1.761355914753354401e+00
-2.176231211641000307e+00,-3.323116166740765376e+00,-3.632041852895962819e+00,2.318263818298264667e+00
-3.391100605053560813e+00,-7.826727998931187757e-01,-9.720984037297979441e-01,1.951979582586010675e+00
-3.866690374046092504e+00,2.439483244091969372e+00,4.185376462757982807e+00,2.923641272801352775e-01
-2.664818630049083037e+00,4.305314857213129009e+00,9.241252687048547187e+00,-1.706774502428552109e+00
5.222210073049381451e-01,4.482284272381043877e+00,1.172620507687197211e+01,-2.192925395752709949e+00
4.758926346498452808e+00,4.397949526890776895e+00,1.051367194407077577e+01,-5.857814762676282622e-02
8.303119774077906357e+00,5.608439896078024844e+00,6.240307548476036636e+00,4.021776786069528598e+00
9.843674109228405911e+00,8.000230955773909969e+00,9.449126503191500603e-01,8.138662387702060741e+00
9.285140008371863374e+00,9.612515434575053419e+00,-2.805944643393122995e+00,1.045830528426282591e+01
7.534995405285832781e+00,8.413136499517982259e+00,-3.086546049452957519e+00,1.020445030202902359e+01
5.893359766819709300e+00,4.443248548501870232e+00,3.033921765095587419e-01,8.058522123080777533e+00
5.523451913200537078e+00,2.466009910488320689e-01,5.552320124884336572e+00,5.895696272875985855e+00
6.844184111082255662e+00,-9.902877165542300908e-01,9.837218452935063695e+00,5.584360585940280508e+00
9.033722017990813313e+00,1.952807139695243555e+00,1.111098607310616160e+01,7.407996765981608611e+00
1.044488040921498140e+01,7.222622462171394808e+00,9.368145612038897951e+00,9.690201108025391363e+00
9.982744941952368833e+00,1.121859862350054193e+01,6.398791304319047413e+00,1.033134631069231624e+01
8.118591357581957269e+00,1.119885288093400533e+01,4.262807470460719728e+00,8.773531428419046208e+00
6.438732004286085164e+00,7.056945441225671800e+00,3.755924533976028989e+00,6.372585461416385044e+00
6.349413298630604885e+00,1.093980791490180238e+00,4.117132595508273596e+00,5.067620610088992450e+00
8.295311209528138718e+00,-3.638731854837659263e+00,4.124809395918151544e+00,5.918432976704910864e+00
1.177041702605555784e+01,-5.022589320596535067e+00,3.445805520845537373e+00,8.586768007940982272e+00
1.552436452866205130e+01,-2.732757865729445346e+00,2.875112747117217094e+00,1.161023882488169079e+01
1.791689842359593143e+01,1.755277464688703715e+00,3.303879055078230653e+00,1.317692425744819040e+01
1.781543604810119419e+01,5.893250452361356473e+00,4.672305910082415359e+00,1.232305897751212242e+01
1.556398755862737104e+01,7.424652488460269595e+00,6.139515334013505132e+00,9.860396900077972759e+00
1.288051278798205246e+01,5.796877823579890787e+00,7.190827501869489602e+00,7.945822456209115536e+00
1.157038489227439548e+01,2.564279663543454379e+00,8.246043715542349162e+00,8.387661462871770723e+00
1.232003342584029326e+01,2.717134669566999561e-01,9.981495686137165535e+00,1.127151952746626407e+01
1.454263257107204232e+01,6.141587432902727572e-01,1.219923135811412251e+01,1.512640253011423752e+01
1.696407745122106903e+01,3.357119979022077594e+00,1.365835468552375431e+01,1.815316725688386157e+01
1.832919003436702354e+01,6.798401269422114979e+00,1.318595756686710985e+01,1.932021760797222854e+01
1.812598847731572249e+01,9.183159650611816716e+00,1.095390825978278571e+01,1.881825056308695210e+01
1.707174805136961382e+01,9.786532554092195468e+00,8.613547409000336330e+00,1.786921709897200117e+01
1.663149380639149655e+01,8.905942045198553814e+00,8.110789585232650367e+00,1.779694423624415478e+01
1.761764624036012705e+01,7.115923895920545306e+00,1.020272192286551949e+01,1.875416818795203255e+01
1.932209206292518999e+01,4.714209115665182637e+00,1.384212470347410573e+01,1.937644043699465257e+01
2.030206137432828228e+01,1.845470477763521799e+00,1.678332977704369711e+01,1.808389269924979104e+01
1.990728682977507802e+01,-1.050523056729844473e+00,1.691195495305171193e+01,1.480138985707632138e+01
1.876067829488858152e+01,-3.096319701192047358e+00,1.351074583141051200e+01,1.117612280717365358e+01
1.790375790353476404e+01,-3.334267785946976925e+00,7.820152658711140070e+00,9.150729822587083007e+00
1.785948201020162074e+01,-1.296550793711303662e+00,2.554971861697318936e+00,9.557169851603259048e+00
1.844825134215365736e+01,2.573570337147331966e+00,4.849070641736701881e-01,1.188270669044979932e+01
1.908332452514961730e+01,6.873700855152623745e+00,2.768751994069195810e+00,1.480714204925567756e+01
1.925112695330163604e+01,9.699586431716841872e+00,8.103109284239524257e+00,1.689278743289064266e+01
1.916764482947274217e+01,9.562166800794052790e+00,1.341576076438323639e+01,1.742543505400451309e+01
1.994768941334103118e+01,6.324634123226090310e+00,1.577339674745670806e+01,1.701147619975778014e+01
2.233478423347125741e+01,1.453759139098053099e+00,1.416407702778397493e+01,1.687573243646726340e+01
2.475945009430072830e+01,-2.757084360256718547e+00,9.852064522311874128e+00,1.700551064174211646e+01
2.334024177233074226e+01,-4.501213049626718643e+00,5.158672629082327710e+00,1.534760381060394252e+01
1.501964472405292383e+01,-3.374933444660889403e+00,1.730430856054967492e+00,9.702227144251706292e+00
1.121488100573860169e+00,-4.068627924240237337e-01,-4.226779794956923020e-01,5.704395503108987686e-01
