3.638364595377040267e+00,1.961885246174162267e+00,-1.069928118033687883e-02,8.755208321734508914e-01
8.783936963213760052e+00,-1.184142501019792793e+00,-1.270856422715164191e+00,2.845338347323174144e+00
1.074166799883538914e+01,-3.711063823144590934e+00,-2.061670326340835135e+00,3.670905470515745783e+00
9.116168331429001626e+00,-5.360371368364130973e+00,-2.228897368563661718e+00,3.416434681973884224e+00
6.476982814577961989e+00,-6.239113337311361640e+00,-2.036448674673865256e+00,3.234922282012918870e+00
5.952840727779141083e+00,-6.529514721283404377e+00,-1.989981179154385771e+00,4.153204401975930438e+00
8.749686272057292769e+00,-6.284173809836094193e+00,-2.498215760030788601e+00,6.184059832176970417e+00
1.375754845856028830e+01,-5.526308601001528764e+00,-3.595139982445952231e+00,8.607789452090646165e+00
1.897725272920782658e+01,-4.456192239804225963e+00,-4.911299466061362473e+00,1.080952397096829820e+01
2.298273192855493363e+01,-3.435588481386065762e+00,-5.917685104217843772e+00,1.262430510607839373e+01
2.540523727705750190e+01,-2.734705638392617377e+00,-6.272409214304972558e+00,1.405863888394708816e+01
2.674116003223559446e+01,-2.348500949090242429e+00,-6.020474081038724279e+00,1.503966861201370264e+01
2.788421651576529925e+01,-2.104062394610766606e+00,-5.502521719944151180e+00,1.550466693085593128e+01
2.939576754417477389e+01,-1.931443527166370355e+00,-5.056555388821171171e+00,1.549836541642940091e+01
3.090066698004638113e+01,-2.001843779975210236e+00,-4.773585270409555825e+00,1.505577790586574061e+01
3.136735024655325432e+01,-2.594854758400097605e+00,-4.521046910818130371e+00,1.413965798775591942e+01
3.018290103155177206e+01,-3.803967849449544136e+00,-4.184820876410912049e+00,1.283167820217287058e+01
2.783261406003587979e+01,-5.301144775152657473e+00,-3.854291648616094079e+00,1.150231066015318149e+01
2.543931260080758605e+01,-6.349413951513716903e+00,-3.739279588054833958e+00,1.065886459217947646e+01
2.388111987065415676e+01,-6.134027692264376164e+00,-3.902632650490412747e+00,1.061178718727508397e+01
2.350091823518382483e+01,-4.284442629040113637e+00,-4.097459962550598078e+00,1.126657378793936282e+01
2.427481778900671117e+01,-1.256410898055052128e+00,-3.906567091212302500e+00,1.209332159118447514e+01
2.574883343717278450e+01,1.761480669900470808e+00,-3.098147944112047636e+00,1.223033818447714260e+01
2.690491905161572461e+01,3.451770828439845396e+00,-1.896457710620599091e+00,1.086205640447047216e+01
2.664909058091183169e+01,3.116725336277869740e+00,-9.026747215859480811e-01,7.878647210865984185e+00
2.469237764439776228e+01,1.064632126093199238e+00,-6.811540792859720472e-01,4.278634729427107430e+00
2.176526378536415507e+01,-1.616922740101906619e+00,-1.334078381155831883e+00,1.681392066146905062e+00
1.889407073119737746e+01,-3.711880357066140945e+00,-2.429524393909114899e+00,1.152413281420457292e+00
1.667276218575881330e+01,-4.487611151303338097e+00,-3.341133305694215405e+00,2.400704336543368456e+00
1.522010720869623235e+01,-3.897091136251117582e+00,-3.689135300204939405e+00,4.136480749224899611e+00
1.442570958066332665e+01,-2.365471429705466644e+00,-3.524077218539329426e+00,5.226410640881791636e+00
1.399379269417290494e+01,-4.604900895852417353e-01,-3.185435417267539648e+00,5.556009117915352569e+00
1.354984604780181456e+01,1.285463854322333122e+00,-3.038942422656293108e+00,5.885783039422051388e+00
1.306894874948648244e+01,2.412157537663518259e+00,-3.289442300381619333e+00,6.932829383025000958e+00
1.308681408373673882e+01,2.599705289737681557e+00,-3.907507789272918419e+00,8.550122447610872811e+00
1.416068573912929018e+01,1.815531152476785648e+00,-4.641616336250799613e+00,9.778005787617422229e+00
1.611553674359431909e+01,3.993253572310662136e-01,-5.123062759914256858e+00,9.763266945729371926e+00
1.805857569680046382e+01,-1.037148204644142924e+00,-5.054819719613402818e+00,8.649064693014667071e+00
1.918828936956082742e+01,-1.849914438449252962e+00,-4.385400048916014981e+00,7.467280926591054246e+00
1.948207953484155652e+01,-1.618264220067475057e+00,-3.346838080295988505e+00,7.113307703770314738e+00
1.965635325586036686e+01,-3.477681904422493808e-01,-2.343936993036604743e+00,7.536519472895790273e+00
2.059574909651129460e+01,1.433376161614372979e+00,-1.788269440789392206e+00,7.977587395372311541e+00
2.263781930897987849e+01,2.810725815517128634e+00,-1.955383790148992329e+00,7.783972107485876535e+00
2.501620761129974824e+01,2.925323796802417942e+00,-2.877733626072793260e+00,6.787435386488041011e+00
2.598979784683297112e+01,1.519594505882876589e+00,-4.286801152656877001e+00,5.073297062849246863e+00
2.401577961168450415e+01,-8.247634849961349435e-01,-5.655899489972168404e+00,2.823090941344655658e+00
1.919466034245169794e+01,-3.000056588247309364e+00,-6.375986490183138677e+00,5.251660361624469475e-01
1.346422605871820366e+01,-4.042356251798802980e+00,-6.024145028719680717e+00,-1.005463052593389639e+00
9.136996086375283710e+00,-3.680525336093246835e+00,-4.613848811542093920e+00,-1.218736621176482959e+00
7.221525602065290705e+00,-2.402660501399032977e+00,-2.669551730011918256e+00,-5.037983598738688951e-01
7.074414505997634883e+00,-1.052629311024194880e+00,-9.978132702660675868e-01,-1.132730819179504078e-01
7.256641624894550446e+00,-2.945624789658121134e-01,-2.138005410793122618e-01,-1.295854505316467842e+00
6.427008063569632945e+00,-3.284984767177425713e-01,-3.394038934077350245e-01,-4.388849229256591933e+00
3.775141449878825384e+00,-9.816603339052146771e-01,-8.236813905239461775e-01,-8.553947408283411491e+00
-7.034462305866575615e-01,-1.969814740124552932e+00,-9.984061550215135306e-01,-1.228374006678528119e+01
-6.092388354034424580e+00,-3.047333579337750287e+00,-5.741116819540963423e-01,-1.437510509729813180e+01
-1.099789627172000017e+01,-3.992972322079995973e+00,2.318159359279997889e-01,-1.478769078464886633e+01
-1.439283149394436556e+01,-4.593319901765998026e+00,9.510060950908398869e-01,-1.471933707596767427e+01
-1.611975129064256507e+01,-4.721874188277320528e+00,1.202656580597637692e+00,-1.571194957526555136e+01
-1.679078372276923403e+01,-4.411296498882117056e+00,8.889990333613215778e-01,-1.850295200527963502e+01
-1.752628710449851468e+01,-3.787695176447146039e+00,2.432387013075191784e-01,-2.266629083673232614e+01
-1.969653436443276817e+01,-2.905676039225381313e+00,-2.591127807052603926e-01,-2.729287910704937303e+01
-2.429468396437787092e+01,-1.650029622408950125e+00,-1.952203045034674456e-01,-3.191613267704473955e+01
-3.107161586185040392e+01,1.878851563449823181e-01,3.866370853879123048e-01,-3.679210368456141822e+01
-3.838226489405893460e+01,2.700845428592239639e+00,7.999201211114339571e-01,-4.242158285570086207e+01
-4.419677537902321518e+01,5.673984924837064625e+00,1.256387132350554880e-01,-4.884117976276321116e+01
-4.738148340198391395e+01,8.579654168453524576e+00,-2.022147268125799258e+00,-5.525053815157257020e+01
-4.812963842804945358e+01,1.082795663842090228e+01,-5.045669017533978895e+00,-6.027952303797422928e+01
-4.752685401919777775e+01,1.213350770189283878e+01,-7.691985685347357382e+00,-6.280578247134336323e+01
-4.690510847268214434e+01,1.270471821307636162e+01,-8.905917674783806248e+00,-6.274177544087385883e+01
-4.722444807882641982e+01,1.306391738670461322e+01,-8.481546082390575947e+00,-6.108078201307525035e+01
-4.849944464483886719e+01,1.361356534964982323e+01,-7.017180675483682073e+00,-5.912014427175592601e+01
-4.976145362932202687e+01,1.427560758210518976e+01,-5.320033610042155914e+00,-5.759243771437387238e+01
-4.992707557377582361e+01,1.446951372300681804e+01,-3.840340551847722939e+00,-5.643940897433400039e+01
-4.878254758728215279e+01,1.347829911021125149e+01,-2.595374478290681797e+00,-5.518098861868494254e+01
-4.685694875370655410e+01,1.103217406292519875e+01,-1.525475834707532341e+00,-5.331029175489012317e+01
-4.435298421017861159e+01,7.736044696089354744e+00,-8.064323184502182329e-01,-5.043925521018464764e+01
-4.067305724468935324e+01,4.909726153764323975e+00,-7.427085625205320785e-01,-4.638527364644222928e+01
-3.526556763057079991e+01,3.769531241882779327e+00,-1.374873232327805894e+00,-4.131884224081403545e+01
-2.863593303295662196e+01,4.531178479725593178e+00,-2.279115339032517618e+00,-3.576855811730342793e+01
-2.217851611497472319e+01,6.243516670168200555e+00,-2.824671184356626785e+00,-3.033592140106750534e+01
-1.709870025723353848e+01,7.532063754357682939e+00,-2.646946499904216044e+00,-2.531979687685742775e+01
-1.364369277873509567e+01,7.554283611021280542e+00,-1.879952986072173093e+00,-2.055215803400489705e+01
-1.113284649647463809e+01,6.337980844999451691e+00,-9.774606475422640273e-01,-1.553841036713695622e+01
-8.433782914182572199e+00,4.382618393590885120e+00,-3.582191807122830918e-01,-9.826104208656742500e+00
-4.618416573629649413e+00,2.089994420684173182e+00,-1.935155324278813038e-01,-3.456293383550418596e+00
3.508962880024990572e-01,-4.249782508760693300e-01,-4.280952798320731278e-01,2.793539662575958538e+00
5.448208935917398854e+00,-3.113536846271929281e+00,-9.155330557094487620e-01,7.709220302139565106e+00
9.338107096853473621e+00,-5.723830896299769044e+00,-1.525385939352812859e+00,1.041413462593798656e+01
1.143113643334395491e+01,-7.792062605228409211e+00,-2.160702392419601381e+00,1.098460987585841409e+01
1.212650674979517262e+01,-8.898515876732801644e+00,-2.716246317584455561e+00,1.031369670832778773e+01
1.213215676837158519e+01,-8.968457753807278721e+00,-3.063416740368425373e+00,9.384213906541242878e+00
1.186739075766606000e+01,-8.383123154563620005e+00,-3.106545989279907882e+00,8.694327160393891418e+00
1.158785128301206768e+01,-7.799368131409877947e+00,-2.845744037440992802e+00,8.298223261535868645e+00
1.173628328001453625e+01,-7.765877015304086584e+00,-2.359672035103594911e+00,8.219138094719452781e+00
1.285579714555625941e+01,-8.379264514517103635e+00,-1.732626874493711222e+00,8.727514726598956329e+00
1.520169791487754374e+01,-9.227037869279008930e+00,-1.020814385095828447e+00,1.027349258800934173e+01
1.853042319054955200e+01,-9.668239955237147853e+00,-2.734454726358597765e-01,1.318611186445129313e+01
2.211234194723692426e+01,-9.254645526506410036e+00,4.581229049013986199e-01,1.733788764813354177e+01
2.484889962802072461e+01,-8.020312633766147670e+00,1.134312117813045306e+00,2.199525446331807643e+01
2.570289081797166375e+01,-6.492779780874589513e+00,1.702576127004111539e+00,2.604425736201953967e+01
2.447467341201319257e+01,-5.435122526714091684e+00,2.043927382228483136e+00,2.851233941627675605e+01
2.218570023375977129e+01,-5.431526814061773401e+00,2.001891901142970553e+00,2.899634086601980698e+01
2.036204231669746534e+01,-6.533851267215220027e+00,1.521738713085357908e+00,2.771321725989993467e+01
1.978469223388943021e+01,-8.223829262569152476e+00,7.461271249437474440e-01,2.531970761175502460e+01
2.006370791962593358e+01,-9.749705376411787583e+00,-7.431753387024286894e-02,2.276750694792195517e+01
2.040253192425039686e+01,-1.057389774628506274e+01,-7.703184682949525408e-01,2.112896541382541926e+01
2.050589533041245360e+01,-1.058086006625440945e+01,-1.331892946021946411e+00,2.117664625878623497e+01
2.068793663652323644e+01,-9.953852827457099650e+00,-1.812350716881181656e+00,2.287780853213341814e+01
2.139785433555299932e+01,-8.926420189900573732e+00,-2.203255011407144526e+00,2.530511083003675310e+01
2.280746141035460184e+01,-7.647357272965662034e+00,-2.425435978190534136e+00,2.717509561673666596e+01
2.463913784248515171e+01,-6.215808107382214232e+00,-2.417663973277723866e+00,2.763207482479194965e+01
2.624121420523692194e+01,-4.780184197649501421e+00,-2.205197966539308663e+00,2.671451380955192789e+01
2.708695272948979493e+01,-3.571492296736217931e+00,-1.878838540673401836e+00,2.524742821752868593e+01
2.744428112111502926e+01,-2.823864673085219046e+00,-1.510924502892318833e+00,2.425136149287616760e+01
2.831869989571451995e+01,-2.646147503382678678e+00,-1.088245850852622931e+00,2.419142314581456787e+01
3.033314828861426804e+01,-2.969397220853152497e+00,-5.389799903280722004e-01,2.459367929008235620e+01
3.268290190092242398e+01,-3.630682373069062052e+00,1.439383543396443588e-01,2.445502487202870512e+01
3.355640230222090992e+01,-4.492085404474661203e+00,8.039010340585437397e-01,2.319091899112604338e+01
3.176541789893126122e+01,-5.424998608037840064e+00,1.192875458156020807e+00,2.120404054366988333e+01
2.788461547298354404e+01,-6.160366905094039502e+00,1.185915241376591656e+00,1.947324054035793850e+01
2.381051745529052965e+01,-6.248008513366978711e+00,9.104460836874490592e-01,1.863680857799942814e+01
2.131200317322003812e+01,-5.328088915304486584e+00,6.293054549529212283e-01,1.853125451314958383e+01
2.081335931926843585e+01,-3.543900268134790643e+00,5.014634593496778425e-01,1.848069423844664172e+01
2.113617795311633074e+01,-1.647034212546249821e+00,4.766647557558467141e-01,1.783293766731801711e+01
2.033037691647114542e+01,-5.686228479862983631e-01,3.980832695202614624e-01,1.629650064027953249e+01
1.723496374996000924e+01,-7.635976813920702932e-01,1.639265967303421001e-01,1.410078451762838192e+01
1.268075628274061728e+01,-1.884823298282560122e+00,-1.962228547106127097e-01,1.199955266847643109e+01
9.085034594324284285e+00,-3.046518518669039555e+00,-5.447562968963758356e-01,1.089271764202113069e+01
8.528502528425349283e+00,-3.436976491311119819e+00,-7.284949052229438005e-01,1.112190923972171142e+01
1.106508523075774697e+01,-2.811041973188650012e+00,-7.097733211681177545e-01,1.206662855292176850e+01
1.482435646585251021e+01,-1.541951507527598686e+00,-6.355430238761706763e-01,1.257098327506980695e+01
1.756805938517584664e+01,-2.491830585431683009e-01,-7.200785585983525694e-01,1.190279544693684954e+01
1.814456111975439967e+01,6.825198040782586295e-01,-9.959923786594671036e-01,1.038941224650261219e+01
1.689294656602125499e+01,1.307518480488784496e+00,-1.199180238273018118e+00,9.194194199422002001e+00
1.513712180403205743e+01,1.903795036629157389e+00,-9.711723164395053010e-01,9.434180202440073160e+00
1.422281199670713292e+01,2.569907785583189774e+00,-2.202843923574884510e-01,1.130326076176372752e+01
1.455707834270508805e+01,3.029181600657583573e+00,7.154394692881573814e-01,1.384380408695415809e+01
1.532735214445005667e+01,2.838648423579145152e+00,1.279329288582883528e+00,1.557871487808450617e+01
1.529627553741634571e+01,1.838438785959513266e+00,1.108000606767380880e+00,1.556343579438052949e+01
1.398887431614605248e+01,4.507315390332111704e-01,3.001231079318231187e-01,1.401454482604177976e+01
1.203966907584754331e+01,-4.883979570681765692e-01,-6.787746842137637460e-01,1.200232959813045674e+01
1.045193871363323268e+01,-3.284190381613636966e-01,-1.381992593615550824e+00,1.054181266296782482e+01
9.781146404553718199e+00,8.076550533610142857e-01,-1.734042027600187552e+00,9.902512687134352731e+00
1.003121164294512013e+01,1.989375592883025901e+00,-2.028912547978538594e+00,9.607389050891750770e+00
1.088813778366278129e+01,2.136986051083879623e+00,-2.562523914622942822e+00,8.932830751208133080e+00
1.171980397912276750e+01,8.806799464589046833e-01,-3.255644309560260297e+00,7.481717259605243697e+00
1.162276505443854724e+01,-1.119014473675461474e+00,-3.663643931199778603e+00,5.551732902107211487e+00
9.964357705974975943e+00,-2.688966916329934786e+00,-3.386570937232621148e+00,4.104635421609528656e+00
6.973269010308306370e+00,-3.049712826233782259e+00,-2.472299151697581188e+00,4.188628688871981254e+00
3.616016222819908865e+00,-2.327573833750032239e+00,-1.416095685617790423e+00,6.054949092560258705e+00
9.206623807710193619e-01,-1.284820780379490213e+00,-7.821744352836987879e-01,8.714654113945284664e+00
-4.610174174904070332e-01,-5.914638939580582067e-01,-8.137274342673749272e-01,1.050705221261535449e+01
-2.988976701104056888e-01,-3.142765011522331009e-01,-1.325965432367701702e+00,1.030533941244437912e+01
1.090454655556513774e+00,-2.371197206782391098e-02,-1.884918928163465290e+00,8.312305653868692801e+00
2.688215531616263920e+00,6.648035150141667904e-01,-2.102011605131955285e+00,5.811003384006797390e+00
3.216286406576914558e+00,1.656949710086791594e+00,-1.867848701325998340e+00,4.190838681316775727e+00
2.124670989208806482e+00,2.439412974700472692e+00,-1.391682101718742404e+00,4.036329383826450012e+00
7.258544953054885118e-02,2.528756689403730107e+00,-1.009520747529124129e+00,4.853471564543927030e+00
-1.719903170200694609e+00,1.863985097919860223e+00,-9.007185456861789286e-01,5.564000463086513193e+00
-2.491601777921170324e+00,8.293500545589224116e-01,-9.586248766309765079e-01,5.422545389189798115e+00
-2.256981357759321405e+00,-1.120198362476566151e-02,-9.287082753229127796e-01,4.611800899621115946e+00
-1.417218176163976162e+00,-2.076297409231289692e-01,-6.695284546575726026e-01,3.923020600692257887e+00
-3.831037107092889471e-01,3.676722640665484043e-01,-2.954803640841378032e-01,3.814835858606299368e+00
5.346752753637551425e-01,1.393337573050065892e+00,-1.028275229566984750e-01,3.878337697331586398e+00
1.188349400508799780e+00,2.162752832340091302e+00,-3.592626332183271320e-01,3.307654634286957052e+00
1.553277249328231635e+00,1.975338260302952564e+00,-1.091885227174668627e+00,1.802891421465980581e+00
1.419976479069777531e+00,6.763771290436463302e-01,-1.991809705164462319e+00,-1.212350134666607820e-01
2.407945768201318892e-01,-1.146577985424244162e+00,-2.527102639945156159e+00,-1.664348710465797465e+00
-2.304189292444632997e+00,-2.580102823763402053e+00,-2.250256144126996816e+00,-2.404812570213165301e+00
-5.467281294381343137e+00,-3.059597240037745358e+00,-1.102652238863718992e+00,-2.406427633283441114e+00
-7.519982362043904800e+00,-2.664284348001761504e+00,5.356339904011198083e-01,-1.824337036742265106e+00
-7.048911748772584751e+00,-1.822285844852061354e+00,2.091050342288304442e+00,-5.790862365050400973e-01
-4.219425049614318191e+00,-8.425375592285543336e-01,3.113623472184437357e+00,1.502746693223518282e+00
-7.347415709505626946e-01,2.094947384886260422e-01,3.432957096738178837e+00,4.203399352008072576e+00
1.365828466474682479e+00,1.253159700892696682e+00,3.129093955219442336e+00,6.595438260138784869e+00
9.931849738971373354e-01,1.968692106765074445e+00,2.432690426931015892e+00,7.373148121370636687e+00
-1.376462688353136343e+00,1.957562526359763577e+00,1.631391702887706741e+00,5.785427695893336164e+00
-3.983104619556010029e+00,1.154545874765614988e+00,9.921863803805667237e-01,2.419224982229196463e+00
-4.966046891374750416e+00,1.794656982314899590e-02,7.060306090281264213e-01,-1.021013030683737499e+00
-3.861224462446982919e+00,-7.778653070170546968e-01,8.605518253016841701e-01,-2.924715011870874015e+00
-2.075789691551219729e+00,-8.836317900158919825e-01,1.422260881444924463e+00,-2.927623699864936757e+00
-1.591981968734847541e+00,-5.072004955941906701e-01,2.222880312063797437e+00,-1.970508290271939966e+00
-3.076857752009596769e+00,-1.149953779223558820e-01,2.992644012327243974e+00,-1.330275246146364498e+00
-5.398592877980584070e+00,4.659489093026136092e-02,3.471209147235114756e+00,-1.602034483132203091e+00
-6.890945658297616738e+00,9.991873620514192533e-02,3.533839822079253068e+00,-2.429282933788365462e+00
-6.725736257717541022e+00,2.661719385980062524e-01,3.219308188782921132e+00,-2.993574936111651930e+00
-5.072630812737527251e+00,5.532194743291338757e-01,2.632011720845737202e+00,-2.780088271023332780e+00
-2.502232605945649002e+00,7.463087171990830937e-01,1.829191296130390221e+00,-2.069346080501181184e+00
3.669773851030161960e-01,6.464302378870799837e-01,8.281664953106512295e-01,-1.739499016649218133e+00
2.930632220824448186e+00,2.673117667659472563e-01,-2.614583794800993122e-01,-2.407191277120801054e+00
4.784241183422384580e+00,-1.572812637588788809e-01,-1.130507568732947554e+00,-3.619822396494444039e+00
5.871145883414279787e+00,-2.859330466094732737e-01,-1.357474830519921127e+00,-3.975221920594617764e+00
6.270091442819912153e+00,1.803687594189304910e-01,-6.953273478874325564e-01,-2.212070933748805590e+00
5.964218615509605748e+00,1.312457429408141918e+00,6.643538310415594283e-01,1.690207268965523424e+00
5.045654628627410432e+00,2.797061459293288088e+00,2.128583163828499547e+00,6.364628328844339045e+00
3.979982913925429688e+00,3.997326408521971519e+00,3.081889272490291987e+00,9.904529365111885753e+00
3.286693588058564153e+00,4.309895103889290091e+00,3.306483680189145513e+00,1.099933688892614825e+01
2.923182688808032115e+00,3.587133650308734989e+00,3.069320414766647964e+00,9.633808393151712224e+00
2.246800138631930732e+00,2.259133138866853407e+00,2.811044999402834588e+00,6.979793468545055113e+00
6.216147950139122580e-01,1.040255597805978205e+00,2.745256024758770064e+00,4.517417436696044675e+00
-2.134020974985765928e+00,4.639443419922253398e-01,2.722245756508640202e+00,2.933240660435713743e+00
-5.809830302949857916e+00,5.861255095391111336e-01,2.424361622357497748e+00,1.681826884563170976e+00
-9.886132445262960644e+00,1.017955776428536074e+00,1.675357410323534912e+00,-3.287010297859472852e-01
-1.340455385936840749e+01,1.219774062102972678e+00,6.076538477056679932e-01,-3.514769161534882169e+00
-1.514570766520086842e+01,8.421991604432006451e-01,-4.107943202814266503e-01,-7.013159658551148645e+00
-1.437037226619717245e+01,-1.244182783316938046e-01,-1.003516785217715368e+00,-9.232925330178309409e+00
-1.144767947191140856e+01,-1.481443574935280783e+00,-9.865433093479207827e-01,-9.010932873424486900e+00
-7.668164108000615542e+00,-3.067752472230928174e+00,-4.169882912587513091e-01,-6.423269761118772792e+00
-4.476452348039338780e+00,-4.843430979455350283e+00,4.827247949057788534e-01,-2.763964675949716732e+00
-2.802742475215230122e+00,-6.718448039915598358e+00,1.407346750015291192e+00,2.031029752686050183e-01
-2.727248447034231749e+00,-8.329307936525070843e+00,2.018820880774802262e+00,1.280083170796323389e+00
-3.453665080898516315e+00,-9.067720183569409897e+00,2.041113461073310820e+00,5.327309115076783730e-01
-3.786682314087368439e+00,-8.458309895149177748e+00,1.435035384196265307e+00,-8.868680569208987619e-01
-3.037619081511492070e+00,-6.624386183904182879e+00,5.212997646598546142e-01,-1.695761484007551001e+00
-1.526100596828626976e+00,-4.388701606888804285e+00,-1.319651712301892488e-01,-1.391768494174307813e+00
-2.883031120190342189e-02,-2.790078332563411756e+00,-5.444179161698311370e-02,-3.616409900313251047e-01
1.144313696850314921e+00,-2.343306541458118009e+00,7.998613676994631438e-01,7.241831350986951410e-01
2.215225246556469241e+00,-2.689150508901158254e+00,2.021472634590490980e+00,1.516486716426821868e+00
3.172586767970820620e+00,-2.955233527982151109e+00,3.033633071831540740e+00,2.112211494606359707e+00
3.450075095635039002e+00,-2.470371732371881013e+00,3.449715654768928275e+00,2.806618883339247805e+00
2.624375232211004771e+00,-1.186861754079131082e+00,3.231823432822445774e+00,3.795121399349824731e+00
1.164209968357522440e+00,4.458466905094986554e-01,2.603735990039767856e+00,5.007970350029669504e+00
2.134142318146003414e-01,1.864702121494254516e+00,1.871313665537990500e+00,6.146982700517718889e+00
7.317013807569892059e-01,2.658763399644326952e+00,1.304591522767101663e+00,6.916088222563857357e+00
2.920580431438403846e+00,2.660295706661840676e+00,1.106944404782158387e+00,7.255269497287163638e+00
6.146123478225717029e+00,1.982904329223349027e+00,1.398595890369811245e+00,7.316144120368408110e+00
9.081717571880927764e+00,9.874596962977386649e-01,2.148216020098945744e+00,7.196411833620500964e+00
1.019464593178524758e+01,6.946544873142748711e-02,3.079685998167610794e+00,6.768566947984939297e+00
8.730935199572597227e+00,-6.300077793871974308e-01,3.682242473086760448e+00,5.814173538357836790e+00
5.488456071358559285e+00,-1.285941974156173506e+00,3.431631843760348577e+00,4.269822028601630848e+00
2.392870327087550653e+00,-2.091964898655911842e+00,2.137567371955706896e+00,2.311174791237996295e+00
1.083185831497329055e+00,-2.880128266118910485e+00,1.420472038885415289e-01,3.064736091483759584e-01
1.837669391775025751e+00,-3.095030747972612239e+00,-1.844107269859219356e+00,-1.222576352245389186e+00
3.660737296720848022e+00,-2.244142786736853967e+00,-3.171233032735162105e+00,-1.752823723989395344e+00
5.103846883705721815e+00,-4.455590988679430930e-01,-3.613142193144228020e+00,-1.162082515419137430e+00
5.115619131883951454e+00,1.476109496930188669e+00,-3.404965134549796435e+00,-4.535778412756299310e-02
3.686026875775872735e+00,2.514606078791971733e+00,-2.986591109104156150e+00,5.969394069372918610e-01
2.020034959387560836e+00,2.198336185997300962e+00,-2.690359190314061344e+00,2.000477882298991872e-01
1.751517985659235555e+00,8.579711569354148137e-01,-2.599735854984108752e+00,-8.279612744222657472e-01
3.478657314108279941e+00,-7.615073898394255636e-01,-2.632635715063834869e+00,-1.451483566445514128e+00
6.032158826795432915e+00,-2.096890582972563699e+00,-2.707862621697513461e+00,-8.461972087556085542e-01
7.443912715805951485e+00,-2.958658479438297295e+00,-2.794420518881729265e+00,1.072862370914783980e+00
6.697817407984196336e+00,-3.238168397554807232e+00,-2.807475182512157552e+00,3.714635499172097344e+00
4.483794571405230300e+00,-2.664079754618606355e+00,-2.547274061266272316e+00,6.171256294312715163e+00
2.426997380455568010e+00,-1.062606052524706302e+00,-1.864673712958262008e+00,7.590904398002650488e+00
1.773366773360486093e+00,1.145740558630343298e+00,-9.255246168483208802e-01,7.493555744060260260e+00
2.557014202990408602e+00,2.928322136308780799e+00,-2.232652692274436357e-01,5.937090705518114575e+00
3.564410370801927908e+00,3.350961117080447860e+00,-2.099632796760113052e-01,3.432993085918857101e+00
3.119774003606737178e+00,2.396928014196856083e+00,-8.651386506655510678e-01,7.232623655594997425e-01
4.292497464374172012e-01,1.045938020609932462e+00,-1.640556030653022912e+00,-1.390323963194311174e+00
-3.529071116541277586e+00,4.621259615810709986e-01,-1.847257475333102805e+00,-2.211591537757839454e+00
-6.638942000298972523e+00,1.006774438777742642e+00,-1.131285727260391116e+00,-1.455046705309977151e+00
-7.392728374514411449e+00,1.963608021786179547e+00,3.347306762521603529e-01,4.760203020132058871e-01
-5.978622139267309343e+00,2.227688909741723844e+00,2.006236970220995897e+00,2.602723188450515313e+00
-3.719662400175395067e+00,1.357281303404737738e+00,3.274434650310427131e+00,3.882738905037340427e+00
-1.828428686373374079e+00,4.491740442234529868e-02,3.725131295150544641e+00,3.701400097979575143e+00
-8.733222033908437654e-01,-4.550950673958572557e-01,3.264487617315960044e+00,2.041099945761966961e+00
-9.885343846568721560e-01,5.389079356353443373e-01,2.111458818904127011e+00,-5.902988165898557238e-01
-2.004924206526724983e+00,2.486764686064767638e+00,6.909768621950530543e-01,-3.350400425633145218e+00
-3.364752182521825841e+00,4.096073396642916364e+00,-5.173190045378547319e-01,-5.397107774007642966e+00
-4.346444249145041461e+00,4.478770754158957423e+00,-1.125497212783133749e+00,-6.253119177117115512e+00
-4.599297350784303795e+00,3.895439602266711709e+00,-9.582618039372401419e-01,-5.890048093148840813e+00
-4.350807907597777024e+00,3.407032989882508023e+00,-1.210822284932424053e-01,-4.483701691633077857e+00
-4.069917894430175487e+00,3.813419716704987916e+00,1.046724224497443068e+00,-2.229249929139824005e+00
-4.086488696623758798e+00,4.882957619523973669e+00,2.153036326937238343e+00,5.154595881727463969e-01
-4.506801201448597638e+00,5.534523044780423895e+00,2.958243975764329292e+00,3.065933998264560145e+00
-5.207059186835786058e+00,4.765384528379145834e+00,3.448882001466862857e+00,4.661844144333696427e+00
-5.811083795249441408e+00,2.520078457027514762e+00,3.748329156480656010e+00,4.984736848470094017e+00
-5.969663658407878160e+00,-2.127234593608159641e-01,3.974104903380727638e+00,4.368653896102842715e+00
-5.884252280743098140e+00,-2.136819396304834751e+00,4.152735740176479062e+00,3.505879829022322092e+00
-6.323065542854162224e+00,-2.582008918151245780e+00,4.226292794905144312e+00,3.026644678647010256e+00
-7.769823620292481081e+00,-1.842162023154698014e+00,4.136870886945333226e+00,3.276504364823028315e+00
-9.573453170248210853e+00,-6.938947351121051987e-01,3.928978687501018197e+00,4.201717652378984980e+00
-1.021673527755668154e+01,3.549253053085768550e-01,3.753743597648312225e+00,5.259159507213073681e+00
-8.591779980540302120e+00,1.348160346547143895e+00,3.717562973378103930e+00,5.578658765015220844e+00
-5.078916800453503910e+00,2.532604110317255408e+00,3.714316351257816340e+00,4.496194542962013152e+00
-1.509914069918106172e+00,3.879699648717095606e+00,3.466651300904290522e+00,2.079278655429515066e+00
-8.327780409843439646e-02,5.008516531695311080e+00,2.788189224905089691e+00,-8.429817006435521565e-01
-1.926200236822695810e+00,5.510965281227247381e+00,1.796541929604155818e+00,-3.156416061932209249e+00
-6.199696072967581628e+00,5.277511990329045943e+00,8.411624729367925823e-01,-4.063446840105704894e+00
-1.051596231795767977e+01,4.535393536095154055e+00,2.295743163042660018e-01,-3.507699281863936758e+00
-1.259413733714672468e+01,3.663515016954598469e+00,2.480308293078859611e-02,-2.280841100845062641e+00
-1.185262308387789609e+01,2.992300056826036947e+00,4.868009395919478677e-02,-1.652842290523194535e+00
-9.503693016526481685e+00,2.679596713969405464e+00,1.492138257949491079e-02,-2.544727127047621718e+00
-7.227338707024874687e+00,2.647762024685950788e+00,-3.123636954698028600e-01,-4.775775898399048813e+00
-5.905767796048432494e+00,2.607919906573787916e+00,-9.765378427938012917e-01,-7.093711040079668351e+00
-5.434220372397208898e+00,2.227221003685727840e+00,-1.757789499841955649e+00,-8.052276827741835064e+00
-5.192039037584781802e+00,1.381130358515915368e+00,-2.247248711575888791e+00,-6.993153512833995222e+00
-4.458906431310468044e+00,3.017845650929608659e-01,-2.047585153180279782e+00,-4.378360592755873526e+00
-2.838783975099589796e+00,-5.335300459808457463e-01,-9.826307200088438831e-01,-1.399583099588117774e+00
-8.202191554153660524e-01,-7.446167101471277139e-01,7.779049748977439060e-01,7.230906314191565265e-01
2.011279677296949342e-01,-3.948473981014233303e-01,2.714682745785865325e+00,1.364796082007781353e+00
-9.961037167260229364e-01,-3.998591264928440248e-02,4.127695912526147204e+00,7.674563099693361146e-01
-4.122697357997537004e+00,-3.384760128437119264e-01,4.492920166120922154e+00,-2.463020642354527834e-01
-7.316555653230592426e+00,-1.459923791307895069e+00,3.819524427667372102e+00,-9.742446543086418220e-01
-8.566099216285763873e+00,-2.809332655728108197e+00,2.685209432280566855e+00,-1.337437856068599329e+00
-7.191162437515133732e+00,-3.397077222900712457e+00,1.851443404036997809e+00,-1.690843007427242028e+00
-4.108153384192359425e+00,-2.610034341979704742e+00,1.770297179973792101e+00,-2.213628424151695473e+00
-1.038707546983251184e+00,-7.401898055277387201e-01,2.395695877446371025e+00,-2.614494359087528697e+00
4.820990744311289822e-01,1.183101020655220825e+00,3.374940314411945863e+00,-2.442391816620569589e+00
-1.459413821560210101e-01,2.133764367439840992e+00,4.345706612928683654e+00,-1.586247131438336844e+00
-2.249659175936558064e+00,1.842259503730814929e+00,5.080316336100490382e+00,-4.581128981251242904e-01
-4.269198706359139450e+00,1.003439796585397614e+00,5.465636059954632309e+00,2.275025605106272830e-01
-4.821821990255556578e+00,7.610864419918794699e-01,5.434618399242790332e+00,-1.143962132281910599e-01
-3.596556367027626155e+00,1.809052648620035564e+00,4.922310980975308503e+00,-1.520724180223258726e+00
-1.314806079449518883e+00,3.778160027803037835e+00,3.879298328046355326e+00,-3.355398100746062262e+00
9.397629515478387319e-01,5.420297411750434335e+00,2.363259401543158056e+00,-4.701969981575676805e+00
2.230780642949734105e+00,5.491778408280800328e+00,6.444987412065369403e-01,-5.054031726711952999e+00
2.008440020308174034e+00,3.658492455739102756e+00,-8.232607561399410967e-01,-4.659957601103547731e+00
4.304290293636622300e-01,7.230251248856024437e-01,-1.618598236111513433e+00,-4.162597733797906763e+00
-1.452353449431168064e+00,-1.952858446314686969e+00,-1.590587014056117132e+00,-3.937482598737071626e+00
-2.219087885907769397e+00,-3.312420213232944111e+00,-9.067733961810353627e-01,-3.795482988775572775e+00
-1.075791549723124296e+00,-3.107809802833899848e+00,1.021644609504040319e-01,-3.207946272518901409e+00
1.659791523355535592e+00,-1.828764826236757957e+00,1.125630750616801290e+00,-1.719170233737164155e+00
4.942854133553157503e+00,-3.120885252753672900e-01,1.946692387534230351e+00,7.313098915155391566e-01
7.574496521177369601e+00,6.471570307776743913e-01,2.425686223898801508e+00,3.652398934792483232e+00
8.450176773636913552e+00,5.734587723552954097e-01,2.480537485005730236e+00,6.136880433718701511e+00
6.838963925394607735e+00,-5.256859567400362643e-01,2.107623632922573265e+00,7.373138779080621319e+00
2.962825121984896892e+00,-2.172000278527774775e+00,1.430144795786696843e+00,7.208513268647852357e+00
-1.742124317429421643e+00,-3.654885605073373345e+00,7.113745007196862202e-01,6.211319005560680395e+00
-5.320730838243859395e+00,-4.390295242621589544e+00,2.413824936740451566e-01,5.154691512987708890e+00
-6.502891087062063313e+00,-4.176772087548718204e+00,1.014255656023319574e-01,4.479006861621376068e+00
-5.379389281518284882e+00,-3.199672610222305646e+00,1.807323911802937930e-02,4.203763816450412527e+00
-3.164453736489012847e+00,-1.834094154923487485e+00,-4.432225668461786117e-01,4.146347947725205429e+00
-1.428323862772725272e+00,-4.357721697248100323e-01,-1.421350587490318507e+00,4.079994805991264961e+00
-1.220242763074761427e+00,7.346111601128747504e-01,-2.491978479575751138e+00,3.783355293915914519e+00
-2.421214023917100722e+00,1.483105332273990218e+00,-2.946237762556098705e+00,3.113491990755336669e+00
-3.845261105141092983e+00,1.687328962057662807e+00,-2.410405682985586218e+00,2.035795558545481665e+00
-4.254434830245505950e+00,1.374292824177084205e+00,-1.206349574219709009e+00,4.938113395963053542e-01
-3.417957089884036126e+00,7.406332228613889956e-01,-1.056564612571131434e-01,-1.697519141995824210e+00
-2.083337601206598499e+00,9.873089209857245988e-03,2.665457570124402098e-01,-4.653076609787973439e+00
-1.003990991600097749e+00,-7.502777079081378586e-01,-1.587766622980398279e-01,-8.047980717499187975e+00
-3.341199367758337369e-01,-1.614569375483232427e+00,-9.547800959009388189e-01,-1.106453373170534960e+01
-1.123936277276814388e-02,-2.557584446253179600e+00,-1.588664730678622350e+00,-1.283813691916158639e+01
-2.428704175863285741e-01,-3.242380006071897469e+00,-1.792563420204695612e+00,-1.300085559836963611e+01
-1.210054104570086109e+00,-3.123654737288902972e+00,-1.654055944767610198e+00,-1.184906179767520484e+01
-2.498713499673637983e+00,-1.852155275954748825e+00,-1.431093241638194513e+00,-1.010522273751934463e+01
-3.275017061427706100e+00,3.460897310483538880e-01,-1.325074030407534575e+00,-8.532024641130517395e+00
-3.093624017639861279e+00,2.657043933093856225e+00,-1.419239632964123921e+00,-7.565848572279102235e+00
-2.331530098855147060e+00,4.077054710140358473e+00,-1.740079128477584280e+00,-7.077179850185350674e+00
-1.844433862822393078e+00,3.945870091228823817e+00,-2.253620572087176921e+00,-6.463411453979853505e+00
-2.362925688976878824e+00,2.272496307266201665e+00,-2.769457707381661304e+00,-5.140806818325693861e+00
-4.079173586556342102e+00,-3.018861129111525821e-01,-2.948358741549204076e+00,-3.078956224504947325e+00
-6.443785826838464459e+00,-2.833165473416793478e+00,-2.529325796074920252e+00,-8.865836546341637758e-01
-8.309481152697825834e+00,-4.502028842279123921e+00,-1.582077860309369477e+00,6.140940984544134285e-01
-8.625152891060020366e+00,-4.931293706261177689e+00,-4.946019494853103327e-01,9.252035796312475524e-01
-7.235278057531234985e+00,-4.255423978918242867e+00,3.114843326736077000e-01,1.464028045528050215e-01
-4.919080611382637969e+00,-2.944821904426058623e+00,6.511281991196070651e-01,-1.100495471526225844e+00
-2.602185534531331612e+00,-1.524300203560793543e+00,6.052946193773339756e-01,-2.029602833641919624e+00
-6.929781578087217397e-01,-3.644227388570705495e-01,3.630819482121827035e-01,-2.182283962513584807e+00
8.068382223280970988e-01,3.618075493362070683e-01,6.490761981056179797e-02,-1.717674462261638446e+00
1.869572379938672313e+00,6.060693303908833984e-01,-2.514781374171154993e-01,-1.199485234698573377e+00
2.319829069495493723e+00,3.796042480731894320e-01,-6.182093714878192925e-01,-1.070866472132375957e+00
1.912867242006738744e+00,-2.363686738431583223e-01,-1.072254151495019237e+00,-1.413131085296104095e+00
3.405419010535242763e-01,-1.046583637368172504e+00,-1.607022821683438352e+00,-2.222017826598215784e+00
-2.547787197708847984e+00,-1.739114630647388138e+00,-2.163889238368861712e+00,-3.707169453248399638e+00
-6.163780857540127833e+00,-1.946882545808593434e+00,-2.647446369622539208e+00,-6.081950071867527896e+00
-9.012050254648599434e+00,-1.357733233298645592e+00,-2.945658766919550420e+00,-9.058818441831466117e+00
-9.639004386920490219e+00,1.359645957771502267e-01,-2.975226002021560401e+00,-1.172173349412035748e+01
-7.924733716013258267e+00,2.286997063336333014e+00,-2.760725346527380886e+00,-1.299178344260501916e+01
-5.192624782391918714e+00,4.466334020343997402e+00,-2.468805638978916583e+00,-1.225729467282093665e+01
-2.949165624703099287e+00,5.884226372442801001e+00,-2.300216103760121200e+00,-9.729251639737828583e+00
-1.708540425191892975e+00,5.991926432303903205e+00,-2.294986467483870030e+00,-6.429116594001948570e+00
-1.050415488231336569e+00,4.773747482034854883e+00,-2.266258152817745231e+00,-3.801183321739639798e+00
-4.719902098345612473e-01,2.684584623001474935e+00,-1.987176144163830482e+00,-2.956387102160494607e+00
1.248222213669514247e-02,3.174214981942402036e-01,-1.453977083417202776e+00,-3.925107427580281971e+00
-1.378240816881050046e-01,-1.868364946501257728e+00,-9.120797793879029669e-01,-5.587170735160895241e+00
-1.605523730426827500e+00,-3.562758404854392769e+00,-5.868320591153696197e-01,-6.464693950529373900e+00
-4.549562093149555508e+00,-4.510734636631322125e+00,-4.219572312663633640e-01,-5.705785484349234160e+00
-8.002837185854415836e+00,-4.568103397922481435e+00,-1.402775296437915042e-01,-3.448269900785056130e+00
-1.013084840758475735e+01,-3.920214542021291493e+00,4.170141291022046448e-01,-4.821521229157930688e-01
-9.573064135434467659e+00,-3.178868212361936063e+00,1.020567817220454421e+00,2.267711100502515453e+00
-6.679762540345328681e+00,-3.100269688812854696e+00,1.139520244451673436e+00,4.072360410044023382e+00
-3.232035002051549366e+00,-4.037363981071089292e+00,3.500295583526186194e-01,4.592262700293892941e+00
-8.662131659182732424e-01,-5.585486423207902007e+00,-1.253470505088080778e+00,4.021328119287037595e+00
1.548304017461063775e-01,-6.802047573551694093e+00,-3.003299398989403901e+00,3.066017926236300095e+00
7.654421613034154692e-01,-6.882703116941478072e+00,-4.069437952970983652e+00,2.631491933860024446e+00
2.001337843789228632e+00,-5.731883431561088038e+00,-4.056588692496657877e+00,3.279047814889100909e+00
4.036303003045415672e+00,-3.948667601255785975e+00,-3.302445530996053868e+00,4.719954651597238815e+00
5.961217465480073585e+00,-2.295731788960358344e+00,-2.612076053633227257e+00,5.753368300222818199e+00
6.466181429448733198e+00,-1.169362645327507444e+00,-2.649090234814058142e+00,4.957053225915799999e+00
5.106613459726012216e+00,-4.996321364609271898e-01,-3.487998292347095575e+00,1.847133906541982507e+00
3.070968316731594427e+00,-3.706876404809093806e-02,-4.643132399460096593e+00,-2.470785894525200810e+00
2.364771792970979725e+00,3.371545117845536899e-01,-5.460121159386248202e+00,-5.950260276524979908e+00
3.886602989389933871e+00,5.305650751711549207e-01,-5.520172551973456798e+00,-7.105403866633221988e+00
6.391488424582842498e+00,3.547757242409704248e-01,-4.805862932118380115e+00,-5.964205053094956632e+00
7.567975443573025984e+00,-3.008740645012061843e-01,-3.609026612721402572e+00,-3.661029092397960927e+00
6.084720815153267459e+00,-1.312223288260516041e+00,-2.317417557879910994e+00,-1.318720988084125079e+00
2.523183655930761660e+00,-2.262405076098204404e+00,-1.244289486150021551e+00,5.893416844844195923e-01
-1.352232426436241086e+00,-2.621055161917073661e+00,-5.770618628535254535e-01,2.064282484165141263e+00
-3.835113863762550146e+00,-2.141972390602669307e+00,-3.810528770429484902e-01,3.180861915906314952e+00
-4.014875137842964570e+00,-1.140704463799342649e+00,-5.561407868309506952e-01,3.956671321603550506e+00
-1.998343276416251202e+00,-2.902817418975656705e-01,-7.873232589713144991e-01,4.405884335315726652e+00
1.223490539927021725e+00,-4.169067484026216241e-02,-6.611442877673011642e-01,4.556668018442361578e+00
4.380747587637179308e+00,-2.310709382848440685e-01,2.413437588873868292e-02,4.453634035861517404e+00
6.736157170183335374e+00,-2.837916988753371728e-01,1.034561203401719975e+00,4.204215205198031491e+00
8.349095116810804740e+00,1.884649989043286622e-01,1.864703436996567598e+00,3.975809309964628557e+00
9.583827700441915454e+00,9.725274728981058159e-01,2.182678319628838626e+00,3.896673273810529636e+00
1.057597018844847447e+01,1.370175527017816641e+00,2.090884193401471247e+00,3.983279952443995686e+00
1.120095165266391390e+01,7.136061718489733474e-01,1.928810664329028812e+00,4.165604079597515330e+00
1.120274964195185063e+01,-1.122180471917634259e+00,1.871294566987043551e+00,4.311357359057029548e+00
1.013554336838319969e+01,-3.560451028248483585e+00,1.781386121085634766e+00,4.210261248934829226e+00
7.533732811196162338e+00,-5.614447760711409607e+00,1.446166383263666200e+00,3.656578036252136954e+00
3.594893475176564213e+00,-6.419384191311731769e+00,8.986307745889268173e-01,2.661901771220511304e+00
-4.242445912873235025e-01,-5.649284030197253337e+00,4.691554696091402854e-01,1.542791202230053615e+00
-2.978999653916276635e+00,-3.619789340327969729e+00,5.036090692782450029e-01,6.821383294788782026e-01
-3.562230635272217061e+00,-1.136125938078974329e+00,1.011381876744174901e+00,1.847700736952168077e-01
-3.050501974400624761e+00,7.999750713260826984e-01,1.587060304552234680e+00,-1.802743342046383979e-01
-2.704675340696747643e+00,1.399208477787514449e+00,1.708921006303071310e+00,-7.176778240063177439e-01
-3.082676182610933235e+00,5.224729957378799750e-01,1.144435020184879859e+00,-1.555563232186436995e+00
-3.958529876240547640e+00,-1.136407803301816788e+00,6.343085546830597166e-02,-2.619972788987853907e+00
-4.916375528411962570e+00,-2.390292515768417392e+00,-1.229974783606862410e+00,-3.726700800058644347e+00
-5.740294685377844708e+00,-2.311545421836434411e+00,-2.598137272534740916e+00,-4.652651773550199543e+00
-6.401570546578188470e+00,-8.749265738763749578e-01,-4.030398300739410189e+00,-5.215823542034225824e+00
-6.908100901237057556e+00,1.038443967553034586e+00,-5.341511058219817087e+00,-5.382804213814000427e+00
-7.070100487092825681e+00,2.317099767844859048e+00,-6.046499408586159419e+00,-5.291351180354749495e+00
-6.285160887667334606e+00,2.433890830972950781e+00,-5.654308176937859365e+00,-5.128288133837371809e+00
-3.797179582961737410e+00,1.729730488826223489e+00,-4.122326402428024394e+00,-4.965544326227699479e+00
5.206271086960484462e-01,9.803638827820303492e-01,-2.014468336038320651e+00,-4.643442410668734865e+00
5.742123956709709098e+00,7.060274427529480423e-01,-1.928610454803945662e-01,-3.709260268340768274e+00
1.052157063509169355e+01,8.644728153647283087e-01,7.071884078804312468e-01,-1.539470696373955505e+00
1.406601467883484702e+01,1.126792499016685989e+00,6.119283340085278633e-01,2.171892574486935956e+00
1.621980999436815196e+01,1.338490481541667831e+00,-6.846664060913380812e-02,6.810446032995598031e+00
1.679802624377164122e+01,1.624702616791831034e+00,-8.126668602608008163e-01,1.084503011455501387e+01
1.546694558541635089e+01,2.049611782696339812e+00,-1.324012409633195997e+00,1.274716025759809668e+01
1.253013445598187303e+01,2.285350530345007236e+00,-1.584608358943453421e+00,1.207364563216797215e+01
9.379119846959307338e+00,1.752598947798324369e+00,-1.674410999909647257e+00,9.644313666225690085e+00
7.646487620352790060e+00,1.474837387279688272e-01,-1.594910191314215631e+00,6.727673709312779415e+00
7.861925304048757113e+00,-2.180566002817983851e+00,-1.261636696761128995e+00,4.183578488090232028e+00
9.068779403094717750e+00,-4.381797864822552846e+00,-6.288978423354787406e-01,2.313623371412233620e+00
9.676744200678584207e+00,-5.646506206997256250e+00,1.852608562296820249e-01,1.186986881850749853e+00
8.649741014007142681e+00,-5.664071732690143968e+00,8.612843604923128282e-01,8.172271139918085847e-01
6.191897790143532809e+00,-4.646380527923725801e+00,9.567712018227680915e-01,1.062360230498402336e+00
3.629902158867445383e+00,-2.950060604700063038e+00,1.112249228864656825e-01,1.567113186211933629e+00
2.492611392925041525e+00,-6.917957628807329673e-01,-1.679027643367479339e+00,1.898507560406527572e+00
3.279270237060596394e+00,2.225532281230564902e+00,-3.903669566486138276e+00,1.728129682912595610e+00
4.984133684784988638e+00,5.682021277186016128e+00,-5.708403150666883086e+00,9.535671262377386492e-01
5.995401352080160784e+00,9.010151308112208213e+00,-6.365138069019929290e+00,-2.343748345849582804e-01
5.523245631391231036e+00,1.123510739155020666e+01,-5.706890994611285350e+00,-1.412043901422605829e+00
4.074717119269781307e+00,1.173648565533753008e+01,-4.177924966291826969e+00,-2.177332303215021803e+00
2.682278731040030451e+00,1.069068065868148487e+01,-2.487908191369362143e+00,-2.400792869247088124e+00
2.003962959585591008e+00,8.890637118752916734e+00,-1.186066477371255257e+00,-2.184843110600881655e+00
2.181846854941718039e+00,7.190168168553142003e+00,-4.605986260622835227e-01,-1.599338050058038752e+00
3.127408356703076375e+00,6.099826041078162397e+00,-2.053610530130718648e-01,-5.704869209299509025e-01
4.597710939187851231e+00,5.744672908270814560e+00,-1.947232696087115578e-01,9.304571697600395597e-01
6.134752223732102827e+00,5.992881870532619892e+00,-2.159876794515418752e-01,2.660636675850644561e+00
7.215932697023376363e+00,6.548577975466565171e+00,-1.223903190359378612e-01,4.098986222061026474e+00
7.506027221721286224e+00,7.032439539267238082e+00,1.553858878452462622e-01,4.639773563313808857e+00
6.966628618304529397e+00,7.138430100648635701e+00,5.980635142315735564e-01,3.880970884380486652e+00
5.926711377990542040e+00,6.798975924821982098e+00,1.082358277650558920e+00,1.933450097003348800e+00
5.125456581994273009e+00,6.207412002247917115e+00,1.399542078762543218e+00,-4.604375248960526079e-01
5.322971259713489722e+00,5.672295519629475535e+00,1.345605602732661721e+00,-2.257156350319143190e+00
6.480111267144852860e+00,5.426853418823387898e+00,8.486723983650722447e-01,-2.748953741603842538e+00
7.462328195694564847e+00,5.517002553759821737e+00,3.620784617670076005e-02,-1.939589715145621396e+00
6.971405067214553775e+00,5.804058562974476310e+00,-8.102266183058945970e-01,-3.387823585187734743e-01
4.812719354254568316e+00,6.059157025254656048e+00,-1.370353138709642593e+00,1.474858903850153169e+00
1.964908398052782390e+00,6.094298155144526774e+00,-1.413301764640301883e+00,3.040190345778482239e+00
-5.508604743796760017e-01,5.845209027812786395e+00,-9.138904289633420497e-01,4.013611700493786572e+00
-2.428605672804094340e+00,5.346679333282465585e+00,-1.006148681569677961e-01,4.326692726011483359e+00
-3.608602782439522816e+00,4.642857348109953541e+00,6.563587194533144764e-01,4.388118676293395026e+00
-3.605258571358028963e+00,3.742394434748665066e+00,1.093494480390599932e+00,4.847305517180962475e+00
-1.860021097743987717e+00,2.664677366386321022e+00,1.220586151481732884e+00,5.907969906134557192e+00
1.264729280147620427e+00,1.516517672734829070e+00,1.200188765225800314e+00,6.878816069152016155e+00
4.185691237512017437e+00,5.251608010009437555e-01,1.038848903913399679e+00,6.529357834067551991e+00
4.971854725808605657e+00,-3.636194836261388841e-03,4.531357090537465049e-01,4.003619560470869310e+00
2.665173798652038961e+00,1.727308769854431214e-01,-8.761165868698618242e-01,-4.493393981092990708e-01
-1.900615775898322424e+00,1.011913180321780681e+00,-2.885414188015193560e+00,-5.426849884384155942e+00
-6.342806402301830460e+00,2.055912257679569421e+00,-4.972560512123014753e+00,-9.015787710250480202e+00
-8.106257920704697639e+00,2.620018807903576885e+00,-6.265987711767782464e+00,-9.797960375686020740e+00
-6.228427480965360807e+00,2.277298973190408304e+00,-6.103749300864452110e+00,-7.643409831853507974e+00
-2.020909398260590795e+00,1.257784909769674719e+00,-4.410534576165387577e+00,-3.696823831155915840e+00
2.139153263289093054e+00,3.645562454956370324e-01,-1.797258662289761499e+00,4.894679445249561223e-01
4.786321421437975232e+00,4.136288334790410026e-01,6.689102174481288410e-01,3.923402765927510583e+00
6.095710987401834480e+00,1.628229485553195799e+00,1.973118403556706868e+00,6.405116441784862502e+00
6.855034245762505307e+00,3.457781719771474194e+00,1.705728602723922016e+00,8.036007525370530757e+00
7.197010533313194180e+00,4.942857176099167305e+00,2.953967691166306531e-01,8.743200281092246229e+00
6.555510278737666674e+00,5.328508367162762660e+00,-1.281094110371693517e+00,8.301392349399895565e+00
4.573672380085817224e+00,4.473352999898252413e+00,-2.124793283514741393e+00,6.640514637773821782e+00
1.759021374768543255e+00,2.809300783947859426e+00,-1.928034687784049073e+00,4.050579389644428652e+00
-6.566836152630034507e-01,9.784029337131422421e-01,-1.040286582186130682e+00,1.188304060453293509e+00
-1.384829341819426851e+00,-5.146939928593459168e-01,-1.117420601015571557e-01,-1.086335096145933043e+00
9.258846464166532730e-02,-1.406237721328029933e+00,3.726148111123177009e-01,-2.091290223856379527e+00
2.960906136103690578e+00,-1.595544657243772813e+00,3.417293001564573052e-01,-1.792560672907200781e+00
5.395235904587679876e+00,-1.109292196716619161e+00,6.330071409685168737e-02,-9.090247834904501278e-01
5.831978640215833565e+00,-1.896045724082722206e-01,-1.082794996021921030e-01,-3.607962178080429960e-01
4.105653539367331462e+00,6.711269317278416580e-01,6.734449250297169787e-02,-4.669716605869884130e-01
1.289585236494544151e+00,9.411392825124248462e-01,6.642041571269714506e-01,-6.822841018069848440e-01
-1.441928500424204840e+00,4.109958647775696083e-01,1.618260369716582492e+00,-1.622074881149394576e-01
-3.526098705839654013e+00,-6.153039855961138782e-01,2.759051403214299647e+00,1.375470297372564543e+00
-4.746597112814814778e+00,-1.492514396853571457e+00,3.865069928940051636e+00,3.260317648261654266e+00
-4.876186697579525386e+00,-1.645551488093410564e+00,4.769941058124262945e+00,4.264409228739622471e+00
-3.985368872575263399e+00,-9.328451996422391090e-01,5.440223420780387009e+00,3.500300747189025063e+00
-2.882959453020419893e+00,2.580547798145975680e-01,5.923012350885639599e+00,1.170407240560909168e+00
-2.814289365942189924e+00,1.237072014371756845e+00,6.211704782637112565e+00,-1.488763807140775608e+00
-4.568056982067942862e+00,1.433857206739001411e+00,6.202495981921713586e+00,-3.188360016755823700e+00
-7.878517807513766513e+00,7.463962314689925881e-01,5.805986287938767809e+00,-3.739775868627282396e+00
-1.157338185315639301e+01,-4.259592762969063306e-01,5.063920596113995920e+00,-4.291238104404515141e+00
-1.425200292011120595e+01,-1.462567993156014712e+00,4.111864804193369416e+00,-6.364337725503439458e+00
-1.515558703655543660e+01,-1.863738859076761845e+00,3.050632690821435844e+00,-1.058709446298095003e+01
-1.484683503906962088e+01,-1.415764202663640781e+00,1.916473067596965896e+00,-1.625583595602796549e+01
-1.511190290950679938e+01,-1.740033845470611573e-01,7.878320455153025037e-01,-2.197013138654587650e+01
-1.785398057958232343e+01,1.583109535327761996e+00,-1.267242565040621327e-01,-2.666024877884617439e+01
-2.376361918594390588e+01,3.363902940931426944e+00,-5.430251825776020169e-01,-3.021061426457288945e+01
-3.193395343635631178e+01,4.544003799325602166e+00,-2.659830096507570518e-01,-3.336428415094599131e+01
-4.060186929543032619e+01,4.632609769299924629e+00,6.324449252888112438e-01,-3.710110324569853191e+01
-4.810415477708877319e+01,3.647989185483726082e+00,1.726922958730531699e+00,-4.197231676211850271e+01
-5.336637204411314883e+01,2.311531190997340168e+00,2.379257708900179402e+00,-4.785447565787619340e+01
-5.613146581625724707e+01,1.758014716570249991e+00,2.136827129179771578e+00,-5.418855301560152782e+01
-5.715092893134512053e+01,2.777314935846891597e+00,1.117166271609737027e+00,-6.030749830952047574e+01
-5.793269551730232081e+01,5.091914525820971704e+00,-2.559672486572709196e-02,-6.549288894798255001e+01
-5.981625031795053360e+01,7.350533452840512183e+00,-5.961612154116993079e-01,-6.892894139939798492e+01
-6.307274717248140661e+01,8.020670695955752549e+00,-3.566264929900758163e-01,-6.997470355607300974e+01
-6.685723542809807896e+01,6.536228878279205290e+00,4.279984231305599129e-01,-6.870357026630128416e+01
-6.985736321839193863e+01,3.748476265132384189e+00,1.332839432365977128e+00,-6.609812377648205484e+01
-7.087862818942429044e+01,1.317943100071655715e+00,2.070103307809583182e+00,-6.349856929555041773e+01
-6.913013457625717706e+01,5.772465147389351792e-01,2.508905474171704508e+00,-6.169693991244892572e+01
-6.449759229835719054e+01,1.728498061672922637e+00,2.597765524504802581e+00,-6.045646186139742895e+01
-5.773692311634935947e+01,3.849907223672437429e+00,2.409876727717358058e+00,-5.879693466576867422e+01
-5.016964180579019938e+01,5.583072189478337499e+00,2.223532745306553871e+00,-5.572548429928114899e+01
-4.299078151245323198e+01,5.999632165674887219e+00,2.410156536210558809e+00,-5.087552428895209289e+01
-3.686656723888398091e+01,5.083824864567312751e+00,3.146752255986577929e+00,-4.471744322571683483e+01
-3.204744694421527385e+01,3.509794529055875412e+00,4.232155716405006096e+00,-3.828229643161745344e+01
-2.849995641833087490e+01,1.911865368146155708e+00,5.197912493301406478e+00,-3.259265466776194131e+01
-2.581747437511324961e+01,3.167408287480275586e-01,5.601001374594186899e+00,-2.818389098691314132e+01
-2.333590888413639775e+01,-1.689887757430148296e+00,5.245639184367407282e+00,-2.500978629654002461e+01
-2.060433233095213268e+01,-4.214371377836581445e+00,4.206929787012848365e+00,-2.264904885822910430e+01
-1.760089888612295894e+01,-6.538530701472670792e+00,2.716595055498116640e+00,-2.050521559831828711e+01
-1.436026445573104482e+01,-7.489305927066976842e+00,1.044241004573942533e+00,-1.790397497888277556e+01
-1.067764157803933323e+01,-6.446787839122179342e+00,-5.425898088615241921e-01,-1.425822305705615101e+01
-6.484009792516152615e+00,-4.029137124010998328e+00,-1.767891893954848248e+00,-9.349790942937211469e+00
-2.300904412513569586e+00,-1.755753795764474878e+00,-2.389272018159291466e+00,-3.497532424292562503e+00
1.120980982085657107e+00,-9.834948518604469392e-01,-2.324626632426824102e+00,2.577717655914933736e+00
3.661967044890939604e+00,-2.078987437083650303e+00,-1.734265927909231175e+00,8.098120375198872622e+00
6.057174698664871570e+00,-4.443034804305906249e+00,-9.197562311753169073e-01,1.258393834837186631e+01
9.210849248662217548e+00,-7.109980644539929173e+00,-1.137114070949337696e-01,1.609627150557853170e+01
1.346308093798625194e+01,-9.242274338579759885e+00,6.172078071285544976e-01,1.921148973300518392e+01
1.845499208879211750e+01,-1.026179235812182888e+01,1.280957935104730439e+00,2.254999220011681516e+01
2.337640929854578786e+01,-9.904702819447637197e+00,1.837785730013196783e+00,2.607089668661560466e+01
2.729480467215047668e+01,-8.419876703270713136e+00,2.197143584483623346e+00,2.886059406405211902e+01
2.961441094687109299e+01,-6.649026006001365730e+00,2.296907788430707420e+00,2.988960420504204407e+01
3.047052625172440088e+01,-5.626901295474762144e+00,2.154433562116265133e+00,2.913451994419293456e+01
3.053753409893067428e+01,-5.871779817574198646e+00,1.863589165865694453e+00,2.785727920729399187e+01
3.034670722274860921e+01,-7.019365806850602851e+00,1.563507478074540602e+00,2.764685973843247524e+01
3.000115646395243019e+01,-8.190956982211522686e+00,1.379809544721273484e+00,2.915173530765010312e+01
2.963439661843272788e+01,-8.729099090514512937e+00,1.357508527653682018e+00,3.166770707893943637e+01
2.972032508158139663e+01,-8.576477060809482467e+00,1.452185694308396835e+00,3.377223751247083783e+01
3.050023484927495332e+01,-8.023663361571498953e+00,1.597909667638227615e+00,3.431507390687204406e+01
3.131486943468134143e+01,-7.250408523170338349e+00,1.770583095004004237e+00,3.308225029914818549e+01
3.106459269920323507e+01,-6.225923377742470954e+00,1.975099586440757893e+00,3.087968694326153596e+01
2.945329964464710670e+01,-5.013755117241127657e+00,2.191197091756964532e+00,2.905206856988257158e+01
2.741416483293577855e+01,-4.014631530745133681e+00,2.353658664409397083e+00,2.866505322904007969e+01
2.612546215372495340e+01,-3.776233119626282164e+00,2.383129496719359697e+00,2.986369178413933057e+01
2.584030703510413574e+01,-4.529948395979912945e+00,2.239688432814197938e+00,3.189105245989173554e+01
2.583188842222818593e+01,-5.920354035463266662e+00,1.978100453811592496e+00,3.369480976002851946e+01
2.525771914552733577e+01,-7.176142029801849453e+00,1.763953965365091969e+00,3.454252891951944093e+01
2.388071568330875749e+01,-7.569446107017201442e+00,1.777766133636386581e+00,3.422594353555474811e+01
2.213276428654345906e+01,-6.837665749818214955e+00,2.016604966604949478e+00,3.295358121026770704e+01
2.073129958405299078e+01,-5.320667086022219827e+00,2.177355268244428377e+00,3.118088323004884188e+01
2.016943992172049249e+01,-3.729389014803179414e+00,1.821001370371671202e+00,2.940365312872385672e+01
2.038182787645500937e+01,-2.665442222592320665e+00,7.457069449509762249e-01,2.789936963555162563e+01
2.089511228300826318e+01,-2.217365196648861669e+00,-7.827023343001343614e-01,2.659187647568769464e+01
2.131816264161460950e+01,-1.966268631500348807e+00,-2.202717645438323935e+00,2.518517838720297419e+01
2.150700356305610583e+01,-1.418682818974359661e+00,-3.085336123761429405e+00,2.343865665163523815e+01
2.118937668928004214e+01,-4.946183066577553022e-01,-3.415243554176929486e+00,2.137692478004470331e+01
1.982110495886022150e+01,3.633974937734017474e-01,-3.493321168068564742e+00,1.938098164583633221e+01
1.727690364742932516e+01,5.548885383514944314e-01,-3.596384204979019117e+00,1.811168490843079937e+01
1.458689959828924465e+01,-1.513626814005593346e-01,-3.706767596429075162e+00,1.812381418970849367e+01
1.345060328020325180e+01,-1.354526651354179378e+00,-3.522722532198661938e+00,1.929215249292635548e+01
1.472342397170024952e+01,-2.227275905015074109e+00,-2.741720088413141188e+00,2.062502391432990123e+01
1.751270321747130509e+01,-2.044584545341491477e+00,-1.405802419773159340e+00,2.088076211523995340e+01
1.985919656088869445e+01,-6.741276410129782848e-01,-6.782360160043701680e-03,1.953602675321413784e+01
2.017561350869365455e+01,1.290399421826275983e+00,8.007779556480809635e-01,1.714863941996826568e+01
1.808995408377930758e+01,2.835308558779324084e+00,6.758069076808642661e-01,1.476311649733635534e+01
1.437798701782332600e+01,3.095141367220081818e+00,-1.630674616983810998e-01,1.300621228870558710e+01
1.047461413051554047e+01,1.855617574900426447e+00,-1.133602966004338297e+00,1.172864721679750666e+01
7.843169953417016060e+00,-3.174889750407584588e-01,-1.718931350510775058e+00,1.039265759227097874e+01
7.263064948250163688e+00,-2.426811139132798889e+00,-1.755238065886931542e+00,8.757862352756394131e+00
8.410859507612586938e+00,-3.650630565726888488e+00,-1.417506807537204372e+00,7.297144138474512154e+00
1.013127101520102968e+01,-3.771606128667699398e+00,-1.017808681868723752e+00,6.992514752371164377e+00
1.116266386734518967e+01,-3.115232494612065750e+00,-8.028018761611322995e-01,8.540524212753185296e+00
1.073894034164840683e+01,-2.116317006909002707e+00,-8.614643729691986440e-01,1.152407227171731030e+01
8.904785329546760053e+00,-9.569028548214614238e-01,-1.162680023020228326e+00,1.437439883560770504e+01
6.635142097503663017e+00,4.191899101643480896e-01,-1.649293209906327329e+00,1.538634268784849191e+01
5.471809790793912498e+00,2.039069556163195074e+00,-2.258827180953990155e+00,1.399537032513494239e+01
6.434183665510503580e+00,3.713586721518024270e+00,-2.833785720267680830e+00,1.116810183925710653e+01
8.967922645392272685e+00,5.074764655434490734e+00,-3.067539913230005411e+00,8.605197280677094440e+00
1.119455378278767910e+01,5.729454438879353795e+00,-2.641000957038288188e+00,7.545841620978729125e+00
1.147829286633325196e+01,5.403888388050831715e+00,-1.473962739786758069e+00,8.131130814057994982e+00
9.739649412081194058e+00,4.058669373325733076e+00,1.527858037495469223e-01,9.594313228704155705e+00
7.230087193958046221e+00,1.956443344441298082e+00,1.724515681518421495e+00,1.091194481319045018e+01
5.265631765440466516e+00,-3.842281113714318685e-01,2.761328745816302277e+00,1.142800530680413473e+01
4.317277959941075771e+00,-2.353753029171604449e+00,3.058684648349532686e+00,1.111459853152575405e+01
4.042121994333705892e+00,-3.435485312028630389e+00,2.792606576942533891e+00,1.036048744604090288e+01
3.840953394412890187e+00,-3.337726129615647075e+00,2.420993493450312339e+00,9.510297800987324024e+00
3.447604911011834528e+00,-2.102539516796332109e+00,2.377658344036855276e+00,8.593277372520228496e+00
3.228705481505213193e+00,-1.816220685024073078e-01,2.729884036229935251e+00,7.440150860556352441e+00
3.820498146626541747e+00,1.660408646572844926e+00,3.088831061542625989e+00,5.927702259304337140e+00
5.180388974108284472e+00,2.696713834440624513e+00,2.901774333145520579e+00,4.052475745489573455e+00
6.091648095634627502e+00,2.649500692224816323e+00,1.911140632180181598e+00,1.916066707594527019e+00
5.081869794661771245e+00,1.826444046095897056e+00,3.956494152570421141e-01,-1.905880523456001951e-01
2.058211420057008745e+00,8.654562838760343491e-01,-9.981125241836996675e-01,-1.762265544065507950e+00
-1.215658888748249122e+00,3.090376018049842410e-01,-1.671921961955561642e+00,-2.372810605061767220e+00
-2.521593102346417758e+00,3.185626400655069412e-01,-1.410438282355914508e+00,-2.081684242108428062e+00
-1.069835079173604431e+00,6.583092620925956595e-01,-4.360844812656155534e-01,-1.441922876601541725e+00
1.905221068592297007e+00,8.872104830614853110e-01,7.696930071022025643e-01,-1.037491847827479052e+00
4.080666191763392625e+00,6.387825481761013613e-01,1.709365821246824346e+00,-1.067398479190811544e+00
3.538427130857108249e+00,-1.308907053223122285e-01,2.053268918747959138e+00,-1.357520115816744477e+00
-6.131722354198904101e-02,-1.062905152698110145e+00,1.740887258354506306e+00,-1.578321286199352080e+00
-5.122346244141692928e+00,-1.577273148729049002e+00,1.007395547101006317e+00,-1.334625342602180131e+00
-8.930646621661054496e+00,-1.249687909883508530e+00,3.026677283428440002e-01,-2.439668624038753564e-01
-9.372965715117816288e+00,-1.459955326698664790e-01,6.894060826289190314e-02,1.755140446500099038e+00
-6.277520792286043871e+00,1.132118585284019874e+00,4.646128488509501109e-01,4.107059158834197810e+00
-1.231570529282605353e+00,1.762278183303394252e+00,1.255356361916716734e+00,5.844717624008660906e+00
3.736821427377761573e+00,1.213142470902718317e+00,2.017978653830206692e+00,6.262988550452291747e+00
7.224004598037234715e+00,-3.679741539388369231e-01,2.502924597315494104e+00,5.437935726929563174e+00
8.653885497730515297e+00,-2.175690601958803594e+00,2.795135535400324667e+00,4.134928251300197921e+00
8.164824271248781073e+00,-3.204391644385144122e+00,3.096921562472273237e+00,3.260159939591898315e+00
6.575900795156730538e+00,-2.854616582565189020e+00,3.375559321624196141e+00,3.289941429411368912e+00
5.086896967586390872e+00,-1.276170978196628392e+00,3.283188889133660915e+00,3.991881129813368734e+00
4.584378941667947238e+00,7.773214630282111459e-01,2.453136325274425822e+00,4.604588329001025215e+00
5.179830407102659962e+00,2.455303194654484322e+00,8.701309700923074431e-01,4.439339837435663405e+00
6.428398657047613263e+00,3.303488110312889248e+00,-1.023658974525444521e+00,3.481077379037323283e+00
7.809559207932896818e+00,3.402485072657891241e+00,-2.524921009328793264e+00,2.422678162173853789e+00
8.941567754864175654e+00,3.098689978986342908e+00,-2.992458932906767899e+00,2.071023393576135074e+00
9.642748269003002193e+00,2.606723478534942462e+00,-2.156801069432691342e+00,2.714771607499363970e+00
1.004479807315888351e+01,1.863921329836992324e+00,-3.243551166957747145e-01,4.013106568470432123e+00
1.046573537877940119e+01,7.548513657921485098e-01,1.666682256686288444e+00,5.350335170839922938e+00
1.091735128049356618e+01,-5.773637250388942155e-01,2.823596449548701148e+00,6.247374492666855517e+00
1.091267713768561798e+01,-1.709674040834367803e+00,2.539641241688473716e+00,6.604315589856139646e+00
1.009773280161419606e+01,-2.237796969517967138e+00,9.452410569367428739e-01,6.740881115206825314e+00
8.984077719005314933e+00,-2.060939118016807292e+00,-1.162316335110934018e+00,7.161726928713684437e+00
8.645389992065641849e+00,-1.381483448867392827e+00,-2.752693141296557400e+00,8.098374735802552848e+00
9.559341188267275413e+00,-5.040336561278381255e-01,-3.100444788451284683e+00,9.236934180183661525e+00
1.097449964950685164e+01,3.119761629947566117e-01,-2.134343743292148599e+00,1.001325924051401017e+01
1.152366626116709547e+01,8.488106269982195196e-01,-4.078396004908436123e-01,1.022724062618903851e+01
1.034845638396618028e+01,8.746693740374205106e-01,1.278400078464330791e+00,1.028110799221747484e+01
7.720397576695301467e+00,1.486651377573310062e-01,2.337200302710960909e+00,1.075487028995952699e+01
4.917592929274119840e+00,-1.483905923014458672e+00,2.639533773395551730e+00,1.178611943593226385e+01
3.528676873307443174e+00,-3.934897115523035893e+00,2.455205248346965075e+00,1.287797399664694886e+01
4.340003411056764016e+00,-6.748142294888736181e+00,2.220515111981887557e+00,1.325949386497279292e+01
6.415346396320736666e+00,-9.166582189971105521e+00,2.283559858750809024e+00,1.245304387785161282e+01
7.440582970370179794e+00,-1.046507229351295187e+01,2.699708963822792906e+00,1.062303127174936002e+01
5.531368141098611524e+00,-1.035199731205492668e+01,3.157877187659314355e+00,8.437023376731531243e+00
9.914900559690358328e-01,-9.103148365704667455e+00,3.142578493120704586e+00,6.486495239160348092e+00
-3.767632640653379994e+00,-7.329576777445760527e+00,2.295031656618855997e+00,4.760582769602740072e+00
-6.110961974864603796e+00,-5.626254321981718931e+00,7.138357090505650371e-01,2.785729514663755957e+00
-5.075732762654948438e+00,-4.362102782121948685e+00,-1.069212449233380324e+00,4.019384266077460355e-01
-1.778153370319073945e+00,-3.620112954040081377e+00,-2.420892339550653638e+00,-1.691234843039190139e+00
1.601997490785739719e+00,-3.207783595420652389e+00,-2.961204791295090288e+00,-2.373707929568222408e+00
3.267189458722357109e+00,-2.789506735025688133e+00,-2.686795948704958192e+00,-1.171655197098589118e+00
2.805774033188585648e+00,-2.166119206104799577e+00,-1.856834456986594217e+00,1.166938602471989439e+00
1.250288331700926125e+00,-1.462322734342101027e+00,-8.086999620084056595e-01,3.176654697365327795e+00
1.392000960477796090e-01,-9.379742555627696987e-01,1.554604199495774053e-01,3.745285001337138375e+00
2.870735816251098194e-01,-5.629533137934712439e-01,7.894052394510393533e-01,2.827515020557127112e+00
1.337442310739568985e+00,1.103226222535633599e-01,9.010106001360479455e-01,1.343596789860140639e+00
2.361392182500790859e+00,1.490624760133371751e+00,4.200424973218696012e-01,4.232838203838346636e-01
2.626030347795537345e+00,3.317016152451067512e+00,-4.629753359696224813e-01,5.102630320395654673e-01
1.759398127144055080e+00,4.569907520729498351e+00,-1.251136311964843539e+00,9.813248498252703511e-01
-3.735598533016617484e-01,4.149665553988692857e+00,-1.372051037281876384e+00,6.990789926978163704e-01
-3.477315458863368125e+00,1.786458216840907998e+00,-5.934445308059340674e-01,-8.603144636932499312e-01
-6.591323770358272327e+00,-1.589849677591524069e+00,7.596619546700910108e-01,-2.963481691193141643e+00
-8.509450641071266475e+00,-4.329681296250965872e+00,2.038375504903680913e+00,-4.176215970154776080e+00
-8.661803946573183310e+00,-5.046716084124430068e+00,2.728132463399049357e+00,-3.606293483638358222e+00
-7.502353166130427020e+00,-3.434750354250688975e+00,2.682860608905590194e+00,-1.608530729975468754e+00
-6.063669809416961876e+00,-4.036250013323139929e-01,2.011142485948959280e+00,6.213490397537765331e-01
-5.312137591719398699e+00,2.516127067110865756e+00,8.977733437815726969e-01,2.004083605094912013e+00
-5.782986010544408195e+00,4.072094684317369762e+00,-4.040904906411760256e-01,2.226208350116993362e+00
-7.298146714310047578e+00,3.894388532013702164e+00,-1.521331284306911336e+00,1.775660416738245928e+00
-8.783281477965143580e+00,2.482761199576664524e+00,-2.070386541085385002e+00,1.545276969086251784e+00
-8.783205931909778386e+00,7.327168670048950228e-01,-1.913220247208865077e+00,2.249067948427463381e+00
-6.688818532615679935e+00,-5.830636310758972041e-01,-1.327294541981394405e+00,3.903670879454944398e+00
-3.460168767304928394e+00,-1.080712622604292905e+00,-9.003263959377361125e-01,5.695846735973874253e+00
-8.624155764698181459e-01,-7.622439778001454114e-01,-1.171009986577628892e+00,6.386869481392229098e+00
1.686281643701011135e-02,1.103237178741163504e-01,-2.242975758958494659e+00,5.018429577269602149e+00
-6.281147210870571262e-01,1.150740054058643214e+00,-3.675133074772306330e+00,1.508735116958438205e+00
-1.945806728435015120e+00,1.994163967961193329e+00,-4.779043979922209751e+00,-3.131721946175643811e+00
-3.220612292899252438e+00,2.475323008119230561e+00,-5.092786579858924689e+00,-7.099387684558994493e+00
-4.062950721552597066e+00,2.740892227516868118e+00,-4.608171993671256850e+00,-8.649963768450822599e+00
-4.303381740984160153e+00,3.112713792075161301e+00,-3.582431445452781027e+00,-7.169081693907787489e+00
-4.009467945964354740e+00,3.701832755456107904e+00,-2.215179890053865286e+00,-3.671833869692682661e+00
-3.443907763126091925e+00,4.122804503017436950e+00,-5.761421266798113505e-01,-1.679215126573669337e-01
-2.812345485639990095e+00,3.711772020961363605e+00,1.189836822700643060e+00,1.677380529835376111e+00
-2.169155899310980740e+00,2.172305687009321584e+00,2.704140696510869635e+00,1.472836181018594370e+00
-1.691015937290099025e+00,2.516751962594015665e-02,3.486196271425400894e+00,-2.439963390160976991e-02
-1.844528427767882395e+00,-1.667849908633950662e+00,3.269373067199728755e+00,-1.726598312922142053e+00
-3.025071488486825722e+00,-2.106242454840218770e+00,2.212307116060898249e+00,-2.961044737107240810e+00
-5.054070114493863564e+00,-1.333959433298841590e+00,8.387220147885503518e-01,-3.723971556977529129e+00
-7.168836004995348787e+00,-1.071492396297247518e-01,-2.452536866590679654e-01,-4.435688349267828734e+00
-8.465925390311253906e+00,7.442824023059454452e-01,-6.834127913414345112e-01,-5.403603060041119122e+00
-8.313226192022217020e+00,8.633485913955144531e-01,-5.572427136188375929e-01,-6.409260709338278517e+00
-6.588516483412266034e+00,4.360324700710294654e-01,-2.964873147442863011e-01,-6.857741511237406051e+00
-3.855309299723690408e+00,-1.309192301962372740e-01,-3.416935271209998182e-01,-6.415250021894862265e+00
-1.254808301665752079e+00,-5.637116114280553703e-01,-7.872743657669228901e-01,-5.442226785171648373e+00
1.510108125583354832e-01,-8.214881220016665431e-01,-1.293518663957020642e+00,-4.682486956915352216e+00
1.226945855432420712e-01,-9.468422083342691309e-01,-1.371346009692082424e+00,-4.539265295028313218e+00
-7.645895945582650288e-01,-8.993963453987442458e-01,-8.416845589145992568e-01,-4.751635525895317791e+00
-1.860494168204573917e+00,-5.701881505992646426e-01,-1.006751853905870492e-01,-4.769676452009539602e+00
-2.951495245729880423e+00,6.441712022936389725e-02,7.858316414611310474e-02,-4.346657552924699353e+00
-4.030038739146030835e+00,8.542473546123370287e-01,-8.510723732259807273e-01,-3.764721227623541111e+00
-4.914664436447076845e+00,1.560863260641053740e+00,-2.634845533662427020e+00,-3.586032479006224349e+00
-5.348795249028214016e+00,2.014383573491373536e+00,-4.208092584498032807e+00,-4.190798255777277603e+00
-5.310618984608562521e+00,2.187522888132755305e+00,-4.407928590276065428e+00,-5.434526433106723786e+00
-5.041133485611270615e+00,2.163908590462846782e+00,-2.889235896233355749e+00,-6.711341562267032046e+00
-4.916300468657997413e+00,2.070697090449180600e+00,-4.518728077399288834e-01,-7.464545160925306178e+00
-5.423375649651783093e+00,2.006013547537366826e+00,1.520918123419316759e+00,-7.707768486266053820e+00
-6.972249604469342721e+00,1.962884329925648652e+00,2.015770263492881575e+00,-7.958335000160152717e+00
-9.350833865704334613e+00,1.810498493134873765e+00,9.606989474261705686e-01,-8.579655263310696611e+00
-1.144943830781631888e+01,1.402314570642799740e+00,-9.117437420531288028e-01,-9.273648739037549049e+00
-1.191519906817871011e+01,7.529424965376062540e-01,-2.633891462568465069e+00,-9.344900826283437212e+00
-1.022803901772631363e+01,1.166719810077860436e-01,-3.529640866354124107e+00,-8.443110454902159390e+00
-7.029461981813322602e+00,-1.281188459876771157e-01,-3.424911608449629608e+00,-6.933280851848810045e+00
-3.482665803195269305e+00,2.881975328929166080e-01,-2.555389930752979044e+00,-5.517813693943637965e+00
-5.763023395184949660e-01,1.336030760456176081e+00,-1.345683631880171482e+00,-4.579613329521151854e+00
1.035969661168658407e+00,2.644070675509992530e+00,-2.275124321541315553e-01,-3.926671895173974747e+00
1.064640133937058364e+00,3.622918860196967739e+00,4.558497703375879451e-01,-3.121181005435869515e+00
-1.602743297857713856e-01,3.723959311552526241e+00,5.166466893260918125e-01,-2.040426551312274128e+00
-1.649992722093664543e+00,2.752609499434061746e+00,-1.741563782328172522e-03,-1.162998233304597617e+00
-2.320455103559931676e+00,1.069849724088035803e+00,-8.006320984030590449e-01,-1.267703948480144227e+00
-1.673341328631324787e+00,-5.102358845965506706e-01,-1.431615108498680566e+00,-2.691835499136622012e+00
2.464218591250465912e-02,-1.158310702817815674e+00,-1.505807954173807861e+00,-4.791937863472335302e+00
1.916108642592120992e+00,-5.553423042091208961e-01,-8.816695066101958300e-01,-6.228723611662732473e+00
2.743253058038918724e+00,8.728735332965102955e-01,2.789950397107744950e-01,-5.944288467082432526e+00
1.340377615629278374e+00,2.213479966307417612e+00,1.613347200616223498e+00,-3.953172043339973296e+00
-2.390042836376450985e+00,2.666168204255269458e+00,2.767579294406441015e+00,-1.241182707367312288e+00
-6.930161916596987659e+00,2.075231017748615070e+00,3.592026612709542821e+00,1.022146228914771360e+00
-1.005163389879751179e+01,1.000755719896600615e+00,4.163477393441855412e+00,2.185972037466626716e+00
-1.053605820649010738e+01,2.547898745535772669e-01,4.590941953479650728e+00,2.285666752627073528e+00
-8.899009475103346389e+00,2.617004364256624860e-01,4.797504128158362136e+00,1.823415040511780161e+00
-6.495126975010522941e+00,7.726633586219351368e-01,4.554419925327763075e+00,1.447832773927475003e+00
-4.299757048081551680e+00,1.154917081152251335e+00,3.781564958132725529e+00,1.620820449831211318e+00
-2.660085541098395900e+00,9.620900974044284126e-01,2.773570052663175911e+00,2.338019637584513699e+00
-1.735672231463683213e+00,2.926309268978619649e-01,2.032218005426216223e+00,3.101226624414678223e+00
-1.639669662344005019e+00,-2.870248622095857849e-01,1.827132672094698984e+00,3.239950563760231717e+00
-2.113218040152637478e+00,-1.047708030576888077e-01,1.942117114669440481e+00,2.371756738454419811e+00
-2.335242645845211129e+00,1.227034751597788409e+00,1.866067650241944875e+00,6.806361783285141964e-01
-1.242047302490077554e+00,3.553239394361523473e+00,1.213879563982069865e+00,-1.130988382529827252e+00
1.780557581902471709e+00,6.148635002190649068e+00,-1.016937834837786277e-02,-2.186954820076868700e+00
6.197613259977510225e+00,7.991550135408711952e+00,-1.456056867727345328e+00,-1.965601538857009389e+00
1.019361575509043227e+01,8.257474764829858316e+00,-2.661899739518299057e+00,-7.364216793954575513e-01
1.165264243934380772e+01,6.758003890674278757e+00,-3.302357749926794650e+00,4.906849923267559976e-01
9.838375772619976090e+00,4.049696641087733973e+00,-3.311947046003236306e+00,6.087329028241972306e-01
6.198030440625635684e+00,1.157456832961306414e+00,-2.810680911988780117e+00,-8.216665728968618465e-01
3.194755400552521163e+00,-9.089886802268682953e-01,-1.927238105945719759e+00,-3.330721626051914352e+00
2.196069732940673092e+00,-1.583529296218727955e+00,-7.496089021073397696e-01,-5.960597288637096369e+00
2.580024761450463888e+00,-9.269183974560003536e-01,5.203935313833109033e-01,-7.915649266474215295e+00
2.737056059155859256e+00,4.764064410044578923e-01,1.449017444684531641e+00,-8.979579213920562353e+00
1.538609406573407057e+00,1.818088666317235980e+00,1.554291034811574601e+00,-9.553737638423402956e+00
-1.158698478796031273e+00,2.422319503985507438e+00,6.900178714521585377e-01,-1.034586626753003102e+01
-4.825589058071209969e+00,2.034806494450567271e+00,-7.611634115237699838e-01,-1.181716908791731591e+01
-8.596853214742472105e+00,9.398141908381025811e-01,-2.100375218388595311e+00,-1.371917498521923484e+01
-1.154772680183529054e+01,-1.847547154969784444e-01,-2.732529952023835307e+00,-1.514706470159869234e+01
-1.313155450530038237e+01,-6.784755314361974321e-01,-2.444509549636605161e+00,-1.512610559667731813e+01
-1.341851842788906168e+01,-3.768781562379325822e-01,-1.403695970794713421e+00,-1.320682829292766236e+01
-1.271036008054171695e+01,2.158659445452886516e-01,1.562833727754943738e-02,-9.597613158436358205e+00
-1.096685646742369435e+01,3.075941324546612732e-01,1.426036518384117047e+00,-4.933961567755028810e+00
-7.834136667275583221e+00,-4.671194062541220715e-01,2.556967477322744653e+00,-6.683910416926552855e-02
-3.244972252840076621e+00,-1.620115040273128360e+00,3.289860701474657922e+00,4.041814853322660106e+00
2.152129620074160421e+00,-2.132355290810759918e+00,3.617644273048520098e+00,6.511074007233676575e+00
7.108145738694086724e+00,-1.304382682157132267e+00,3.591899567648257019e+00,6.855869100584601306e+00
1.019494180757985369e+01,6.208806933370373260e-01,3.291139600843248303e+00,5.209490964464557727e+00
1.035259010108030608e+01,2.611648790686417865e+00,2.778039362106170973e+00,2.294645958127476071e+00
7.529137305337645358e+00,3.592453132923184800e+00,2.035686682417177984e+00,-8.456587736098228891e-01
2.984510631675024950e+00,3.123757689804462778e+00,9.629766066526244117e-01,-3.300794443795714628e+00
-1.303694288421323400e+00,1.564414341571373157e+00,-5.017557930372859021e-01,-4.754954472665786191e+00
-3.831327281932951578e+00,-2.247245980539421539e-01,-2.216777809320018111e+00,-5.571844903918134584e+00
-4.261561444726821080e+00,-1.331763657737303097e+00,-3.826801689592460587e+00,-6.301751443818828236e+00
-3.124076811953636845e+00,-1.188411942422767043e+00,-4.971659163439017703e+00,-7.069695944374544183e+00
-1.209868948261342725e+00,1.787053119271011514e-01,-5.528898282051431856e+00,-7.548300710071799813e+00
6.384263675050334541e-01,2.133413163280587277e+00,-5.641348074133776258e+00,-7.509198161270818517e+00
1.625945874946126635e+00,3.740103010091277991e+00,-5.505264191071966628e+00,-7.182351621074744230e+00
1.465011161384583538e+00,4.316028656885797510e+00,-5.156143781625980971e+00,-6.945270197786521216e+00
7.479693425299125398e-01,3.896920922944796750e+00,-4.488091835755179559e+00,-6.796966908826893139e+00
4.914698250755636377e-01,3.231880225641901028e+00,-3.482180652954308453e+00,-6.316255285476027659e+00
1.175835044770974669e+00,3.219438965022797028e+00,-2.381613217165993390e+00,-5.117542161630873387e+00
2.398703810784635682e+00,4.174109528080288456e+00,-1.587223905514691058e+00,-3.260408677625607154e+00
3.464128787608550919e+00,5.537269595806097122e+00,-1.330598429660461379e+00,-1.291573884744232847e+00
4.034834616458142342e+00,6.312730788909649782e+00,-1.437393605526189111e+00,-3.015194660912565161e-02
4.124029611674322915e+00,5.854977303472190364e+00,-1.447616343658371996e+00,-2.319879762145169999e-01
3.736971269265511264e+00,4.320712808436483421e+00,-1.018354852388525522e+00,-2.169016758512892995e+00
2.766786466896216101e+00,2.456509885427563766e+00,-2.240307268880719349e-01,-5.335821615775413918e+00
1.181852640458433079e+00,1.028447700948666110e+00,5.583883618900021828e-01,-8.607326491830384896e+00
-7.644831025920471035e-01,4.317659672814123106e-01,1.066002755217455134e+00,-1.081684408220340288e+01
-2.410598135458669855e+00,6.962994987269951475e-01,1.426693189538910111e+00,-1.130504331550326036e+01
-2.804590563892401800e+00,1.670048670012117764e+00,2.003075713013483306e+00,-1.008920241102613602e+01
-1.315237091635811817e+00,3.078326968846106571e+00,2.977197365785059890e+00,-7.700984290854385961e+00
1.567977800511342057e+00,4.432604947518972160e+00,4.113669241965626000e+00,-4.865043753092358259e+00
4.209264166401790241e+00,5.039385895565819062e+00,4.933484732635852410e+00,-2.100040495103010496e+00
4.980849747856107790e+00,4.310196449592512025e+00,5.110054052758304266e+00,5.641324278784736190e-01
3.570264309133129199e+00,2.235098002882976775e+00,4.704134153236623206e+00,3.416806042372335650e+00
1.084785859367847216e+00,-3.978728871756519458e-01,4.045838357074783787e+00,6.452984899831720966e+00
-1.027072926358469029e+00,-2.355077656331912017e+00,3.419454859359735810e+00,8.927969882555137460e+00
-1.996559730351775697e+00,-2.739476828377200412e+00,2.860531236508697006e+00,9.681924426076440326e+00
-1.899441977019945327e+00,-1.634497273848388721e+00,2.213669558955575933e+00,8.036877439700191417e+00
-1.279597672198776959e+00,-8.212769093660829411e-02,1.329954184652433868e+00,4.426717585927078424e+00
-7.404980135775023342e-01,6.112262630734208724e-01,1.955474881933619569e-01,2.076614911185351298e-01
-5.815425820408217650e-01,-2.816072716220543448e-01,-1.070607213456448603e+00,-3.133523316666729119e+00
-6.203003654581354942e-01,-2.504732264923148488e+00,-2.255595128342153810e+00,-4.793402508117996064e+00
-5.565772873306087387e-01,-5.055463495549775921e+00,-3.067325131127408788e+00,-5.052152621117075526e+00
-6.272675851903684041e-01,-6.812164021753122078e+00,-3.199552077656091065e+00,-5.034490708347503229e+00
-1.590987860496539508e+00,-7.123380080638696654e+00,-2.509056160485151121e+00,-5.867468966990556645e+00
-3.763466737178998045e+00,-6.038101021662544809e+00,-1.182626494299513276e+00,-7.771143456280044326e+00
-6.263995498193759559e+00,-4.120199469647105595e+00,3.088177774994898539e-01,-9.883511217140133809e+00
-7.601079420153080690e+00,-2.053889399229714918e+00,1.475217528487148044e+00,-1.102632786159121103e+01
-7.016909438162099555e+00,-3.429968824297898733e-01,2.057199759125593275e+00,-1.065424033301950679e+01
-5.042884782695792545e+00,7.530432477137442016e-01,2.065064905989308919e+00,-9.106273977113668039e+00
-2.824784546251112971e+00,1.150687270945048191e+00,1.658116340422684631e+00,-7.144942728094992646e+00
-1.209864559089563585e+00,9.018442281114790182e-01,1.026358572629456178e+00,-5.439531861550530145e+00
-4.248515553896469177e-01,1.973734854125085425e-01,3.292757844302054426e-01,-4.377194637508196706e+00
-1.624983276396624321e-01,-6.685437759431006599e-01,-3.354649995832625353e-01,-4.034282559358641329e+00
2.551571111413603044e-01,-1.399581942774601462e+00,-9.193625975761792191e-01,-4.149470440643648672e+00
1.480073871525996898e+00,-1.810952137028905451e+00,-1.366391199538611323e+00,-4.246948403073098177e+00
3.520416248287582484e+00,-1.894933177346367792e+00,-1.613420351949371501e+00,-3.971177079687926881e+00
5.517644481111134702e+00,-1.795330915860082532e+00,-1.708506693273779353e+00,-3.344250524424190463e+00
6.312132688891570531e+00,-1.680460416825426684e+00,-1.898094694526417658e+00,-2.681832326205029648e+00
5.291392794647414632e+00,-1.595235157241154278e+00,-2.482246257800318379e+00,-2.289258327700332885e+00
2.800889765685179000e+00,-1.443245890950701105e+00,-3.501943980874194562e+00,-2.218395020229989800e+00
3.222280782706762881e-02,-1.147034630571609037e+00,-4.579308071146798831e+00,-2.192105232674172566e+00
-1.397682802031158245e+00,-8.204518352551758431e-01,-5.123124934441814382e+00,-1.718586373761108899e+00
-2.306037038580661669e-01,-7.399669693774481027e-01,-4.755880380992992151e+00,-4.505413460526654923e-01
3.453094233459135243e+00,-1.120172955872111853e+00,-3.618850082722548045e+00,1.377101726097015977e+00
7.950442169271292769e+00,-1.914970253181284443e+00,-2.332291455144111403e+00,2.905501387312472428e+00
1.098880934492181538e+01,-2.820375676728967829e+00,-1.644426841763207525e+00,3.238878861295328537e+00
1.128384650181319060e+01,-3.449030531721122728e+00,-1.986405331741568192e+00,2.179512916394733768e+00
9.072525564533671982e+00,-3.538189868241110592e+00,-3.205962047853844421e+00,3.789447821739585498e-01
5.355127314054710652e+00,-3.089784870979411568e+00,-4.664120178468775357e+00,-1.211686776035509450e+00
1.038355577195154922e+00,-2.395471795799247960e+00,-5.639180937470037236e+00,-2.011844896905848668e+00
-3.200265550511626866e+00,-1.920712420533681852e+00,-5.736302881792774144e+00,-2.053811357198798149e+00
-6.795543207984104939e+00,-2.065895721706463739e+00,-4.999716353470230246e+00,-1.769314208852869275e+00
-9.454527333662674948e+00,-2.907547977136464734e+00,-3.709204596632800222e+00,-1.597144102762596773e+00
-1.119925170394428982e+01,-4.083869803679965216e+00,-2.124601266949079470e+00,-1.654607019835600878e+00
-1.191749713764614960e+01,-4.948456505299341224e+00,-4.243373156408351554e-01,-1.651595515391138136e+00
-1.102720745717664386e+01,-4.952187424632041868e+00,1.180876948045936459e+00,-1.134972331093299536e+00
-7.922909117440321225e+00,-4.012400299137732773e+00,2.370322846502573633e+00,1.202592209792460176e-01
-2.722634963602373226e+00,-2.579704153322750049e+00,2.810995722711544076e+00,1.941540619228858011e+00
3.633813544999188849e+00,-1.331711265423188406e+00,2.359162571427315669e+00,3.928396947937074835e+00
9.908818853247895575e+00,-7.426357919443851152e-01,1.183108334261150363e+00,5.690635120674483183e+00
1.492855760722412128e+01,-8.637541910344320728e-01,-2.981964113047594900e-01,6.936152133455149915e+00
1.761242994275043472e+01,-1.407290289559118390e+00,-1.607964756582430432e+00,7.535576896895435972e+00
1.723975587730592807e+01,-1.951242779820929751e+00,-2.404014262253670875e+00,7.675239528938223366e+00
1.405242082193385933e+01,-2.085720803815923841e+00,-2.585929447171742002e+00,7.848223122610217040e+00
9.478199108221950553e+00,-1.520314808803687523e+00,-2.313058412983092005e+00,8.454833204771681210e+00
5.523837152865507250e+00,-2.361706348095052033e-01,-1.941789088808848263e+00,9.329707189279032420e+00
3.772168612654590802e+00,1.389641737064962301e+00,-1.863300640046265499e+00,9.761666960873162324e+00
4.604233543172040477e+00,2.660528279308828736e+00,-2.269308045170844501e+00,9.052990026739497154e+00
6.881349389344021183e+00,2.859321259798661252e+00,-2.995044383581244141e+00,7.064790892593860505e+00
8.307190967554880956e+00,1.586476410887747823e+00,-3.613099556596500506e+00,4.293283416286521437e+00
6.733217283161550881e+00,-1.030910987216940411e+00,-3.756321455354767469e+00,1.538556384588753767e+00
1.856676782704918427e+00,-4.284986900910340069e+00,-3.400866388503986482e+00,-5.591852580618360546e-01
-4.176150527650801081e+00,-7.017080960755422758e+00,-2.849251968220602116e+00,-1.926280005614619206e+00
-8.111436553591818921e+00,-8.044806555288200656e+00,-2.445888568710261168e+00,-3.157496075635108035e+00
-7.835056916359022239e+00,-6.827727425884672741e+00,-2.303515397711932255e+00,-5.025930514022289408e+00
-3.676369114450945830e+00,-3.929677695656643266e+00,-2.255485839485511068e+00,-7.594437183915251133e+00
1.931540594283685408e+00,-7.918631934223950841e-01,-2.006647209385416186e+00,-9.776324583595181750e+00
5.798880661360930944e+00,1.116575379262158441e+00,-1.331258866445547362e+00,-9.994112854688975034e+00
5.585149337560035399e+00,1.122542443801094914e+00,-2.168706010025171216e-01,-7.456125079006364231e+00
1.148289825557131882e+00,-4.261034532326636315e-01,1.095015647783158075e+00,-2.838842171982684626e+00
-5.193023631187211997e+00,-2.527309227017436655e+00,2.225152521147203188e+00,2.209134941713945199e+00
-1.012580218805141641e+01,-4.100810215326984753e+00,2.907779016951106410e+00,6.136801996017760885e+00
-1.166535229487119985e+01,-4.476288866509292141e+00,3.190025743544743886e+00,8.191011103955718298e+00
-1.028991748338860113e+01,-3.662790167569505151e+00,3.372287193518860082e+00,8.446736506396542055e+00
-7.937997003812386154e+00,-2.275428593000664357e+00,3.718545109680813532e+00,7.484885025065386444e+00
-6.141201512424060205e+00,-1.078426424851830712e+00,4.206766579691928243e+00,6.059429952187103119e+00
-5.121844648036375069e+00,-4.091650746231167424e-01,4.546108353112918721e+00,4.862006469101724626e+00
-4.215873477314851847e+00,4.950788353832652477e-02,4.423437963412327534e+00,4.368296623057565498e+00
-2.737296634268150619e+00,9.284349385965997570e-01,3.753903110110443198e+00,4.712033706492412932e+00
-5.821640729605817022e-01,2.559679957658938410e+00,2.746654745659859564e+00,5.571849797740699550e+00
1.608325499665311131e+00,4.641138196894488033e+00,1.760313774016743382e+00,6.225304216053808126e+00
2.853681946761633004e+00,6.451175278725792772e+00,1.067736513929358644e+00,5.961060518200048897e+00
2.673758034311045861e+00,7.377629443037167611e+00,7.040725558863327738e-01,4.668913876152776865e+00
1.580542507977075628e+00,7.281682826547898557e+00,5.079258052572656057e-01,3.032251748094585864e+00
5.723513380430640396e-01,6.429218576720932887e+00,3.083168597871527861e-01,2.008138069240212431e+00
1.630473397911106903e-01,5.147969526160400378e+00,8.564583965297020707e-02,2.050598204312910511e+00
8.571173024214644165e-02,3.595379830522877018e+00,-2.902806622881688725e-02,2.835040414500880512e+00
-1.426639251975624079e-01,1.841319486021546714e+00,1.042590342428541678e-01,3.651874609190291388e+00
-6.759147117861384890e-01,9.030653207966385376e-02,4.809029102053752336e-01,3.961401456480061700e+00
-1.330599157057557491e+00,-1.279273877321918773e+00,9.042297830457406427e-01,3.671290792291359573e+00
-1.730285565995886898e+00,-1.934335213428424183e+00,1.095675052841278418e+00,3.159477489739419998e+00
-1.373715758101158757e+00,-1.815601062355861828e+00,9.252860983426082209e-01,3.135387233561013343e+00
-3.288668612369836930e-02,-1.130910292269825534e+00,5.935181457070477506e-01,4.251543468232792833e+00
1.567241098792398590e+00,-1.761688332105894039e-01,5.346306579724194874e-01,6.577622573591802357e+00
1.800450514684529546e+00,7.687033650653892769e-01,1.015661203971790938e+00,9.416061127540171327e+00
-5.593879434056262534e-01,1.405354747425503481e+00,1.778756145904394792e+00,1.172326126436506399e+01
-4.988446777799801168e+00,1.440490474034007207e+00,2.166345559420204570e+00,1.275059590122598863e+01
-9.427876236604499027e+00,7.824839331978904466e-01,1.725309094359640971e+00,1.236415915690733058e+01
-1.191320466164852299e+01,-3.012708483805864312e-01,7.277745108745778957e-01,1.100054874303373609e+01
-1.188044778892241915e+01,-1.350376443002055282e+00,4.342606995848798113e-02,9.506006960758078606e+00
-1.006609356877822670e+01,-2.127180293024100610e+00,4.164310871045651674e-01,8.827966356456540709e+00
-7.611151276094422435e+00,-2.856992985509487770e+00,1.788109274210151867e+00,9.429739437143101810e+00
-5.392790214779608959e+00,-3.987077561889494248e+00,3.272015028071339149e+00,1.080195989720056993e+01
-3.789818601774043394e+00,-5.644264134126455446e+00,3.812847689926156303e+00,1.171198459496587319e+01
-2.684531795360142414e+00,-7.294945875964296889e+00,2.995314773866422087e+00,1.114769020654819975e+01
-1.734541820321009453e+00,-7.941705323649004278e+00,1.360384103532541467e+00,9.064245265643785743e+00
-7.993410226937041063e-01,-6.724342739652934497e+00,-2.168833870374173300e-02,6.227763698774026579e+00
-2.709081896264221856e-02,-3.487181831197786241e+00,-3.887415466462411651e-01,3.434981901496827916e+00
5.130774200522896233e-01,1.049843453625418199e+00,1.294346601664355667e-01,9.228719893647309158e-01
