4.745508839451063388e+00,2.743089493767366882e+00,4.431811499605309734e+00,7.179379870664480023e+00
-7.035501424515159252e-01,2.536189633500923968e+00,1.297969041215596642e+00,1.893909883564222296e+00
-4.883868735190147525e+00,1.788197579638628243e+00,-2.641553853874483715e-01,-2.399535933533957444e+00
-7.063583445923953263e+00,3.922120692404411635e-01,4.459799390511707262e-01,-5.090922062141898685e+00
-7.333960847203417899e+00,-1.232310808306768646e+00,2.894936540789205370e+00,-6.088982779168234494e+00
-6.475588046491606242e+00,-2.434427909210862051e+00,5.698964863723807284e+00,-5.686036974173211966e+00
-5.444741235419285452e+00,-2.760111201528056224e+00,7.504760082209732452e+00,-4.314786531964554861e+00
-4.790734382305458894e+00,-2.211500143466242463e+00,7.743105203580353368e+00,-2.342319391710074861e+00
-4.422468459028083387e+00,-1.212223226016343913e+00,6.745801100117447824e+00,4.125027435546183008e-02
-3.893179018327263652e+00,-3.502617568918147684e-01,5.276484258870213218e+00,2.787647053965023325e+00
-2.907179616006938083e+00,-6.371294470195390525e-02,3.976809119686554705e+00,5.794478612000022011e+00
-1.544752753614514473e+00,-4.508984384856558059e-01,3.135533535887224055e+00,8.717178876631596296e+00
-3.545969691185874018e-02,-1.322852770064052441e+00,2.762143642732354021e+00,1.105428091717838335e+01
1.572382335823584221e+00,-2.426912474443631229e+00,2.723077474937056319e+00,1.251874160772285727e+01
3.414946882788207017e+00,-3.583300590409938646e+00,2.827918577969489533e+00,1.333183397508637924e+01
5.483183360171191900e+00,-4.573898939234602778e+00,2.912083803111939595e+00,1.407084583023359592e+01
7.353034023170303968e+00,-4.990338558580476480e+00,2.913316192107434865e+00,1.513100684289996956e+01
8.312783589098094339e+00,-4.404657171514234193e+00,2.846968847917409562e+00,1.626030577751145501e+01
7.833926761135467487e+00,-2.844455119779387253e+00,2.673346390732450395e+00,1.660120829288730704e+01
6.002295872662235965e+00,-1.060844463333817433e+00,2.209557958957656165e+00,1.528486684936879847e+01
3.534022807785698550e+00,-1.572410920351297037e-01,1.212971906387143139e+00,1.218227961689185967e+01
1.344567252978324134e+00,-7.884936806845075363e-01,-4.252780372426805955e-01,8.225471157306621706e+00
2.453126455026271441e-02,-2.625478435203737693e+00,-2.538323531566159197e+00,4.962107361390024174e+00
-3.735197558548201680e-01,-4.578981473485569609e+00,-4.681655747597913475e+00,3.602315220628615311e+00
-1.657060089466769193e-01,-5.599729802746908902e+00,-6.267577951823473548e+00,4.274213480524984732e+00
2.470568281275440925e-01,-5.379433196323200050e+00,-6.811001251729170924e+00,6.041948748898897215e+00
5.160084396828801268e-01,-4.420956392303318161e+00,-6.223489605110394507e+00,7.568737178979308311e+00
3.473287407437445906e-01,-3.543316808027161091e+00,-4.983884239452341269e+00,7.820702047899725784e+00
-4.348986588854739654e-01,-3.321168406230784687e+00,-3.965275657330203263e+00,6.389691643770848195e+00
-1.691522475033038653e+00,-3.852099845007742829e+00,-3.891450884102492846e+00,3.525143978389383648e+00
-2.834825335180654271e+00,-4.851046745712784158e+00,-4.776808949115051384e+00,1.059400795936590173e-01
-3.029116383399541590e+00,-5.865373328369753558e+00,-5.878331226543688892e+00,-2.522900010255508807e+00
-1.706634070537398351e+00,-6.481718928546891689e+00,-6.313921573951589039e+00,-3.059979569932202548e+00
9.889709031292114316e-01,-6.499523647501227686e+00,-5.836529364936565933e+00,-9.566144381368448801e-01
4.223785262581930766e+00,-6.034343237114736525e+00,-5.020369711647176381e+00,3.193202021235364452e+00
6.951024959234029410e+00,-5.493193783407990693e+00,-4.654976948988469587e+00,7.928051003414445574e+00
8.458781462833108833e+00,-5.413589610969437693e+00,-4.938269003408427338e+00,1.165693836641276349e+01
8.618727329042794594e+00,-6.205639071383198591e+00,-5.269733648485847688e+00,1.334973413298949474e+01
7.798259023010722935e+00,-7.853140787408657175e+00,-4.823205049546597678e+00,1.285437567659955604e+01
6.654751033284511230e+00,-9.714373225375537046e+00,-3.291393451273734616e+00,1.084506220521917719e+01
5.944076472024712565e+00,-1.069010405004523534e+01,-1.120680258857879918e+00,8.494929795197574407e+00
6.234910356461474734e+00,-9.899280022949339397e+00,7.877440215973366966e-01,6.910017470119774963e+00
7.469103572048021000e+00,-7.489353424467203091e+00,1.453432641124355662e+00,6.488008882621730145e+00
8.687152234037927911e+00,-4.814709435513763403e+00,7.641967463686097362e-02,6.613985518745423953e+00
8.389416013201595135e+00,-3.613779049467858773e+00,-3.598645302810932645e+00,6.041006606378621413e+00
5.519740265840055393e+00,-4.790355244756989705e+00,-8.818826534970336084e+00,3.794427500862042280e+00
3.629234095129846849e-01,-7.863879513401330179e+00,-1.379629252637906056e+01,-5.437163179912370137e-02
-5.439313485913576329e+00,-1.148423675445498127e+01,-1.652532354793451930e+01,-4.353380317557612678e+00
-9.834727011033594479e+00,-1.436421461723029580e+01,-1.600070263029869011e+01,-7.601999182263307731e+00
-1.153617754205114743e+01,-1.576621611156726388e+01,-1.286967921740000342e+01,-8.869953962591541341e+00
-1.057969753061800056e+01,-1.541109931711850045e+01,-9.028054926424994520e+00,-8.222104206029507978e+00
-8.034555243415811177e+00,-1.333454768079458397e+01,-6.566798621951996928e+00,-6.451727829668872261e+00
-5.288767263901266169e+00,-1.002994791584510459e+01,-6.808702030429515162e+00,-4.510212926304931536e+00
-3.438375227491416108e+00,-6.597175199113420874e+00,-9.818824385251067710e+00,-3.124558461316928160e+00
-2.976888662747766201e+00,-4.464380442855348186e+00,-1.438539150302697145e+01,-2.696919237501026689e+00
-3.725695661476018827e+00,-4.720381862456330957e+00,-1.844726556179559296e+01,-3.251280659890358748e+00
-4.974725625771711179e+00,-7.520959553780294016e+00,-1.997541774877552356e+01,-4.329199889419774294e+00
-5.858618918114993690e+00,-1.194716757165145360e+01,-1.803589522802575473e+01,-5.053661756380271264e+00
-5.853041659103251249e+00,-1.635842185744392552e+01,-1.342433530739524095e+01,-4.558341263102700047e+00
-5.090310464291903259e+00,-1.907940071201330312e+01,-8.375567958235457411e+00,-2.589656252731644681e+00
-4.241498690707137698e+00,-1.915390654405747384e+01,-5.423940731100712398e+00,2.010771152201992484e-01
-4.017734624586585035e+00,-1.679231569195465923e+01,-6.047668245837261480e+00,2.584721727383019196e+00
-4.646698215569522006e+00,-1.322581522777717922e+01,-9.888384878878913042e+00,3.514375371941985460e+00
-5.700995595039697328e+00,-1.006079131120864290e+01,-1.501080697611197046e+01,2.775186844656571949e+00
-6.368390335148471415e+00,-8.555790420574940214e+00,-1.901678643488612863e+01,1.069010887011105471e+00
-5.929598965541122979e+00,-9.171169305366884572e+00,-2.029210627623465868e+01,-4.941441332406696918e-01
-4.127700128692777248e+00,-1.144378967629126009e+01,-1.869002270955243716e+01,-1.119567198957738485e+00
-1.268155995034695893e+00,-1.413167016237845353e+01,-1.544278372169794089e+01,-7.836155988240528503e-01
1.933077233121944349e+00,-1.567269961392239708e+01,-1.249943572982031803e+01,-1.694544832339306972e-01
4.657762578507913531e+00,-1.494962202807850637e+01,-1.159225558977170145e+01,-1.945506152287804214e-01
6.333159571761346029e+00,-1.202740881080423563e+01,-1.338833824778219039e+01,-1.457040938562407462e+00
6.878606630572402736e+00,-8.296256053366793282e+00,-1.716678854330289283e+01,-3.888157214897906222e+00
6.715683437047409221e+00,-5.721594111624897394e+00,-2.126932430061955159e+01,-6.749853713227524921e+00
6.515385737115587439e+00,-5.574993405478005037e+00,-2.403746592589047637e+01,-8.990898000847760585e+00
6.829499414742103092e+00,-7.527546281185109933e+00,-2.458904711344956340e+01,-9.823483222811910665e+00
7.815123241258429054e+00,-9.830036219456632196e+00,-2.304438618551315088e+01,-9.213966379672426044e+00
9.136270341972652531e+00,-1.052631552610756671e+01,-2.034856371068406489e+01,-7.979025097387534515e+00
1.000183468384829588e+01,-8.844694818509816869e+00,-1.795642092236803222e+01,-7.415406173737104645e+00
9.353274675206318278e+00,-5.757792462575404890e+00,-1.734177930945944013e+01,-8.659813761877446225e+00
6.300447165122657012e+00,-3.325868122675280869e+00,-1.924719372671530593e+01,-1.206522846724175757e+01
7.433579072922723574e-01,-3.307643602559469098e+00,-2.304902725763297866e+01,-1.684452022776148894e+01
-6.220797419678155471e+00,-5.978456814047677703e+00,-2.689190724277130329e+01,-2.120522793702260955e+01
-1.258899365189717479e+01,-9.913798700130191932e+00,-2.874700175111814815e+01,-2.309495341656077372e+01
-1.649370792317739642e+01,-1.288494826534533821e+01,-2.770833109334238742e+01,-2.133358039898552505e+01
-1.739645905503771672e+01,-1.332496340096632892e+01,-2.458041769766038342e+01,-1.649443356173309638e+01
-1.655851239496924521e+01,-1.141321398445525581e+01,-2.136135131568118339e+01,-1.087023681811666620e+01
-1.632387643291396628e+01,-8.989765163540244686e+00,-2.000465191997015424e+01,-7.410075471384328871e+00
-1.860146030516150262e+01,-8.275102050269241616e+00,-2.125939932665030696e+01,-8.228095940470424807e+00
-2.357523915138985515e+01,-1.028203996512776719e+01,-2.429911331841195476e+01,-1.354838179508695717e+01
-2.954288539531851399e+01,-1.411261781265552173e+01,-2.736031746184329805e+01,-2.160233308740552971e+01
-3.394912074167804406e+01,-1.765795678265801527e+01,-2.893322876740155181e+01,-2.942658158792356815e+01
-3.484977452132242348e+01,-1.908769573222002691e+01,-2.862341309345059415e+01,-3.414473016448567932e+01
-3.189371304716914324e+01,-1.795045500578588715e+01,-2.709342806713092955e+01,-3.421506918122838670e+01
-2.641123213851913221e+01,-1.517767884658977096e+01,-2.533400589226542010e+01,-3.015012980264638998e+01
-2.074812710755603362e+01,-1.222815447982819137e+01,-2.404238963566011833e+01,-2.433574495980937158e+01
-1.718469875314043094e+01,-1.013035725514148488e+01,-2.352735427287482750e+01,-1.988855450584269491e+01
-1.681903955447170773e+01,-9.007960957073400721e+00,-2.384614755533077002e+01,-1.900393707446493963e+01
-1.894920179940969973e+01,-8.233512077483965186e+00,-2.475524193579437338e+01,-2.172668059909763727e+01
-2.150365483609229855e+01,-7.040043532327749709e+00,-2.558444100443491820e+01,-2.605481143147686396e+01
-2.248475108266126199e+01,-5.219418944093081159e+00,-2.547446240557278330e+01,-2.946226591460346711e+01
-2.145724536220604151e+01,-3.404797481798192305e+00,-2.403257281547949020e+01,-3.075899934929571344e+01
-1.983957621447744657e+01,-2.608271557119786532e+00,-2.185203232870684431e+01,-3.080577524014715962e+01
-1.970799921759122952e+01,-3.290260952296530039e+00,-2.029970926058095415e+01,-3.156136864384893670e+01
-2.220836352158920590e+01,-4.801180820713945252e+00,-2.059718433819474370e+01,-3.443129379775925258e+01
-2.704142102803425729e+01,-5.848350032056187864e+00,-2.287580908336895646e+01,-3.940241019459996608e+01
-3.337896202296614234e+01,-5.692285225945509453e+00,-2.596176315306709981e+01,-4.551053761397606934e+01
-4.110244674436500389e+01,-4.974005677044115004e+00,-2.809273079635025638e+01,-5.188696140138744539e+01
-5.097178332430222980e+01,-5.308318175317160659e+00,-2.805918372189586307e+01,-5.831539923432526962e+01
-6.352452585036207466e+01,-7.913001919109120763e+00,-2.597619179453035088e+01,-6.501976508332316484e+01
-7.790466058911385971e+01,-1.249679770357414021e+01,-2.321734558889670197e+01,-7.223418981730573307e+01
-9.194236223028207178e+01,-1.742896651173813893e+01,-2.164315221452512716e+01,-8.009967916199740046e+01
-1.035240578306092090e+02,-2.100255716490234192e+01,-2.263457150770433657e+01,-8.880998777947132794e+01
-1.119625769951648948e+02,-2.258339720097782077e+01,-2.641402294435589937e+01,-9.855058362144433204e+01
-1.180920047589407318e+02,-2.265657289498473759e+01,-3.189284553353493123e+01,-1.090663821015902499e+02
-1.231032153679553147e+02,-2.196008207890536212e+01,-3.708150017501547779e+01,-1.192603804592489212e+02
-1.273033310461691485e+02,-2.072667037482620600e+01,-3.997958521435015911e+01,-1.273836948324158982e+02
-1.299012940849855227e+02,-1.874439999363056231e+01,-3.967968946273472852e+01,-1.319059091842096052e+02
-1.298751115548550956e+02,-1.602057756083907591e+01,-3.712427133135616231e+01,-1.324900518912141649e+02
-1.270627384857822904e+02,-1.330141842892931514e+01,-3.483823423338238001e+01,-1.302772109736754373e+02
-1.225200287616070227e+02,-1.190224105058600124e+01,-3.543391322871399751e+01,-1.271559449782897673e+02
-1.178141363274176712e+02,-1.286994750681749622e+01,-3.967938397963953179e+01,-1.244960984096712053e+02
-1.137835565367508934e+02,-1.600757798823642375e+01,-4.561458029936559910e+01,-1.222972693487078715e+02
-1.098039936838078177e+02,-1.952265418640069683e+01,-4.968616589624178204e+01,-1.194047011737321355e+02
-1.042816327537349537e+02,-2.082597225542721375e+01,-4.926656210050936124e+01,-1.145865865633281828e+02
-9.605962023755148493e+01,-1.821800072821309158e+01,-4.458749997596627423e+01,-1.075694228867013464e+02
-8.554341381492481844e+01,-1.229368685808137229e+01,-3.843449424834871309e+01,-9.920687036083411670e+01
-7.454975422331445145e+01,-5.803311217365262564e+00,-3.382581123725204009e+01,-9.074359581676269215e+01
-6.504171646283161579e+01,-1.868145721074395027e+00,-3.170016182644429747e+01,-8.289382712529715036e+01
-5.784786373487830957e+01,-1.932732723963006105e+00,-3.065540420588309800e+01,-7.547467103968297408e+01
-5.230139389534066652e+01,-5.099720732027190451e+00,-2.887979853982253076e+01,-6.770041735249340320e+01
-4.688129266646495097e+01,-9.213957163094377734e+00,-2.631623599371762268e+01,-5.873414562233571701e+01
-4.032169599220758016e+01,-1.257618181850645023e+01,-2.485484434388306241e+01,-4.817905402501185108e+01
-3.253602021020095947e+01,-1.487998590911333352e+01,-2.628731037098486567e+01,-3.647177693686688116e+01
-2.479854463945473952e+01,-1.688332612285244139e+01,-3.001812840315620079e+01,-2.504863045585210202e+01
-1.892901610650928390e+01,-1.937633767523612249e+01,-3.288289496930349998e+01,-1.589596690472530938e+01
-1.588432220152707686e+01,-2.233694645328890616e+01,-3.148061331218256953e+01,-1.036287305828132510e+01
-1.478553936670060054e+01,-2.479130933459096653e+01,-2.500902306434889510e+01,-7.951287524315218569e+00
-1.325786605570828947e+01,-2.534518576095576492e+01,-1.602536352568628075e+01,-6.244804663998883676e+00
-8.944039358243815130e+00,-2.301969752352477627e+01,-8.451179314799157183e+00,-2.375580649990214788e+00
-1.058437702129078506e+00,-1.794617245278764628e+01,-4.674707798688480409e+00,4.977529046461725670e+00
9.163357566076731686e+00,-1.155408528038968363e+01,-4.256997308028291016e+00,1.464104671043524775e+01
1.933032698070794098e+01,-6.089813883997197586e+00,-4.994178285194743161e+00,2.374247984896553021e+01
2.735777298504666533e+01,-3.586537506662463404e+00,-4.938270750406859477e+00,2.955962337062747380e+01
3.263148649667114398e+01,-4.683726021828848118e+00,-3.557918537375410750e+00,3.117251789437315068e+01
3.635606790230023933e+01,-7.931613318199728369e+00,-1.482388098393840448e+00,3.007610442417220042e+01
4.089617667474278306e+01,-1.026695527616331205e+01,4.244455277999035214e-01,2.948872096973379797e+01
4.819211492032688682e+01,-8.837435554305962171e+00,1.701320675338584110e+00,3.248089422504519064e+01
5.795995484443015044e+01,-3.228239032570945799e+00,2.326638630428219834e+00,3.967563523792532010e+01
6.708427320743194855e+01,3.701261603767179498e+00,2.479066819030233404e+00,4.809575624939776617e+01
7.125874039004334293e+01,7.510409042007755609e+00,2.406080341550518753e+00,5.259489763265834483e+01
6.813426281443173593e+01,5.446726502309473084e+00,2.420318519592132400e+00,4.944444080015855292e+01
5.952198664106792592e+01,-1.340960739035627736e+00,2.820609753157650612e+00,3.944895580929986068e+01
5.061779870344290089e+01,-8.626625653588929410e+00,3.708585626091327470e+00,2.790585356659644845e+01
4.669542998910941378e+01,-1.229316039487360079e+01,4.911279176974044702e+00,2.127578295632593353e+01
4.983362007913639502e+01,-1.112712809055991947e+01,6.155668021579517202e+00,2.314448430023265502e+01
5.799527523087249392e+01,-7.056541637135128830e+00,7.358017759887159670e+00,3.236911435367768775e+01
6.672076805742847228e+01,-3.147689849136388052e+00,8.727156338419524317e+00,4.430161124801079353e+01
7.190620263392314371e+01,-1.409939942371109201e+00,1.052382692255008045e+01,5.378360967423602546e+01
7.184652891721312074e+01,-1.993952875392902335e+00,1.266247020294419912e+01,5.783297415478484993e+01
6.760419464193275019e+01,-3.748543525575939839e+00,1.455920479946370349e+01,5.661316033938770431e+01
6.188471790127734096e+01,-5.165065436523329723e+00,1.545121185782010365e+01,5.254787558836479633e+01
5.732639023109668130e+01,-5.027443294132374341e+00,1.496232020260862505e+01,4.847972969382767161e+01
5.521907249787855676e+01,-2.752724103329865724e+00,1.341583417404322276e+01,4.607224711502274062e+01
5.521958724716434119e+01,1.396447490624902921e+00,1.159466902324646398e+01,4.521668250828206226e+01
5.596201282729546733e+01,6.283523745578732722e+00,1.014977650737752946e+01,4.449606196285111537e+01
5.601726562277671917e+01,1.024600057689541188e+01,9.191808607537472753e+00,4.226954128559378887e+01
5.464299120119666497e+01,1.179647140668170380e+01,8.431825953697796194e+00,3.777164379512892367e+01
5.201877948543319263e+01,1.033429774518222999e+01,7.692287070286626616e+00,3.164597830819940327e+01
4.894314066262175089e+01,6.456408969830939704e+00,7.231465005671090296e+00,2.557823059339746408e+01
4.621466854339440999e+01,1.694337240284249368e+00,7.541719360341549105e+00,2.123094799150269907e+01
4.410185542813683668e+01,-2.180019073147838604e+00,8.860933473925834747e+00,1.921323998110581144e+01
4.226892935017922781e+01,-3.946525751578842112e+00,1.089879383603313556e+01,1.881396452869368119e+01
4.019638979039405058e+01,-3.445261684889393550e+00,1.297201423125983411e+01,1.862591950943960839e+01
3.774084029732212997e+01,-1.517062849513958644e+00,1.433543447097932777e+01,1.755008785675161320e+01
3.535407211884004397e+01,6.117913459622518202e-01,1.446085942478653052e+01,1.548918861797061020e+01
3.374622073799115185e+01,2.108637684573591464e+00,1.322086961694316898e+01,1.330601720024445633e+01
3.325127646204093423e+01,2.942589792229842516e+00,1.099815675824125094e+01,1.210335021595070870e+01
3.346291168239021374e+01,3.663368934758574280e+00,8.629997237258594467e+00,1.236356183033720946e+01
3.352714150995374354e+01,4.779137437137916500e+00,7.085798958620808996e+00,1.363358633255264607e+01
3.286618832770905385e+01,6.248265396252892678e+00,6.979158382863166921e+00,1.498928684470000938e+01
3.162437424402046560e+01,7.458961274904619465e+00,8.225970720760136246e+00,1.578773981944300786e+01
3.034948926012360459e+01,7.653744425690593545e+00,1.011811789295184560e+01,1.598800704434270159e+01
2.922971093328964542e+01,6.433831697994532028e+00,1.178238162131336075e+01,1.586342239408977228e+01
2.774108251758059041e+01,3.992708373466720140e+00,1.268920401720128943e+01,1.558261368100613531e+01
2.515945064560030175e+01,9.959729891897416421e-01,1.284029324191454258e+01,1.514271555089411692e+01
2.143384219188018847e+01,-1.735933782386714030e+00,1.254695763585355195e+01,1.460067392589629520e+01
1.747142925282194525e+01,-3.552294167803872860e+00,1.206761455615156287e+01,1.420113426413733393e+01
1.447992753810535049e+01,-4.190118911677069846e+00,1.146623855624478772e+01,1.421224743349081265e+01
1.302255523738962495e+01,-3.788054155183788740e+00,1.079040402370056917e+01,1.469221880918803791e+01
1.275139277874522925e+01,-2.635206692820857732e+00,1.031240668895118695e+01,1.549124367405705094e+01
1.302928502982921266e+01,-8.316882616163313591e-01,1.048964806749748391e+01,1.647887394227951674e+01
1.366736447572899316e+01,1.724220431793874297e+00,1.158315538874691875e+01,1.768192759487179799e+01
1.494142879561750270e+01,4.849079470365143862e+00,1.326792858414605547e+01,1.911128618407528634e+01
1.697616912895031405e+01,7.587082212814346249e+00,1.467028725372574627e+01,2.046398439249855628e+01
1.934404302031719425e+01,8.499834774440108376e+00,1.490715293665634888e+01,2.111834793759754803e+01
2.138928719106569787e+01,6.804823746837972642e+00,1.369536341351481212e+01,2.056420085403159703e+01
2.285514449041466989e+01,3.377390236994801676e+00,1.149186952861523103e+01,1.889755032161545856e+01
2.406202182774423903e+01,4.863523573951840095e-01,9.076470808371562171e+00,1.686122837750593817e+01
2.546984940721577573e+01,2.490023319067413143e-01,7.022709395010817701e+00,1.534604888221566377e+01
2.713171267694100308e+01,3.071541086867375370e+00,5.538922934972801748e+00,1.480621307451996671e+01
2.855178581289624873e+01,7.428556728132601705e+00,4.694961429306256484e+00,1.506758696094448169e+01
2.897888515734743464e+01,1.111666800250032949e+01,4.635466359087737409e+00,1.554032027761977730e+01
2.783538157572926508e+01,1.283082442621893726e+01,5.468489712403969527e+00,1.551907826289102843e+01
2.502643553749960503e+01,1.277389888296822562e+01,6.960823888804891446e+00,1.441160532626799906e+01
2.103501232420090616e+01,1.199480606583001396e+01,8.440626993002549483e+00,1.198204004616225404e+01
1.677259597000050562e+01,1.122969744369740930e+01,9.116054303103870993e+00,8.582909625902120254e+00
1.320553968078099061e+01,1.030199045347403519e+01,8.603775512045581664e+00,5.113047596417421126e+00
1.091091836821594363e+01,8.529092256270683237e+00,7.251004337653076171e+00,2.576312443783382200e+00
9.823564507429649595e+00,5.662586270366693597e+00,5.982578909915049259e+00,1.544639842342050429e+00
9.358363986477824525e+00,2.426725426144086928e+00,5.742919231916678413e+00,1.971717836550883840e+00
8.842947028788568531e+00,1.171483934072845567e-01,6.881591351734644313e+00,3.433097220598426702e+00
7.950163133864409204e+00,-3.936822469326860530e-01,8.882197992004677189e+00,5.436526987103340147e+00
6.788235873267652210e+00,6.344021464810717381e-01,1.063494930889033263e+01,7.483958581304431590e+00
5.594824967280940697e+00,1.985454317214843334e+00,1.112968619560256300e+01,8.994793225716819052e+00
4.390153699105805885e+00,2.387386088229207726e+00,1.017118377744664492e+01,9.431786646143816455e+00
3.014504220281224001e+00,1.408230215720005507e+00,8.636084530740012255e+00,8.681460103131334094e+00
1.527068580701136380e+00,-3.332156663165782851e-01,8.009324856008639415e+00,7.310071655355312004e+00
4.659833371398809376e-01,-1.742903124292045636e+00,9.415881195666113257e+00,6.331381005938371942e+00
5.867300866946973947e-01,-2.075823124657848240e+00,1.279208898284961293e+01,6.599109632355467880e+00
2.297659286885747054e+00,-1.322098497104607473e+00,1.683285037940919437e+01,8.317220568789080559e+00
5.348814231416760379e+00,6.632476451114011073e-02,1.982002975622877017e+01,1.102976211648702609e+01
9.013333081707470384e+00,1.709201626227505599e+00,2.074889364049905183e+01,1.398872832199700689e+01
1.248049194904954184e+01,3.526852081292732422e+00,1.989593207502597849e+01,1.650183300327810443e+01
1.508381474737394967e+01,5.512755913268658325e+00,1.840462465994468744e+01,1.800512758964068283e+01
1.632374261264711279e+01,7.411108525582983830e+00,1.728362602617142230e+01,1.799339187711177956e+01
1.591532393244553667e+01,8.733706530212133501e+00,1.669422673222096520e+01,1.612437145037170438e+01
1.398795783591003783e+01,9.155158043142220592e+00,1.610140026781628819e+01,1.255945391074216744e+01
1.126923842767975970e+01,8.904497575696003864e+00,1.506011407224688980e+01,8.201281782686267618e+00
8.967242646427164843e+00,8.734800068669429152e+00,1.385080626529017245e+01,4.456899431081292384e+00
8.266073764227110487e+00,9.413941498944527808e+00,1.334340470680293045e+01,2.583006370271614838e+00
9.684246714636589815e+00,1.111387120205756496e+01,1.417968784256976456e+01,3.064822485482767256e+00
1.272047259174455291e+01,1.321169770500221397e+01,1.601595896229925842e+01,5.420275733468254309e+00
1.607580315870219323e+01,1.471122405220067186e+01,1.760222356774765018e+01,8.476286747929151488e+00
1.836632519669215213e+01,1.496672660348845518e+01,1.777188866406570611e+01,1.092706344711976030e+01
1.886559805537764944e+01,1.410806642615649231e+01,1.651392817415006320e+01,1.191297776718828949e+01
1.774789287947842098e+01,1.283555195158744766e+01,1.508906607648778753e+01,1.132565052388267546e+01
1.568882791659243026e+01,1.183893419687459669e+01,1.499138224514576478e+01,9.646045310478776003e+00
1.323768024538004617e+01,1.139138819232177369e+01,1.668360218828757624e+01,7.468870819066364852e+00
1.054414084398485407e+01,1.138267103843155859e+01,1.925757198307404749e+01,5.156007890496457691e+00
7.592211643283219402e+00,1.156887065469840081e+01,2.125216341309726076e+01,2.883224804968158583e+00
4.542299949971564388e+00,1.170243910239880947e+01,2.180404912919804161e+01,8.681702332696035196e-01
1.735942716119187379e+00,1.151069478315606531e+01,2.114447614376890527e+01,-5.917013036814107174e-01
-6.114944121643015595e-01,1.073941109775512537e+01,2.016231601066751367e+01,-1.305345852686731645e+00
-2.603553396800653896e+00,9.349333170419578565e+00,1.954334102912335780e+01,-1.310590948660848909e+00
-4.445232423667941468e+00,7.669368722359878099e+00,1.924364755338335797e+01,-7.740411318696316378e-01
-6.019273398759692917e+00,6.280221423084554111e+00,1.868900110839534179e+01,1.541784353594790047e-01
-6.764760564697133383e+00,5.675959124706547954e+00,1.744936173929765744e+01,1.314002206622277402e+00
-6.117430810299460120e+00,5.985325285479378365e+00,1.573630371546704687e+01,2.402537995989739716e+00
-4.180221231861454889e+00,6.955596625124316645e+00,1.427083154208948024e+01,2.975533019244101407e+00
-1.956139868650115243e+00,8.136257465313452286e+00,1.369569155515422842e+01,2.668731526665747644e+00
-7.936682640293613034e-01,9.070836924212647645e+00,1.412720468395053963e+01,1.479461267347077502e+00
-1.423485704158274245e+00,9.411660703626978375e+00,1.521773811761005213e+01,-1.069772966311468287e-01
-3.392624947277157244e+00,9.013451387115532398e+00,1.650698125872261457e+01,-1.256759375889011432e+00
-5.370284389157243155e+00,8.041816889340450913e+00,1.758427141146441031e+01,-1.173242226492025031e+00
-6.028932166019692396e+00,7.000130341168510739e+00,1.797122461968353591e+01,4.396424687164720568e-01
-4.778756756742928324e+00,6.535549807892796714e+00,1.714515721061389542e+01,3.130166080960004038e+00
-1.929363071856979639e+00,7.038263300230226172e+00,1.500150003238734264e+01,5.874222450346710644e+00
1.576408645541500064e+00,8.283444919023311925e+00,1.233688366659690772e+01,7.565611517905369787e+00
4.532171859533484337e+00,9.441770668255053067e+00,1.058789281101259938e+01,7.499246655074214729e+00
5.850776965402117114e+00,9.560458561432993108e+00,1.075237541252988471e+01,5.624350726736579986e+00
4.986432614905629279e+00,8.233694195945368222e+00,1.245991323276772356e+01,2.525936642190810044e+00
2.227104103344075270e+00,5.979677257690307890e+00,1.421705681535570243e+01,-8.710633047693980835e-01
-1.407178585846047714e+00,4.024135612402248263e+00,1.469536668277397240e+01,-3.805846319832304037e+00
-4.637091113820975607e+00,3.605721362180300371e+00,1.381694240131173324e+01,-6.067960423032082495e+00
-6.411957145008575054e+00,5.236167605515749557e+00,1.258038483696396703e+01,-7.864597585101364530e+00
-6.122368763940892578e+00,8.372770366628675021e+00,1.186163011891367169e+01,-9.219469572050806860e+00
-3.613728852817131187e+00,1.171569082340469414e+01,1.145770038314968353e+01,-9.539528326491153010e+00
7.379815203390177603e-01,1.395884640422260858e+01,1.037625744972757502e+01,-7.953689024673561647e+00
5.862916438212196546e+00,1.450796020033826750e+01,8.094339071806420094e+00,-4.275594018990008571e+00
1.008812550830733912e+01,1.369174689554183999e+01,5.489871753022103285e+00,2.882378719703966308e-01
1.180374877199596639e+01,1.238916511164890011e+01,4.410232426883769818e+00,3.506314597285127732e+00
1.046545372648761685e+01,1.143007110973693763e+01,6.153689139218380788e+00,3.520116598788758822e+00
7.122064507220169816e+00,1.118409679056772177e+01,1.022130282303018589e+01,2.694689428576325652e-01
3.819046042196879043e+00,1.147344978124311687e+01,1.448286086387585847e+01,-4.254098576581025526e+00
2.168188798339679924e+00,1.171925088776286294e+01,1.662385525918727680e+01,-7.295847219968652375e+00
2.217322740102523948e+00,1.122666398773997365e+01,1.566671267731678618e+01,-7.278766056737916657e+00
2.607551339130313117e+00,9.549726939185630314e+00,1.243963604609987783e+01,-4.871822514553172390e+00
1.923854464001037989e+00,6.815050091534054388e+00,8.831711855533720623e+00,-2.301313497802186525e+00
7.946231665490151308e-02,3.816276754954393002e+00,6.527057449864657634e+00,-1.508058600534615490e+00
-1.512649101156820386e+00,1.736505420599259830e+00,6.059230029421635244e+00,-2.759967879189356044e+00
-1.201351928696140048e+00,1.527419497877782417e+00,6.659563717659558790e+00,-4.849421104483774947e+00
1.271037981047287158e+00,3.225125191526597046e+00,6.909974038923937023e+00,-6.499015838349872176e+00
4.214027982996865873e+00,5.685364902941214993e+00,5.811042963108643988e+00,-7.583615573503515783e+00
5.064893909429621921e+00,7.133696576857726512e+00,3.587816706591472560e+00,-9.148585378492382958e+00
2.272399572394541156e+00,6.388846303714182717e+00,1.597735385384795981e+00,-1.238059060862871164e+01
-3.503858214530787940e+00,3.902231879042851848e+00,1.274604763760416759e+00,-1.749289065108226637e+01
-9.812683281705510296e+00,1.599028109599267333e+00,2.861934444508210884e+00,-2.338936194563000370e+01
-1.408719754740892860e+01,1.394048377095405522e+00,5.018346012109171639e+00,-2.826696366395958648e+01
-1.523198366311498120e+01,3.566476764016995205e+00,5.739413666633038424e+00,-3.061285231639994464e+01
-1.392381764259669019e+01,6.512644026655187268e+00,3.900794193588959402e+00,-2.986174529430781277e+01
-1.158629640434014085e+01,8.173475058414952699e+00,1.637047887289570514e-01,-2.641793222575298117e+01
-9.112000811766096220e+00,7.802396897307406043e+00,-3.457615926971320697e+00,-2.133622065968633308e+01
-6.457094122881827047e+00,6.425073201716914539e+00,-4.958776284452529381e+00,-1.603584006277576535e+01
-3.257777659735851206e+00,5.690746603112333268e+00,-3.586917734575921113e+00,-1.198691592479840651e+01
3.740091708488891831e-01,6.387613108820650254e+00,-1.514676071019465664e-01,-1.009196231984197034e+01
3.779169263744986296e+00,8.060053853179434569e+00,3.652591171482835186e+00,-9.935392426780227382e+00
6.438292421492284312e+00,9.853422797936637778e+00,6.322480438457239948e+00,-9.637186826356355596e+00
8.562707095991925144e+00,1.142088933826684460e+01,7.288227692467025953e+00,-6.845155490163097767e+00
1.078328945977901299e+01,1.284241880007422942e+01,6.928916767085092410e+00,-4.260992663652597989e-01
1.314187559372384939e+01,1.380276067529566042e+01,6.031799069219400344e+00,8.385610253069565090e+00
1.452048210312960030e+01,1.323044469774113097e+01,5.204216996189416022e+00,1.642008443854843946e+01
1.338062831986909984e+01,1.011626498311953171e+01,4.652435301314036487e+00,2.050681188624340479e+01
9.329096696431747660e+00,4.833228091110581381e+00,4.348301643263502214e+00,1.963785188387528535e+01
3.976441289360298725e+00,-4.791093202909252891e-01,4.286644217017385294e+00,1.572963471083839160e+01
4.666138336505146894e-02,-3.137466002939186982e+00,4.551637792897008872e+00,1.226768778005597227e+01
-6.498406736248603099e-01,-1.858367547156018595e+00,5.179284151540856307e+00,1.177400176603986637e+01
1.382426252149044021e+00,2.245471977822262488e+00,6.027097763948525255e+00,1.407437713079305475e+01
3.798041520301999263e+00,6.514465300004909309e+00,6.829484045245768797e+00,1.671380677212809118e+01
4.352361383709996367e+00,8.748114329476067041e+00,7.379536540272413347e+00,1.704239247472024132e+01
2.666442463463014612e+00,8.700737415185860968e+00,7.600455600663501343e+00,1.416223666916498125e+01
4.072099295809882280e-01,7.853946813667576521e+00,7.397559745071791149e+00,9.270019630861225934e+00
-1.555332291176738657e-01,7.741964982127281125e+00,6.519106122817391658e+00,4.431541345933415421e+00
1.999445603765438895e+00,8.371332179973608234e+00,4.752769376725650474e+00,9.872982790427247135e-01
5.786069147741194740e+00,8.196120273125361066e+00,2.393186902494023993e+00,-1.215199153531760112e+00
8.716029995287112087e+00,5.696685623427682366e+00,4.424113322079404331e-01,-3.359779673993951832e+00
8.621943019201582459e+00,1.120517613632086018e+00,9.765108088642900086e-02,-6.421751765802751422e+00
5.175743783504634266e+00,-3.237389701248331697e+00,1.775848779521717713e+00,-1.011341320810584499e+01
1.261775529489307934e-01,-4.545325507267761189e+00,4.516564875845193505e+00,-1.290052099966853127e+01
-3.918365109710110428e+00,-1.516488015923822985e+00,6.414022031801202672e+00,-1.317881038594034315e+01
-5.269613733401760314e+00,4.582979210355866861e+00,5.855010600768340900e+00,-1.067058188415585285e+01
-4.206302927559869786e+00,1.067885710700124768e+01,2.601222880494152623e+00,-6.828542065833842045e+00
-2.600284631049803785e+00,1.369571410134532563e+01,-2.114895821340146309e+00,-3.896738073372755018e+00
-2.522844360759147087e+00,1.213950925642742362e+01,-6.436356415914675999e+00,-3.422392527177846144e+00
-4.882923003149254093e+00,6.629313636227846196e+00,-8.883323093580557384e+00,-5.315415718319655980e+00
-8.937911629267574654e+00,-6.093350107070335531e-01,-8.810073040223350915e+00,-7.936489148829071638e+00
-1.281040141338041494e+01,-6.799120776545947820e+00,-6.308329940886715725e+00,-8.989941470435145021e+00
-1.457372445755711254e+01,-9.716374323020598780e+00,-2.028793204776789150e+00,-6.740764771592202997e+00
-1.331145905117889683e+01,-8.501240690985488513e+00,2.795704140125854664e+00,-1.058508090883831798e+00
-9.665529049268325679e+00,-3.948516998513503129e+00,6.383072545597131331e+00,6.241657978618953884e+00
-5.586950022486378842e+00,1.819936541755862169e+00,6.975664731879107627e+00,1.212872163047361695e+01
-3.325134826008977473e+00,6.229719776885861648e+00,3.972041987278394970e+00,1.393112712045889801e+01
-4.149551972604251127e+00,7.385813263253980132e+00,-1.208796522933645923e+00,1.084534375445166710e+01
-7.591435155647411115e+00,4.956177774692271498e+00,-5.610220424865965505e+00,4.381597183069908752e+00
-1.173124234174543368e+01,2.928907204235491890e-01,-6.637449470760562242e+00,-2.508585087827222448e+00
-1.431801481368438189e+01,-4.326105609333616542e+00,-3.935199904922470626e+00,-6.938002080728812082e+00
-1.392001512566792876e+01,-6.860955708463708724e+00,4.646632520839417135e-01,-7.238974873125714637e+00
-1.040022756330784581e+01,-6.362327351413201271e+00,3.883564811553623208e+00,-3.283259211288503732e+00
-4.629856222270134047e+00,-3.129424003889727413e+00,4.989229263724276109e+00,3.837827506196674676e+00
2.111825351649845306e+00,1.664348343522680462e+00,4.316455147750234644e+00,1.233333850122141762e+01
8.557598671999263829e+00,6.473712659150346660e+00,3.194653970068740634e+00,2.019302679229340214e+01
1.356334375597390540e+01,9.789349082189991336e+00,2.417193904200763299e+00,2.563529214230990405e+01
1.616908278841388835e+01,1.052199066270042316e+01,1.870421758013219637e+00,2.756499911623392052e+01
1.589075363391439843e+01,8.457088777601153851e+00,1.111754638184203392e+00,2.595633868538691047e+01
1.312840533074572491e+01,4.579501408623910308e+00,3.201196462147831712e-02,2.195577501779326823e+01
9.212366682691428110e+00,8.310024161551670119e-01,-1.034279753945900326e+00,1.751483412201266532e+01
5.782002152033374642e+00,-8.846486731303129236e-01,-1.662826334836919440e+00,1.455667431939161105e+01
3.811249572008256425e+00,4.621579647070004487e-02,-1.711103822910526651e+00,1.399641022169543092e+01
3.023505588314241432e+00,2.399523621530864848e+00,-1.424263097540884537e+00,1.519795699324577143e+01
2.208201655621978787e+00,3.870338062958111003e+00,-1.268363668208314587e+00,1.638817955601468057e+01
2.321006842623701827e-01,2.694300177513738959e+00,-1.599637046982639532e+00,1.597163853963421509e+01
-3.053158325037771181e+00,-1.110644028098543235e+00,-2.340240937947075661e+00,1.385407218788940042e+01
-6.737634947232920446e+00,-5.865972569021098870e+00,-2.930452155316969787e+00,1.158663668480370745e+01
-9.638021086663254522e+00,-9.527813681037970994e+00,-2.741784528550100131e+00,1.099548720350916398e+01
-1.123544306017209315e+01,-1.098435654994499444e+01,-1.703854000701217952e+00,1.241450284453265951e+01
-1.197837162724689186e+01,-1.036363172160054624e+01,-5.214865323783890450e-01,1.420925696891995216e+01
-1.278033692892663886e+01,-8.446120293334217877e+00,-1.391130837907955664e-01,1.416449195745110323e+01
-1.421482039932912400e+01,-6.038510320920947194e+00,-9.087372048013319104e-01,1.152057230155445211e+01
-1.600587556944913104e+01,-3.836231523193597504e+00,-2.302953450264225044e+00,7.831403172622002806e+00
-1.702837314022622550e+01,-2.473970132254025511e+00,-3.444789148270305024e+00,5.956629013119717264e+00
-1.574991687292415676e+01,-2.264997281642783022e+00,-3.852624902950791963e+00,8.113270064046762542e+00
-1.104180198803086910e+01,-2.771137644787510013e+00,-3.646300180968109039e+00,1.446507383033307192e+01
-3.148221236484427088e+00,-2.887616990632826841e+00,-3.137500647499635420e+00,2.305779712190848585e+01
5.806744264062284167e+00,-1.718675641169882251e+00,-2.395915516054954342e+00,3.092343825935778767e+01
1.248887323424345475e+01,4.744377071756200603e-01,-1.314946064467251263e+00,3.559587754462283726e+01
1.418787730761156318e+01,2.322468927094327729e+00,-2.937858360178954853e-02,3.621955179778362321e+01
1.070889700396414668e+01,2.558996540886278037e+00,9.457840361309890476e-01,3.375615554930325146e+01
4.813092892905733500e+00,1.273461853144387312e+00,1.173608212433277176e+00,3.029022081647934783e+01
5.642766599728267218e-01,-1.062455495962161406e-01,8.713330659392845012e-01,2.784479164477402335e+01
5.600827310643757828e-01,-1.627243482320932522e-01,8.317182645471491442e-01,2.731656662034878380e+01
4.113071871817175484e+00,1.179772362760952209e+00,1.613369913150081381e+00,2.812398720623324877e+01
7.894113960328187574e+00,2.695516718856905136e+00,2.854600006373079424e+00,2.883496011509721058e+01
8.567078578419295098e+00,3.162511839213467457e+00,3.553790159479982336e+00,2.836417820042008842e+01
5.234058474242430314e+00,2.510801228810310093e+00,3.099301241264791340e+00,2.676480792995458557e+01
-2.523229671679550479e-01,1.675185954282587542e+00,1.935368439917946493e+00,2.490961280149467427e+01
-5.080714139846477906e+00,1.481623939620420716e+00,1.114000261602469122e+00,2.343525534187737946e+01
-7.598085686796829386e+00,1.834842537998586431e+00,1.222445772541071563e+00,2.210616821871536075e+01
-8.030793858748801028e+00,1.969758615388328193e+00,1.859643338694925818e+00,2.028030795151070720e+01
-7.609260177111988988e+00,1.360671890491554459e+00,2.194760118172169872e+00,1.790994292429146384e+01
-7.250221148917410652e+00,3.282670959336608796e-01,1.946202979952978973e+00,1.591093093505158507e+01
-7.000018608517061480e+00,-1.964087949675896450e-01,1.707373235044792548e+00,1.542776081735823013e+01
-6.457147804232009847e+00,5.029478333767191112e-01,2.288418925328445930e+00,1.668564453076162124e+01
-5.475649029059251660e+00,2.236866057811974784e+00,3.765988679077108436e+00,1.854367617131759616e+01
-4.379388661099558711e+00,3.952690379401796239e+00,5.191538331071098966e+00,1.923137837892030078e+01
-3.560177016534894712e+00,4.532388014700149625e+00,5.243632357841397251e+00,1.772210843751922482e+01
-2.987605961057373083e+00,3.718946350420859748e+00,3.244755517700760983e+00,1.461463242636241411e+01
-2.244698768624372676e+00,2.329339940294499645e+00,-3.033094385296993267e-01,1.169739712585565350e+01
-1.159550141968517467e+00,1.453744698758771214e+00,-4.027881864095150810e+00,1.042490280277197101e+01
-3.942768261623594284e-01,1.326352386424647145e+00,-6.493656701915601737e+00,1.059465358233481957e+01
-1.204128205319000999e+00,1.018040382052828985e+00,-6.878456378629908663e+00,1.053186243374602249e+01
-4.338474673534582493e+00,-6.340427002421908931e-01,-5.174820943744719237e+00,8.744129093854606793e+00
-9.074623249981996764e+00,-3.753118250519479115e+00,-2.043428361680690308e+00,5.473146809441868932e+00
-1.346905568725978775e+01,-7.131265432282281047e+00,1.408048331028472600e+00,2.551864892687351727e+00
-1.577773686554592025e+01,-9.251667465300240423e+00,3.876167401862473216e+00,1.668161165652798594e+00
-1.578532614107149357e+01,-9.606027807185837375e+00,4.292082098048399352e+00,2.767158458569419999e+00
-1.482772825240796699e+01,-9.023035242137073197e+00,2.386727477785914875e+00,4.147866713118932402e+00
-1.455536641425119093e+01,-8.757090063894588994e+00,-1.027001125403275372e+00,4.086637121897628511e+00
-1.561795691618871196e+01,-9.281847651101827523e+00,-4.454344522023096609e+00,2.395557971787432017e+00
-1.734483957582124702e+01,-9.908744809030984868e+00,-6.618421620224996360e+00,5.398670058832711893e-01
-1.844603453110198998e+01,-9.482114240231467761e+00,-7.130417801143749124e+00,3.727906259407624545e-01
-1.795646991069561338e+01,-7.455334013897301659e+00,-6.387392640543626321e+00,2.713235906212186244e+00
-1.573676929982423012e+01,-4.440534118285398790e+00,-4.934880541171082768e+00,6.906292151272753976e+00
-1.240746196457727279e+01,-1.838113862423923273e+00,-3.030324441509888000e+00,1.146993746662002600e+01
-8.941782308215483255e+00,-8.721710432522126188e-01,-8.153683029899183587e-01,1.503406601141584531e+01
-6.148696731872099974e+00,-1.780376261800424631e+00,1.238829663828621808e+00,1.680240982691873697e+01
-4.244983298232164692e+00,-3.753598900166373209e+00,2.275413793172532007e+00,1.649221422195418896e+01
-2.757465817338510483e+00,-5.584803417336852149e+00,1.624755484461302135e+00,1.422702443985636123e+01
-8.910283735329309618e-01,-6.414978794434884612e+00,-4.694832440910762794e-01,1.063907397130792098e+01
1.848426922879325751e+00,-6.015387692356395810e+00,-2.727543969082434128e+00,6.905128578315141930e+00
5.241286842864283813e+00,-4.602695720527794521e+00,-3.611115626022757930e+00,4.358443309103775753e+00
8.446118664674900245e+00,-2.561931579667771963e+00,-2.476999846898293001e+00,3.791374272868202500e+00
1.047061446569224330e+01,-3.149361030769252112e-01,-1.357262668657754912e-01,4.980960934483913860e+00
1.067272590364749085e+01,1.713062867064990114e+00,1.751114169337845139e+00,6.855435356064704777e+00
9.039120629348047942e+00,3.113513972761869919e+00,2.003479699556081961e+00,8.219029407775209961e+00
6.163457372136777579e+00,3.486038090174405468e+00,8.444331558370339330e-01,8.512613413617325264e+00
2.937555537571364894e+00,2.428721232901550398e+00,-4.283357833504779499e-01,8.023736701556540396e+00
6.414837273946183416e-02,-3.091958325828155218e-01,-7.362197236409591117e-01,7.368435448870284787e+00
-2.332190127145227887e+00,-4.430084735766588899e+00,-2.675313607409703365e-01,6.740523117995956603e+00
-4.665881563601828930e+00,-8.745284192174542781e+00,-2.631467763517868486e-01,5.747049576565747664e+00
-7.376980082237526659e+00,-1.143546311659210346e+01,-1.733625819965441517e+00,4.089089547148358150e+00
-1.036652264886231656e+01,-1.107498785404226282e+01,-4.372490909877200238e+00,2.318544922833481348e+00
-1.294511560489092084e+01,-7.765206070853530207e+00,-6.750026150062338637e+00,1.632397055039306766e+00
-1.439299286907687581e+01,-3.365921887086456454e+00,-7.580169349068884621e+00,2.706320766285935431e+00
-1.457548393512229445e+01,-4.412539983279638589e-01,-6.787404846169000194e+00,4.807995080533999044e+00
-1.396440103173728886e+01,-6.136957465924053334e-01,-5.376013435723785427e+00,6.293770898778125122e+00
-1.306429697207338947e+01,-3.546891818584132494e+00,-4.373804831100807533e+00,6.105581245049083172e+00
-1.192902369998898671e+01,-7.295867760396877344e+00,-3.980247078240456649e+00,4.761468839382430041e+00
-1.035770236055894422e+01,-9.695035532099142372e+00,-3.651908586916330357e+00,3.847441111290255567e+00
-8.543284760401149924e+00,-9.685806245210882182e+00,-2.826373121116195986e+00,4.510733003286082621e+00
-7.347506717604900928e+00,-7.648338516500799322e+00,-1.498816778666784755e+00,6.330877568106936693e+00
-7.725656545823733623e+00,-4.722497293181867839e+00,-2.370921272873900698e-01,7.526489833746813574e+00
-9.775213545642303714e+00,-1.921038499954241141e+00,2.087021068617141983e-01,6.331036948396386421e+00
-1.237334863865606849e+01,1.935727708096310340e-01,-6.279593180945302056e-01,2.470549480949944421e+00
-1.383528740507627575e+01,1.263244857076357475e+00,-2.588957083323392805e+00,-2.414968776277937046e+00
-1.305139085649985553e+01,9.412524577501245604e-01,-4.817253692310164759e+00,-5.782762643399804503e+00
-1.017072925015660978e+01,-8.249333847905769845e-01,-6.121382205865752546e+00,-5.891815449649782543e+00
-6.379445870417898234e+00,-3.352160703567360400e+00,-5.733365718239786801e+00,-2.904020693014604415e+00
-3.057913309522057421e+00,-5.295005153041569379e+00,-3.930502356758715177e+00,1.418535252876054198e+00
-9.511822911953119464e-01,-5.425523149338038920e+00,-1.859890139056594727e+00,5.095089440449624973e+00
1.291598550034537829e-01,-3.528495663565736074e+00,-5.904272505507718316e-01,7.266993393679109126e+00
9.203944259570463471e-01,-6.080597521529594873e-01,-2.966477548442904566e-01,8.523719070515449303e+00
1.936370394615228419e+00,1.812729440759228039e+00,-4.128552413896706130e-01,1.011227998409836815e+01
2.924528347570539477e+00,2.724656385547931770e+00,-5.124122450806631868e-01,1.278588567143677146e+01
3.062425564831258384e+00,2.171599061889947002e+00,-8.411974665405114182e-01,1.624028351060850994e+01
1.788176708722475583e+00,9.464776897755945440e-01,-1.884078028826393636e+00,1.949571350763996591e+01
-5.002519862546085383e-01,-1.875098099087040837e-01,-3.514354772140884098e+00,2.172044118324029327e+01
-2.635127347279948129e+00,-1.055571573971060273e+00,-4.767624071398833152e+00,2.266105664491285410e+01
-3.686772089262873031e+00,-1.990414680949037285e+00,-4.566365069995916848e+00,2.239507336254180814e+01
-3.828097208185729183e+00,-3.265619434180749181e+00,-2.680407132227320854e+00,2.094738585636032369e+01
-4.133472509775067749e+00,-4.600554039153012198e+00,7.227089129772504283e-03,1.840671794579651177e+01
-5.442078060149924568e+00,-5.234259325958472431e+00,2.119042378087438117e+00,1.537926538191513970e+01
-7.427599392986478755e+00,-4.570941730871385111e+00,2.663480276155907323e+00,1.296381477664202109e+01
-8.864662854133642966e+00,-2.842591246850137754e+00,1.477949180604859913e+00,1.189658180562096135e+01
-8.855349500362443393e+00,-1.130636010004387515e+00,-9.022797503532603569e-01,1.162965156950393286e+01
-7.763514573210659186e+00,-6.243933380212848272e-01,-3.610940825937124732e+00,1.046128482003373072e+01
-6.887171620669722216e+00,-1.715783882980490338e+00,-5.754377005775221932e+00,6.882393765895675308e+00
-7.168123805730142628e+00,-3.707618277911115978e+00,-6.631847175196173616e+00,1.051549832681161423e+00
-8.179552346318548217e+00,-5.340695899499045218e+00,-5.937632368095617785e+00,-4.932955812551336194e+00
-8.364240303388122300e+00,-5.629896648870051479e+00,-3.909451289432380516e+00,-8.335685089156850580e+00
-6.361670629970412882e+00,-4.362588388120997251e+00,-1.357390509477332641e+00,-7.755581778664896397e+00
-2.310665968578156981e+00,-2.049128449339645552e+00,4.480417842056455546e-01,-4.284201419832640134e+00
1.996955069603309374e+00,4.629464838226047263e-01,9.515814861979378370e-02,-9.171225215057398072e-01
4.331835872374240282e+00,2.426476416940332115e+00,-3.338077932504250889e+00,-5.778037890819878175e-01
3.700170071476761802e+00,3.489495363765510394e+00,-9.482473565966975215e+00,-4.175907874634501304e+00
1.120670015418685050e+00,3.720971843262163237e+00,-1.628208227903321870e+01,-1.007780825921278733e+01
-1.144067976002982157e+00,3.377189344916230240e+00,-2.064712100329921185e+01,-1.525116854449288439e+01
-1.261215669572112619e+00,2.628586832897747083e+00,-2.012895746299155775e+01,-1.714832850512377860e+01
9.289795637782621851e-01,1.500878913294065420e+00,-1.462287878789386930e+01,-1.506879995080371692e+01
3.951855263017603814e+00,3.695859571392373644e-02,-6.771867215624697955e+00,-1.030902244718708793e+01
5.805580175263489906e+00,-1.553379034910212120e+00,-5.406031963518610484e-01,-5.210913059893744759e+00
5.264951543572227166e+00,-2.920908007448031807e+00,1.186275992289547609e+00,-1.759394569699988198e+00
2.593423000373655807e+00,-3.701030958999378839e+00,-1.677644711443019965e+00,-5.442003813513861532e-01
-6.527946846590167995e-01,-3.598049475735320080e+00,-6.552206050138772220e+00,-6.749569075868587786e-01
-2.564562239474837302e+00,-2.468671236367010469e+00,-9.968519950851332467e+00,-6.498589463272166356e-01
-2.028483960900131500e+00,-4.986828695932852828e-01,-9.681980036866278283e+00,4.625476789254697740e-01
5.992882594682682473e-01,1.654320920256161287e+00,-5.766328908248456564e+00,2.365033503520415081e+00
3.717411907670281401e+00,3.028033501338373679e+00,-2.157314164654522970e-01,3.800238888469437359e+00
5.435194385790408589e+00,2.866115101067760129e+00,4.403876619656989178e+00,3.465482952369240532e+00
4.621712002202906788e+00,1.115075623447856046e+00,6.277006733198437161e+00,9.082877504185098427e-01
1.427111719964476722e+00,-1.510807054927014947e+00,4.949830525226209588e+00,-3.154457518126307480e+00
-2.931492066212240566e+00,-3.965596406846724875e+00,1.186394037116226707e+00,-7.238734754650855585e+00
-6.891980580749976326e+00,-5.481734838580684332e+00,-3.536182238851665716e+00,-9.919942991000736399e+00
-9.340192195348995696e+00,-5.932150495281986124e+00,-7.545931953878105780e+00,-1.054402118802083521e+01
-1.006068549767958942e+01,-5.746543936067930680e+00,-9.458274117958497484e+00,-9.404619044012280327e+00
-9.626112363066033240e+00,-5.491529448089604415e+00,-8.657046005258438370e+00,-7.383852024529568681e+00
-8.827394444599745427e+00,-5.408006492182446223e+00,-5.592144986680298580e+00,-5.414619350082206850e+00
-8.061590952521093811e+00,-5.213946403128628226e+00,-1.601380439042236370e+00,-4.132814251745036138e+00
-7.145189365369022383e+00,-4.332083202838397540e+00,1.744767506636391907e+00,-3.827808674148725832e+00
-5.680143419843007635e+00,-2.405481657857088784e+00,3.361105482491014929e+00,-4.564091735462524113e+00
-3.621036455941645915e+00,2.963328482776808603e-01,2.966277818026378910e+00,-6.289871036744325572e+00
-1.522941538198030687e+00,2.916784155997629746e+00,9.231707504758739358e-01,-8.833613461872712236e+00
-2.444861606263522558e-01,4.461803093590133606e+00,-2.091996225982195590e+00,-1.183769515378090276e+01
-3.302676543864673242e-01,4.328738882137194821e+00,-5.275822521553212852e+00,-1.477833714702546608e+01
-1.516956556139105183e+00,2.624734918465331468e+00,-7.718546628776937091e+00,-1.714436033660665260e+01
-2.722230787931926077e+00,1.742164314991921925e-01,-8.495007812121732726e+00,-1.864348250890980196e+01
-2.613941314803297722e+00,-1.806503203399810298e+00,-7.035975207250101171e+00,-1.924196160709464465e+01
-5.048841693552205134e-01,-2.337058568221067389e+00,-3.679580337729691397e+00,-1.905527912959917103e+01
2.998437107190738526e+00,-1.353004924086087746e+00,6.627509491227082106e-02,-1.832104818433705162e+01
6.152460518868320349e+00,5.365718530453213869e-02,2.047597377058128831e+00,-1.754995781223401607e+01
7.078048633655391164e+00,2.063505141270731147e-01,7.162644263250284027e-01,-1.759783824710250144e+01
4.947151639250706445e+00,-1.977794584073879980e+00,-3.721055567556912802e+00,-1.935219169481667478e+01
4.799422727041033343e-01,-6.020039279094476115e+00,-9.252760317290645631e+00,-2.314075539310302077e+01
-4.571516109830302987e+00,-9.956612661784621565e+00,-1.328935644440766950e+01,-2.835195376585254223e+01
-8.476342675372416480e+00,-1.154620157909673850e+01,-1.426165766833311288e+01,-3.362957398062518877e+01
-1.035795968181390414e+01,-9.767201193225659495e+00,-1.241709538533283563e+01,-3.752867006129463334e+01
-1.040814113801848073e+01,-5.487063016925520564e+00,-9.365105211971499699e+00,-3.918046502338528114e+01
-9.537233339659549003e+00,-8.191946662684254088e-01,-6.840742718456986005e+00,-3.853487727733615031e+01
-8.719391355045576830e+00,2.301831153801010998e+00,-5.590728885183628982e+00,-3.607074425115258265e+01
-8.384958929213846446e+00,3.223622749169270829e+00,-5.146672112556065493e+00,-3.230047474764459992e+01
-8.247250385644136372e+00,2.595465805293090789e+00,-4.604096876358406476e+00,-2.758775746941925888e+01
-7.701646434230021931e+00,1.499790872868114633e+00,-3.644610880159881550e+00,-2.243650268050485863e+01
-6.458283560144479019e+00,5.856489683123085044e-01,-2.747434640843620102e+00,-1.778408361613718824e+01
-4.856893462204763701e+00,-1.054744313094193725e-01,-2.411780022709420379e+00,-1.471602280400125018e+01
-3.623438156568463242e+00,-7.260186054609518713e-01,-2.395320182269953690e+00,-1.368190697545875167e+01
-3.313463159681335757e+00,-1.243337141759379705e+00,-1.952970964361412154e+00,-1.398380719656907267e+01
-3.880138424864147950e+00,-1.489637634600387228e+00,-7.919876251716354565e-01,-1.414755460432565926e+01
-4.649255912707539906e+00,-1.439052350018036330e+00,4.286054178819049820e-01,-1.291756224975427081e+01
-4.710460087775293125e+00,-1.272285175654372491e+00,6.507666836206085215e-01,-1.003596806096726546e+01
-3.504746995047174352e+00,-1.147303538739377737e+00,-5.941595507654641173e-01,-6.271299580687836439e+00
-1.241790263822958762e+00,-1.034091713451370298e+00,-2.764023213602630591e+00,-2.865222938583501744e+00
1.203584619275954726e+00,-8.841091414962525263e-01,-4.743339455178995578e+00,-8.509195319984821371e-01
2.959685769304893466e+00,-8.982361184013204491e-01,-5.594275948416693289e+00,-5.071133474300427713e-01
3.917149187148144307e+00,-1.432100675573401594e+00,-4.975229901687859169e+00,-1.125965065652239749e+00
4.843634014486277728e+00,-2.500629662129667530e+00,-3.097995566679995871e+00,-1.398175128776792953e+00
6.580992238837974462e+00,-3.437929894123313179e+00,-5.283210538681128998e-01,-4.627588159859368777e-01
8.989910457497469309e+00,-3.265763504701415521e+00,1.917721458614578989e+00,1.101960894371027511e+00
1.074510393614820991e+01,-1.590002204561659305e+00,3.267023124682836066e+00,1.421140329115021084e+00
1.037461889868469989e+01,8.560862460391777118e-01,2.728613529045887276e+00,-1.188551158612553005e+00
7.670897089157909576e+00,2.680089110551958420e+00,2.888789683470824876e-01,-6.566653252556233333e+00
4.101613979551594014e+00,2.928384933255082423e+00,-2.893884347197178908e+00,-1.244433960644091286e+01
1.722486817740282117e+00,1.744832201063182708e+00,-4.884851853511030129e+00,-1.593038089635607513e+01
1.517974239932366132e+00,2.854300774517566641e-02,-4.177609445342860717e+00,-1.553206565160567010e+01
2.648012120944145398e+00,-1.389582296362799063e+00,-8.729017990371876756e-01,-1.208809679421067607e+01
3.215765725103948203e+00,-2.171494029913284773e+00,3.199401862834880372e+00,-8.036541671644393148e+00
1.771761539184378398e+00,-2.292760970461033221e+00,5.611946297359141411e+00,-5.815634983218838983e+00
-1.786056266122131753e+00,-1.803002124115777871e+00,4.850472155711582189e+00,-6.654514829980107571e+00
-6.498615623149333054e+00,-9.545882399286524933e-01,1.102959117356868468e+00,-1.034632161721949295e+01
-1.121774203047367280e+01,-3.990680467037528434e-01,-4.038109258745628871e+00,-1.565581576324023239e+01
-1.510734090710088751e+01,-8.784133219930355674e-01,-8.502242302104004779e+00,-2.076504501823042759e+01
-1.752305715881259118e+01,-2.483532616351181055e+00,-1.065134050807704647e+01,-2.367043703639772190e+01
-1.783073585158421892e+01,-4.293831334168503489e+00,-9.850552572121578976e+00,-2.285060652649621815e+01
-1.569947260705398584e+01,-4.999059345511411401e+00,-6.674506002468399757e+00,-1.817093282982729718e+01
-1.167407472276521041e+01,-4.065238881737148091e+00,-2.762316537879760503e+00,-1.133722728939000568e+01
-7.306829778801123609e+00,-2.319441956870110122e+00,-2.565859391099455933e-01,-5.230528505433430730e+00
-4.438868458127130268e+00,-1.316548887488333097e+00,-8.270938582613197587e-01,-2.329173410206296424e+00
-4.074359382111558681e+00,-2.051375533197966838e+00,-4.622191526154006525e+00,-3.279119073338162771e+00
-5.777739258380701237e+00,-4.233086694333260347e+00,-9.862183526034234760e+00,-6.622053535351200892e+00
-8.077487840307153277e+00,-6.729424950193500621e+00,-1.363513928610359827e+01,-9.801805014217393364e+00
-9.434784671743681628e+00,-8.570907390202783915e+00,-1.360557761705766389e+01,-1.068098077445090155e+01
-8.940702010061576388e+00,-9.435349354561921587e+00,-9.494687510051903701e+00,-8.590845062643690966e+00
-6.406062944418182248e+00,-9.299544805978396056e+00,-3.253646107171890289e+00,-4.400413346266537573e+00
-2.199261024056181402e+00,-7.972507862116287924e+00,2.139444143272167143e+00,2.255524058836611001e-01
2.774050944423203102e+00,-5.267596327894177755e+00,4.332757458916465687e+00,3.763090320887411355e+00
7.093431548017687938e+00,-1.630411865061461629e+00,2.670691140962269117e+00,5.387144249609383984e+00
9.290223419787512427e+00,1.681073853420458120e+00,-1.697164872446617512e+00,5.034401182848009526e+00
8.780784271388558437e+00,3.354156052465485871e+00,-6.436989249252651035e+00,3.272520431354655202e+00
6.580224445523022325e+00,3.118213503947899756e+00,-9.040905031267470804e+00,1.205854516752084438e+00
4.947802699250094527e+00,2.079540340143559707e+00,-7.967970034463198736e+00,2.226860740794929239e-01
5.867147119220467388e+00,1.864523423072431907e+00,-3.524200068269023767e+00,1.288830853240684471e+00
9.395939499995339617e+00,3.274454258296741305e+00,2.084321020058116147e+00,4.048227399457824838e+00
1.334213340288026828e+01,5.604893510823773184e+00,5.818599085244743563e+00,6.592860871544524493e+00
1.479449598014409339e+01,7.183825078459967095e+00,5.534842274483271041e+00,6.512204748265620680e+00
1.239178369248950418e+01,6.658124212296191224e+00,1.282154584348046855e+00,2.703593338892859244e+00
7.410715645486471104e+00,3.989079282146074767e+00,-4.775376714921722332e+00,-3.509166787917497921e+00
2.729051025793960417e+00,4.173531690102990632e-01,-9.785979462584254662e+00,-9.051175473263558757e+00
6.418500114680841806e-01,-2.469044495122728389e+00,-1.190723523158995611e+01,-1.117233993238897227e+01
1.467537129012817410e+00,-3.737662995328456805e+00,-1.103043884443590983e+01,-9.278089223135454588e+00
3.931347184320564736e+00,-3.438277829491444670e+00,-8.224909234463021690e+00,-5.104661463161202839e+00
6.540673702772930476e+00,-2.215652920507311663e+00,-4.713429533949201833e+00,-1.310641121730371061e+00
8.447953341351116308e+00,-7.623021925718769243e-01,-1.386587472065177629e+00,1.864833329333834833e-01
9.228570686693595704e+00,4.105436254546344643e-01,9.537186288583449079e-01,-1.088720217321539341e+00
8.363462701919813114e+00,9.178153925678339542e-01,1.313753118772498452e+00,-4.494333272482265329e+00
5.431177255582178454e+00,4.881069688256287620e-01,-1.099656328864686339e+00,-8.841349665616027309e+00
9.098439941253904095e-01,-8.753903301782968160e-01,-5.957618026883689133e+00,-1.271962277095876637e+01
-3.527302160987404900e+00,-2.766740210542864453e+00,-1.133451910822472186e+01,-1.484953116248574112e+01
-5.940762687221243787e+00,-4.529147227144122212e+00,-1.450629288923867932e+01,-1.474497981964642257e+01
-5.580831706833281558e+00,-5.649003492307808294e+00,-1.369041849768150421e+01,-1.321616358764722143e+01
-3.437003480124068755e+00,-6.067333465451842045e+00,-9.341113751530256692e+00,-1.193864994185450712e+01
-1.306452214219971708e+00,-6.113788367574864324e+00,-3.835646966554535631e+00,-1.214971778574015104e+01
-2.970866320572062014e-01,-6.120448511044064510e+00,2.142957411263080036e-01,-1.357671661024551746e+01
-1.533438116600907009e-01,-6.091066407580530750e+00,1.609239559100810846e+00,-1.463297024460841911e+01
1.592759282875607640e-01,-5.722481135869432300e+00,9.503906194370951299e-01,-1.373512224093849809e+01
1.391253447414546152e+00,-4.690235279214139297e+00,-2.156356953264747522e-01,-1.056939420986052625e+01
3.473957243929665761e+00,-2.888459631717554377e+00,-5.748718752674957244e-01,-6.263346822555946325e+00
5.764849876156529440e+00,-4.856924827882851403e-01,2.544245754544130489e-01,-2.449049653548236449e+00
7.580575103375688961e+00,2.090239147326947045e+00,1.695151742159271668e+00,-1.154135314383573918e-01
8.489932144658522972e+00,4.185174386357897625e+00,2.695541836552669768e+00,7.906040866127337363e-01
8.310322357351481060e+00,5.150736738920537405e+00,2.470525294701186869e+00,8.059595709799056706e-01
7.091701112607122326e+00,4.858277550348274687e+00,1.118533265174475266e+00,1.341994111163383185e-01
5.243605218178529093e+00,4.083759206163830591e+00,-3.334491215960848076e-01,-1.509013309451665563e+00
3.600060432299164948e+00,4.146260856423563901e+00,-5.978096850123668649e-01,-4.227379538396973224e+00
3.119469594094443465e+00,5.812701877837898934e+00,9.152527444401111767e-01,-7.303855396406509826e+00
4.267483846575956363e+00,8.407881168724680165e+00,3.570775419592070676e+00,-9.505240251550709729e+00
6.561393983828449628e+00,1.012807065096992964e+01,5.852899599163675859e+00,-1.015739317684575127e+01
8.737155445039832102e+00,9.451210274734807015e+00,6.375870197690195695e+00,-9.824688360633377471e+00
9.487997407451333132e+00,6.390710164934565007e+00,4.853714158607677298e+00,-9.780306386241129246e+00
8.245097455611077208e+00,2.453773737501871111e+00,2.314794144058737402e+00,-1.076640080366967567e+01
5.493680469748996487e+00,-5.469975332127684498e-01,3.694405603277179928e-01,-1.227409818237289230e+01
2.511548367261590808e+00,-1.630720379617673688e+00,5.823077128396385305e-02,-1.297148219759755250e+01
7.412264718945126285e-01,-8.263484751026386466e-01,1.164547494824505147e+00,-1.178472896517799740e+01
1.103165987918520274e+00,1.346721951516729243e+00,2.496883996702339736e+00,-8.678550641655563780e+00
3.550060988368134662e+00,4.205707273249753797e+00,2.825237909787277069e+00,-4.629548788685306171e+00
7.081835198457651970e+00,6.730648190628121696e+00,1.680416586134409807e+00,-9.988152767124122144e-01
1.022040422620543332e+01,7.510636157002545055e+00,-4.873719105307142696e-01,1.152146066387942813e+00
1.168677941131135078e+01,5.428429072402014555e+00,-2.681988525179695326e+00,1.418442228952134565e+00
1.094764273858786297e+01,7.192582703073487904e-01,-3.881807388966749262e+00,6.984407216088556192e-02
8.421187785177789209e+00,-4.677057520680641289e+00,-3.452090253876006987e+00,-2.078874341224771882e+00
5.266264728431562681e+00,-8.069200077635588997e+00,-1.370969644188439807e+00,-3.881002217751422290e+00
2.775446535403217840e+00,-7.693669459917911624e+00,1.743478087103982332e+00,-4.287570038732138045e+00
1.604325993188364885e+00,-3.883472677910048798e+00,4.775215139515916363e+00,-2.978033414701371839e+00
1.340376296419216295e+00,1.113791681608110373e+00,6.380404317572675232e+00,-7.513630087971659988e-01
8.417148118511349475e-01,4.523943369409341386e+00,5.428160147698948279e+00,8.336413377230091903e-01
-8.125543362069505005e-01,4.698597950587545924e+00,1.670427510789841197e+00,4.766639155427880858e-01
-3.514963658304286920e+00,1.964813282980106379e+00,-3.605476645506896283e+00,-1.961524536828755716e+00
-6.152516395343969435e+00,-1.803650344565236541e+00,-7.634611214099533250e+00,-5.396333429509889257e+00
-7.426618986907119080e+00,-4.473683174400614249e+00,-7.516601973819738269e+00,-8.283735071999227983e+00
-6.775679903186677677e+00,-4.862745230690781462e+00,-2.361473909503823077e+00,-9.590360585780572933e+00
-4.711570055054884243e+00,-3.173437969724892671e+00,5.399295104638419218e+00,-9.379015199450435603e+00
-2.434476058051140868e+00,-6.067344559774637824e-01,1.102175428863601425e+01,-8.786892441877141025e+00
-1.090945981496867834e+00,1.450249768112442439e+00,1.051454528044049397e+01,-9.415210266802322536e+00
-1.135486812247141986e+00,2.196143276050310345e+00,3.600100590822047586e+00,-1.232286656043397066e+01
-2.102208130089334048e+00,1.744933924215983367e+00,-5.811237387756897910e+00,-1.713942451446322934e+01
-2.898637405726709027e+00,8.054968684598924344e-01,-1.216595060726952404e+01,-2.198171819580331743e+01
-2.469261202699427837e+00,-1.664946383408823227e-02,-1.192088502955092721e+01,-2.440543311704835361e+01
-4.084770316775667709e-01,-6.091304903688812278e-01,-5.528683724078685024e+00,-2.281690187299574291e+01
2.868971559332937016e+00,-1.041373465797704068e+00,3.483894543373654340e+00,-1.742227668264731832e+01
6.426717535822142224e+00,-1.011030259117499330e+00,1.113660433771560676e+01,-1.016455438507945708e+01
9.291249969360569239e+00,1.277120215649081569e-01,1.510076979933202246e+01,-3.715764687004048383e+00
1.084394234763774634e+01,2.620094236097852303e+00,1.515219246103099771e+01,-5.593737680439521409e-02
1.098644206293341519e+01,5.656443568616646544e+00,1.244280112785230408e+01,5.632304461218984315e-01
1.003777304811428728e+01,7.625561376558950499e+00,8.575213407097971086e+00,-4.262098879009829644e-01
8.435219995833907802e+00,7.176721802777440651e+00,4.960011587530514632e+00,-1.041067129568541638e+00
6.471155267766559582e+00,4.218874535605029230e+00,2.471332439283643101e+00,-9.878860676314901723e-02
4.295813915141065920e+00,7.615106713121153059e-02,1.384171133325267533e+00,2.248865094183046143e+00
2.144221125692177043e+00,-3.318463404434333075e+00,1.559397428939617525e+00,5.028995156757795293e+00
4.644760346976161136e-01,-4.671048114719962285e+00,2.667710204413547004e+00,7.300477738494188351e+00
-3.032231941952920895e-01,-4.168266390780306807e+00,4.258081961444401209e+00,8.551604663497483827e+00
-1.264742409464928996e-01,-3.215193214390596133e+00,5.771650346912842622e+00,8.551162238495948031e+00
5.086804736574237484e-01,-3.140213454206382870e+00,6.728233094525317703e+00,7.148724279262089532e+00
9.763207295425627708e-01,-3.925242640493763702e+00,7.012697842988501407e+00,4.373529335475697444e+00
9.808374785076553470e-01,-4.213033089441815982e+00,6.899010894284977269e+00,6.275080430676073240e-01
5.779616147910267010e-01,-2.714895356380262026e+00,6.681937529210809856e+00,-3.421857911901742266e+00
-1.958336657101980016e-01,3.344773705094195027e-01,6.301167357446360917e+00,-7.225978026828834722e+00
-1.461979491453547331e+00,3.194523854160071341e+00,5.416322985333493101e+00,-1.055472625854697277e+01
-3.102573874200115434e+00,4.145527060207296444e+00,3.860052022153472429e+00,-1.323670690948216766e+01
-4.366939996295422510e+00,2.999416715759965157e+00,1.946157323053281596e+00,-1.479324515484456803e+01
-4.200053312903734515e+00,1.126706189183583229e+00,3.147592853914206179e-01,-1.455339122405139385e+01
-2.174005027316601613e+00,8.693096964223882839e-02,-4.796615311599385922e-01,-1.229742068185373860e+01
9.203978741966311050e-01,3.013033134926161316e-01,-2.656902432216768362e-01,-8.767821423667827574e+00
3.524917805397112858e+00,1.007402924047066106e+00,6.999265868681296965e-01,-5.379267975887455755e+00
4.455693284664796749e+00,1.331817259539928466e+00,1.893217004627704592e+00,-3.248093095286686438e+00
3.696215806508699409e+00,1.234433354489013146e+00,2.832805559868788237e+00,-2.415298835694570823e+00
2.205844817631694710e+00,1.392308382873487904e+00,3.398627066129272567e+00,-1.995539740559419295e+00
1.100047470624235579e+00,2.330860788457604471e+00,3.880412014551488653e+00,-1.068452837309480596e+00
1.035756374068958818e+00,3.845370391444379532e+00,4.615889090616276391e+00,5.570666016740881687e-01
2.174068590761814690e+00,5.256957741884556334e+00,5.520224229795004156e+00,2.336140338615344980e+00
4.386871028154708085e+00,6.059509246324501497e+00,6.045643312296262728e+00,3.590914887525389787e+00
7.283810267698997976e+00,6.218781004402558210e+00,5.724814940437673805e+00,4.101395964611906031e+00
1.011611514235004883e+01,5.959515759787087141e+00,4.755620916832332234e+00,4.202414588619160618e+00
1.192561983269751913e+01,5.465168219873866917e+00,3.905852086811106183e+00,4.366098433810490675e+00
1.205216418828322311e+01,4.842015534432625223e+00,3.723301554779516298e+00,4.663379306532301705e+00
1.063552006514411552e+01,4.239735031092322970e+00,3.908838044427004554e+00,4.619838314223569498e+00
8.614031474643752517e+00,3.850815118173665841e+00,3.639060849777173701e+00,3.660099857001192447e+00
7.108454249435660621e+00,3.768127288725313218e+00,2.543419275286024295e+00,1.750378542571018103e+00
6.644077011941280198e+00,3.907267497853762261e+00,1.204640429887504416e+00,-4.163833564936395559e-01
6.852878404224387765e+00,4.083554669525081060e+00,5.521851099000562035e-01,-1.921088335207824072e+00
6.878496350171092288e+00,4.100620342852664635e+00,8.270346689482694913e-01,-2.337899784673678205e+00
6.076558252101628810e+00,3.725323006212699184e+00,1.325614206552402807e+00,-2.024754670765925635e+00
4.403361037232111030e+00,2.661558987775725083e+00,1.221229947108446456e+00,-1.824834470633829531e+00
2.278506322632289027e+00,7.272356808756634816e-01,5.296738791183426276e-01,-2.538300381428366226e+00
2.136768083017693276e-01,-1.797679382712889407e+00,1.880558192492085001e-01,-4.521094373702337244e+00
-1.400794887109450659e+00,-3.991098085791890071e+00,1.230570721615548813e+00,-7.459420970329460054e+00
-2.267809425864821815e+00,-4.611876519043177858e+00,3.882104108696179168e+00,-1.031106931358289458e+01
-2.128454189763000937e+00,-2.877018819140496841e+00,7.261322985038555444e+00,-1.160435165709232841e+01
-8.716983788872031402e-01,8.109785011389261111e-01,9.773840524970520249e+00,-1.020932056420949685e+01
1.255226109940797530e+00,4.804062712182771477e+00,9.924926975708086019e+00,-6.196633974438807257e+00
3.579583311521202127e+00,7.032083566561447618e+00,7.211743824527348856e+00,-1.074800060752802544e+00
5.239426857268927762e+00,6.259325700103548940e+00,2.644422904775371563e+00,2.931121714870860373e+00
5.615060374749343275e+00,2.915982167048981832e+00,-1.591958455179556475e+00,4.128352364696551646e+00
4.654106270464192896e+00,-1.120862848376287912e+00,-3.373985580111791283e+00,2.289949794479587908e+00
2.880035534774188388e+00,-3.669602320426766262e+00,-2.001158025683630104e+00,-1.286512469132807146e+00
1.144221673783999416e+00,-3.504466578129174170e+00,1.414125205251022921e+00,-4.522427022191887858e+00
2.971519098539184278e-01,-9.044659734916480343e-01,4.862293163190881451e+00,-5.610661619337385275e+00
8.374081934469079780e-01,2.714963535765280156e+00,6.803592621582394528e+00,-3.873050312481894242e+00
2.565556436981476729e+00,5.631112126218973835e+00,6.818509923730536215e+00,-9.663781744898120030e-02
4.480286860234205193e+00,6.522817438468415219e+00,5.261256240066756185e+00,3.817587994174322485e+00
5.231680917282588439e+00,4.854154362562870695e+00,2.637358630037148988e+00,5.840887773893104651e+00
4.028309687357381819e+00,1.057178582296627312e+00,-5.655993828583950611e-01,4.996685802250267372e+00
1.315274440768610775e+00,-3.472051786962836673e+00,-3.659509364456491554e+00,1.961159525339096765e+00
-1.451021667634497136e+00,-6.819284071189001040e+00,-5.736231471400332182e+00,-1.480785247522885317e+00
-2.833274337805749443e+00,-7.516183730945442676e+00,-6.117186799586929347e+00,-3.815264366612734825e+00
-2.375327988678947122e+00,-5.467123137779303477e+00,-4.880644695204391148e+00,-4.860868917524372890e+00
-6.954440446113175911e-01,-2.007871615611948712e+00,-2.876342497837833800e+00,-5.527389411699426880e+00
1.235052539012515993e+00,1.067547264760414283e+00,-1.122405869173149329e+00,-6.533565861496987814e+00
2.835968750477344980e+00,2.656362776332444220e+00,-1.354992486974586907e-01,-7.447938963681909108e+00
4.007530251690246459e+00,2.642768427866156511e+00,1.612348313709177638e-01,-7.108627836176408366e+00
4.686902850456287517e+00,1.295407877145372977e+00,-4.014232314404671265e-02,-4.972089801279097721e+00
4.597465666529125805e+00,-1.235155537139769333e+00,-8.070303571119437080e-01,-1.869912514167269668e+00
3.624733418718951938e+00,-4.533997112863643153e+00,-2.251125681507876841e+00,7.251362648901175101e-01
2.370108041194161519e+00,-7.190499298772304648e+00,-4.054268651855327477e+00,2.156429879699994778e+00
2.030139761905308315e+00,-7.042938298586035373e+00,-5.396920976299008466e+00,3.172796038056587165e+00
3.412945593278327028e+00,-2.794531732171122496e+00,-5.400294344496434640e+00,4.999182400328218812e+00
5.954693613871745228e+00,4.352274386060717148e+00,-3.622853417034550105e+00,7.864057618152892282e+00
7.822301518008190513e+00,1.087631778683166317e+01,-2.802531413396795457e-01,1.050991563919647476e+01
7.226530990949435740e+00,1.319377663255936817e+01,3.747485151401474202e+00,1.118469259093675916e+01
3.870957957485959167e+00,1.020299469062255326e+01,7.072071492423272154e+00,9.145194214355168327e+00
-7.176165969458745408e-01,3.992315474095900374e+00,8.288218957191356040e+00,5.281757145796872166e+00
-4.219225463965171841e+00,-1.747365040420465254e+00,6.782012364988029951e+00,1.412342585708717735e+00
-5.025525618121677418e+00,-4.183811391097624899e+00,3.322249440867698134e+00,-9.713182503598831730e-01
-3.131012256134749538e+00,-2.867742078309714948e+00,-1.938132108428078371e-01,-1.413572463770649934e+00
2.222424211819883089e-02,4.525663157003983472e-01,-1.830281594258733602e+00,-3.060231380193717543e-01
2.448147053200687484e+00,3.244596869749598156e+00,-7.858938148211869201e-01,1.686429822509418086e+00
2.678254144057691466e+00,3.762959066357260074e+00,2.168162613645195247e+00,3.937751642038561428e+00
4.860646152331860592e-01,1.883200319522641886e+00,5.201676611159530950e+00,5.832615497719892517e+00
-3.001741174371111320e+00,-1.090907634881170152e+00,6.477230433248797326e+00,6.807983062244117534e+00
-5.869319739043714179e+00,-3.341259758055895812e+00,5.129222934025592373e+00,6.688699642360777631e+00
-6.439001548199558833e+00,-3.595377463003097684e+00,1.716490188429263375e+00,5.988813839082300028e+00
-4.228259771962576963e+00,-1.801227623763906438e+00,-2.040496374598263163e+00,5.713674243535027841e+00
-2.210427663471808968e-01,9.061539687606089410e-01,-4.139772502528804132e+00,6.677754343496411060e+00
3.749332406648806071e+00,2.924000374617821585e+00,-3.395444179835353182e+00,8.859186970966149488e+00
6.065875289032065076e+00,3.154191384276320065e+00,-1.713649539752989115e-01,1.131123145571036659e+01
6.130001006170752831e+00,1.619259473126306137e+00,3.705223841542765406e+00,1.273694330869479785e+01
4.496679860326367795e+00,-6.290724993519350994e-01,5.885353675915109051e+00,1.238047469646123311e+01
2.426672626944464728e+00,-2.187349759052517495e+00,4.844119449988104620e+00,1.063414393138079461e+01
1.175818867089701403e+00,-2.127916208015571797e+00,8.775618243159581944e-01,8.866059458279242023e+00
1.346515675231545250e+00,-5.074922647700792488e-01,-3.929590750822456346e+00,8.513893883522753114e+00
2.604022651560810697e+00,1.733576672459568702e+00,-6.892097419973461037e+00,1.013047211488399668e+01
3.962239745647638589e+00,3.424524073048248241e+00,-6.379445423715346841e+00,1.314606046855015897e+01
4.505751500523068387e+00,3.908438655946683937e+00,-2.805310010500270401e+00,1.642952217318288888e+01
4.007381191746512528e+00,3.294910809252590500e+00,1.749952362675010864e+00,1.899087758349402577e+01
2.909844148498291982e+00,2.066584602148445082e+00,4.953209431673404772e+00,2.021629545703773090e+01
1.735087578378089468e+00,5.313844870894247618e-01,5.585235963958042227e+00,1.974054995961106229e+01
5.933623309039760541e-01,-1.266828002300206757e+00,3.925130348943269176e+00,1.748294633866548864e+01
-6.619072997040269524e-01,-3.162406262478146601e+00,1.088460730289672496e+00,1.398541054222681446e+01
-1.873883775900760051e+00,-4.570095833964264109e+00,-1.908334270423371226e+00,1.057373749550954045e+01
-2.378610120827291841e+00,-4.700870768083246887e+00,-4.491519156822090686e+00,8.850938889646808860e+00
-1.530289732723019158e+00,-3.118090190822716323e+00,-6.153057762397328823e+00,9.669901598259544429e+00
5.260177855996147622e-01,-1.504695214714061036e-01,-6.082526602324106690e+00,1.234838563196051808e+01
2.661216435040667072e+00,3.124321599752692968e+00,-3.568848304848106334e+00,1.488158414113412498e+01
3.457295052443164263e+00,5.302492742415489069e+00,1.019800558397899959e+00,1.521909916727334711e+01
2.284570740004596701e+00,5.325938775680459258e+00,5.794405817770194922e+00,1.278254578785654338e+01
-9.933955272293013006e-02,3.144847790556570377e+00,8.280234564111585982e+00,9.040275659338712799e+00
-1.954722493457517585e+00,-5.643461909783010350e-02,7.191767461274427120e+00,6.556990000673177832e+00
-1.765330960091864743e+00,-2.424010373285276909e+00,3.492431194507111591e+00,7.123530078192469972e+00
6.035251086788763208e-01,-2.574779216779184754e+00,-2.951512160435784682e-01,1.036631643900538791e+01
3.714719233879647753e+00,-4.902946111189799283e-01,-1.990863992727397891e+00,1.392132032464544444e+01
5.553936279679629884e+00,2.543234372702001256e+00,-1.297538842417621074e+00,1.505826899108275541e+01
4.931649364549451242e+00,4.827378154324702741e+00,1.830675271141817273e-01,1.253145251762910917e+01
2.171227744493437140e+00,5.208755989014601795e+00,3.374287422049261354e-01,7.307080643373407902e+00
-1.338857473061141778e+00,3.515145039565521490e+00,-1.778328873002048116e+00,1.754641104822083797e+00
-4.132397696139058496e+00,4.897997651369548344e-01,-5.160897013140869127e+00,-1.914287507689864887e+00
-5.316939940635414530e+00,-2.521537212954265250e+00,-7.517498178744918214e+00,-2.747215065336866324e+00
-4.635085459113545525e+00,-4.080458306932425394e+00,-6.913572407969174272e+00,-1.118622681695858434e+00
-2.343226428366869563e+00,-3.356407939070369828e+00,-3.239092654498596957e+00,1.840771702008245025e+00
7.511259432963336424e-01,-6.813807574874795048e-01,1.600052347453310819e+00,4.754896231275457907e+00
3.309320497084476731e+00,2.546379199201627141e+00,4.919861570461166345e+00,6.262430471866800019e+00
3.940036739520118569e+00,4.683791895126931060e+00,4.997509776638474399e+00,5.353184396333507955e+00
2.019994908167229486e+00,4.808908531426185462e+00,2.058260581767630271e+00,1.933157930949007008e+00
-1.818324687616371671e+00,3.106861248179608737e+00,-2.098135383659391451e+00,-2.808494297063824252e+00
-6.024766620453880783e+00,4.863246788335878756e-01,-5.404575793462390365e+00,-6.781051480613665916e+00
-9.039212124994625341e+00,-2.121761675383250889e+00,-6.726093580335795963e+00,-8.085841807970355788e+00
-1.008461478478374929e+01,-4.203185307528442216e+00,-6.155610436139988373e+00,-6.144991005031316789e+00
-9.419894812941297602e+00,-5.646102979405987377e+00,-4.460228684032226276e+00,-2.132721653731219913e+00
-8.055396430539204289e+00,-6.489115812552944007e+00,-2.395979781855415602e+00,1.590353478227197970e+00
-7.090273400725599195e+00,-6.713280607565616620e+00,-4.847684861750012342e-01,2.816506401168841212e+00
-6.939610797663126718e+00,-6.201050072807691826e+00,8.196838637136283356e-01,9.101708437042185240e-01
-6.960932324789724568e+00,-4.867841263359272475e+00,1.060995827319106466e+00,-2.644451494591384844e+00
-5.932097429522131371e+00,-2.903733855209563064e+00,4.356274337630361426e-02,-5.137997362618454744e+00
-3.157216354417251569e+00,-9.328978092127511168e-01,-1.836020466853696131e+00,-4.478220785119830794e+00
7.267452557620760478e-01,1.639122888299789360e-01,-3.614818384230388482e+00,-6.076265306443511260e-01
4.033049942153763112e+00,-2.188377339927796983e-01,-4.260222066025980858e+00,4.596756324961656759e+00
5.244738589898888748e+00,-1.906072257815902615e+00,-3.327395884541616500e+00,8.780785020635986982e+00
4.195773268989473337e+00,-3.929072602910950618e+00,-1.308449806297274254e+00,1.073492014789699667e+01
2.270882493906302813e+00,-5.068866104682391516e+00,5.966027260732043036e-01,1.101614886863683651e+01
1.443191136779617079e+00,-4.547792001851086674e+00,1.167036869076778061e+00,1.124468937645873901e+01
2.826975159650154446e+00,-2.393305220831908997e+00,-1.158815241384223149e-01,1.266654155238469315e+01
5.811208918277515956e+00,6.881444718945437522e-01,-2.741423392246180146e+00,1.506807149047720884e+01
8.484177315196905766e+00,3.740156247271087864e+00,-5.401227915676106051e+00,1.692580630580409462e+01
9.097947531670884658e+00,5.948771893204859218e+00,-6.626007510425221625e+00,1.673151406383596296e+01
7.428395677110993134e+00,6.769963785988555749e+00,-5.507880946486336526e+00,1.436616869879157399e+01
4.900341341736574208e+00,5.881994472265222207e+00,-2.193958768645604351e+00,1.126463503232396590e+01
3.380903426747269069e+00,3.266483272114579783e+00,2.076885051899155066e+00,9.203561963194724527e+00
3.669265569249764436e+00,-5.043195167006386814e-01,5.467818007541095149e+00,8.803773362878736464e+00
4.891672940607760367e+00,-4.152717848274445345e+00,6.397618637170547906e+00,9.024975610620732169e+00
5.195974004307655214e+00,-6.164800970732070340e+00,4.353642744703631884e+00,8.003324984575817425e+00
3.147425144059643909e+00,-5.684140660618841601e+00,2.226836446723763352e-01,4.519070599815243838e+00
-1.205304906470553217e+00,-3.139143218381964751e+00,-4.105136294544018405e+00,-1.000406031287813580e+00
-6.328142564343270493e+00,-5.275471228790877543e-02,-6.738904111620770188e+00,-6.641913064023672320e+00
-1.022149945937798599e+01,1.872367556117510601e+00,-6.861831777247946462e+00,-1.021030449304599230e+01
-1.167334876549081102e+01,1.776409684977197756e+00,-5.150011530313965302e+00,-1.061090487138775984e+01
-1.082273438728036652e+01,9.690058581193286558e-02,-3.158019690231903986e+00,-8.418077374162404425e+00
-8.744436027285882318e+00,-1.857896651882836814e+00,-2.099878883954615638e+00,-5.297800685877056104e+00
-6.582933258020291944e+00,-2.926553928751052247e+00,-2.009996345393412653e+00,-2.847673319668698522e+00
-4.978589480326505168e+00,-2.918621073068032423e+00,-1.947230019973054560e+00,-1.718478819478397757e+00
-4.041215263750121522e+00,-2.554306516674828220e+00,-9.758597958712389442e-01,-1.444250779016621467e+00
-3.596653844509791309e+00,-2.596453330813105254e+00,9.579992269846629993e-01,-8.764840595440478443e-01
-3.403997723773218187e+00,-3.037957665595581336e+00,2.929592812731373286e+00,1.043774942774916115e+00
-3.312499323197060086e+00,-3.172216808532997590e+00,3.717561562844576173e+00,4.480972125627348035e+00
-3.394042440700301366e+00,-2.462688042055671822e+00,2.728199333472100196e+00,8.358926797395218600e+00
-3.913510355405171115e+00,-1.263788004454824199e+00,5.078530013166903112e-01,1.094388353894673749e+01
-4.996641608536489088e+00,-5.801257930138707941e-01,-1.515756415534199375e+00,1.117761516845211389e+01
-6.198417730702028727e+00,-1.077940463053089548e+00,-1.883224271152593499e+00,9.736815230752053907e+00
-6.480151208530497087e+00,-2.378921840028784374e+00,3.379284797102138221e-02,8.754179454734050125e+00
-4.880537322027631575e+00,-3.381384170732113059e+00,3.658660772672271300e+00,1.020182315620356661e+01
-1.467838599127878174e+00,-3.275141552612117923e+00,7.446740313440051828e+00,1.419044127893202756e+01
2.334550892032176250e+00,-2.209692502856233087e+00,9.609817982529971658e+00,1.865486103704352061e+01
4.585537953172293513e+00,-9.937122810812879514e-01,9.107607835290441045e+00,2.078596451425060820e+01
4.285899561208768027e+00,-2.615001456413491576e-01,6.432604587885051295e+00,1.905967579033342929e+01
2.186300419456093547e+00,-4.039400297959151037e-02,3.496936033067263416e+00,1.417101050093990189e+01
1.745791045317957035e-01,-5.801674563779783689e-02,2.380626202125853297e+00,8.186334509884812149e+00
-1.965722223137942870e-01,-2.200346598886318283e-01,3.746696618485593433e+00,2.876171473452020511e+00
1.268665361347829146e+00,-6.018965439323868960e-01,6.256379956072720461e+00,-1.186124866423216462e+00
3.553954159603635254e+00,-1.075173710455197273e+00,7.538813803282571335e+00,-4.214779198449097208e+00
5.305569514991840485e+00,-1.234657518456710124e+00,5.903881367668659230e+00,-6.391060356885247984e+00
5.574054971311410256e+00,-8.437376819934527816e-01,1.450930898815828485e+00,-7.685349036761110142e+00
4.082264931438502664e+00,-2.017216422180968527e-01,-4.075634371748242835e+00,-8.237551989249142892e+00
1.264502461804043465e+00,1.628190353387777844e-01,-8.315519649261094770e+00,-8.423497933617024813e+00
-1.741473161519720536e+00,1.767270718802420315e-01,-9.459192461994568646e+00,-8.330554716155912587e+00
-3.379941839623396671e+00,3.912420031332767834e-01,-7.048903100820133716e+00,-7.409239303156506473e+00
-2.466739398761247593e+00,1.291652524303895877e+00,-2.185917605669045027e+00,-5.023894300895623388e+00
8.734180063035952291e-01,2.477317263179674711e+00,2.979837668093528347e+00,-1.483286034875305859e+00
4.950346561011785163e+00,2.730902800300912148e+00,6.352432399835539201e+00,1.631718509204268308e+00
7.412972942488421424e+00,1.097571560235423682e+00,6.987729795901045371e+00,2.420079215250719784e+00
6.800236516970473488e+00,-2.037284415925520786e+00,5.420090255616271335e+00,1.668259791246188006e-01
3.548422561592291302e+00,-4.994277087380874391e+00,3.016644729008179482e+00,-3.916719779690307490e+00
-3.544299609800989348e-01,-6.009370811554433978e+00,1.000981587913109427e+00,-7.388274603836831211e+00
-2.769937998395409995e+00,-4.518364136973436196e+00,-3.088863429381960568e-02,-8.188015635597695407e+00
-2.781110942147818843e+00,-1.446150864054787988e+00,4.424361205426006333e-02,-5.976750541539121997e+00
-1.103126567412650250e+00,1.553234156098790786e+00,1.151326131919703011e+00,-2.272875269822876021e+00
6.128074079638393679e-01,3.130876008839985847e+00,3.005432502948504059e+00,6.421651959267642429e-01
9.956006065865321553e-01,2.847143233509291438e+00,4.975678702442594137e+00,1.215947411103099896e+00
-1.615546904594590272e-01,1.196484164096604852e+00,6.185030045589447134e+00,-5.448320171662299760e-01
-1.909994670981175480e+00,-7.551139537452482564e-01,5.883569027192388390e+00,-3.380985144076513293e+00
-2.944961055663489535e+00,-1.911653002332845741e+00,3.830406959935410249e+00,-5.807832234752638101e+00
-2.540301468295634635e+00,-1.680219158003119606e+00,4.652833133931105203e-01,-7.021544361615731589e+00
-9.693716189059563559e-01,-2.703111303764200724e-01,-3.184613109867855396e+00,-7.138607687858424811e+00
7.551998347001674938e-01,1.420973776552204360e+00,-5.864128451413304965e+00,-6.811509989239423746e+00
1.533927372577660542e+00,2.329248615768232167e+00,-6.641700357604536364e+00,-6.637999371557161687e+00
8.077950665410792430e-01,1.903294036164966396e+00,-5.378315132998845449e+00,-6.788377219439460042e+00
-1.164164517551401934e+00,5.412382371853954321e-01,-2.780403647585190985e+00,-7.032556358491310888e+00
-3.539855167810077141e+00,-5.878728213451928086e-01,-7.070072763171120211e-03,-7.052181996152476984e+00
-5.548444816680912162e+00,-3.867256749534229154e-01,1.825947807297656267e+00,-6.765188870970879620e+00
-7.136445160130839405e+00,1.158305914571834405e+00,1.931102804177342369e+00,-6.438877122045854939e+00
-9.024914816742414914e+00,2.675563629161525014e+00,-1.587024866467855871e-02,-6.513955165290702176e+00
-1.194626774708584804e+01,2.357986601148569505e+00,-3.657747136611849470e+00,-7.205220610749621279e+00
-1.560373986370501243e+01,-4.083011105848277089e-01,-7.737985912261934551e+00,-8.116873186753995384e+00
-1.840214033178615338e+01,-4.206803971486393401e+00,-1.032533007904072164e+01,-8.251312047227663982e+00
-1.849726938245748542e+01,-6.512906749280671370e+00,-9.709647846187680287e+00,-6.614217833459214546e+00
-1.542987176048809417e+01,-5.697024023547386129e+00,-5.509424245109350693e+00,-3.048784643730564348e+00
-1.082485062811568000e+01,-2.347966113737102845e+00,8.634376164544851351e-01,1.491914200726552675e+00
-7.339491998267627437e+00,1.197442209481935693e+00,6.839702124198241862e+00,5.644271137738324562e+00
-6.672255836796036732e+00,2.599196907599463202e+00,1.005742786491829399e+01,8.723883083112532688e+00
-8.351671732358679989e+00,1.049056497278922251e+00,9.574583146259973532e+00,1.111351812184483023e+01
-1.028174445204756893e+01,-2.443508763422601593e+00,6.226683471166325035e+00,1.355390280631068478e+01
-1.042550139005173904e+01,-5.885260297959072240e+00,2.026757673645315005e+00,1.614862055324294587e+01
-8.153070579820170138e+00,-7.404220219672156489e+00,-9.654318376168866678e-01,1.819091176574288582e+01
-4.332447441105483854e+00,-5.983766228816582711e+00,-1.679205090716337168e+00,1.894137094546505296e+01
-4.341538853314239610e-01,-1.782127409800079221e+00,-4.497191846320539588e-01,1.842041585665444359e+01
2.416324149175498537e+00,3.809943412386866513e+00,1.387886698410229158e+00,1.734811347775464796e+01
3.782439639449972635e+00,8.501385693988678938e+00,2.459399115130673330e+00,1.634398313485474930e+01
3.716230898543788630e+00,1.004888010596656223e+01,2.215184269286415208e+00,1.521361445749688990e+01
2.492288308255167451e+00,7.547819571400109062e+00,1.104590690428226774e+00,1.298737163911124526e+01
5.888286434193384933e-01,2.197786858313702130e+00,2.393850497428598456e-02,8.729852619907674693e+00
-1.228770230446811107e+00,-3.191810838796857119e+00,-4.239475182840623524e-01,2.576285821387862551e+00
-2.088566941449818248e+00,-5.767316039397729632e+00,-2.585455662743056382e-01,-3.805410600485433115e+00
-1.547760126237153200e+00,-4.235797100601978116e+00,1.192563614696343643e-01,-7.918088484235478397e+00
-7.590703233918648374e-02,4.897206189582844482e-01,4.205919602353119791e-01,-8.067067096438433893e+00
1.070446678336394175e+00,5.858358510950169240e+00,7.572237323874927428e-01,-4.692238721016027903e+00
6.729078278425595361e-01,9.026804466577006636e+00,1.484459025883735350e+00,-1.131586233599084085e-01
-1.512106500313207924e+00,8.296613648086696102e+00,2.751016018419125242e+00,3.263728348375701138e+00
-4.491688274192108032e+00,3.976808918268446735e+00,4.190466081164307965e+00,4.687668000913484789e+00
-6.710447801502475329e+00,-1.793236150786571947e+00,5.085316949254276686e+00,5.177576469206263354e+00
-7.156357600650496309e+00,-6.209857277275220078e+00,4.895176328070359517e+00,6.085104396646511482e+00
-6.068168844938678141e+00,-7.279218721119956825e+00,3.688817061209921810e+00,7.670924421200056464e+00
-4.735885301463295782e+00,-4.728992440204170755e+00,2.111520577061939630e+00,9.032973653023182337e+00
-4.549971624488031274e+00,6.803937105012347608e-02,9.427669857342528825e-01,9.223736550059125960e+00
-5.995482915730545592e+00,4.951203192903383510e+00,6.195065971948854333e-01,8.275451599322774854e+00
-8.339187515068685386e+00,8.072651819553456676e+00,1.035311464918869495e+00,7.134464928545257933e+00
-1.024035386838715844e+01,8.714760089042064450e+00,1.630626072075046507e+00,6.715426411356466119e+00
-1.078085387691779928e+01,7.475807360889858977e+00,1.642267284931024696e+00,7.126504068487476751e+00
-1.006823215313046127e+01,5.778648438183880742e+00,4.847346173582742779e-01,7.790417634404755098e+00
-8.959466182963343073e+00,5.014882112014368509e+00,-1.745909370878582889e+00,8.151838265386345483e+00
-8.257535860596496136e+00,5.800992050057775629e+00,-3.973877817117843936e+00,8.097492328219134450e+00
-8.168423315083455094e+00,7.680756158983449211e+00,-4.604206274320658210e+00,7.701700604887547819e+00
-8.422275233358091029e+00,9.376115352881395637e+00,-2.753183968532635806e+00,6.791439458859592548e+00
-8.708280952290269994e+00,9.524812048185536284e+00,7.481274445056899092e-01,5.019328598261623142e+00
-8.837395600846541299e+00,7.606866005634914885e+00,3.731896018861450504e+00,2.439027693362178617e+00
-8.559101613200015279e+00,4.465009440785152606e+00,4.346889282743614302e+00,-1.154281371866546779e-01
-7.486105203335708502e+00,1.904598931931210437e+00,2.503915327280712866e+00,-1.389275485525918397e+00
-5.419112056903118813e+00,1.533057283807750082e+00,-2.114143410543569690e-01,-5.641099802815238151e-01
-2.757304566936818802e+00,3.686134115187833071e+00,-1.954102112212643849e+00,2.118229263989151789e+00
-4.366062383954589232e-01,7.231861378878191360e+00,-1.980339214278163285e+00,5.435045956410543333e+00
7.162698501898883130e-01,1.029918019449782918e+01,-8.695576466090060297e-01,7.838071597205709118e+00
6.701181005859511153e-01,1.130840510901794360e+01,2.695256455066012968e-01,8.203758203574125218e+00
2.188833714757568161e-01,9.628388425533353612e+00,6.909946978405495654e-01,6.240907523622925446e+00
2.433448395645403384e-01,5.625036285272957848e+00,3.098768615229282597e-01,2.416053082535495111e+00
8.957060832051134680e-01,3.224385890126113541e-01,-5.342631818979283187e-01,-2.397692467003561312e+00
