-6.187655336665302208e+00,2.386623901177107321e+00,-8.412431058156397690e-01,-2.108858547261879579e+01
8.654816534956687235e+00,5.795765148240463738e+00,-4.031691281441451835e+00,1.411947828069680710e+01
1.813622084335823104e+01,6.466148773435731911e+00,-5.806024766409422000e+00,3.551620244097399137e+01
2.063112723517740221e+01,3.681891698719748529e+00,-5.611438558221673034e+00,3.951043305776975956e+01
1.849184481306977190e+01,-6.960173755711746013e-01,-4.133784972288322201e+00,3.323819847125678706e+01
1.529078700598943996e+01,-3.556605634752029843e+00,-2.943368416623152850e+00,2.655290157138209750e+01
1.334201350557526311e+01,-2.733141765655162647e+00,-3.548086051783331474e+00,2.472663789061758166e+01
1.331754879476152809e+01,1.622971477973637722e+00,-6.354738268783608923e+00,2.755425690324363686e+01
1.493244348416644840e+01,7.429918662453892431e+00,-1.021210431128720408e+01,3.239181211372753211e+01
1.732651809720095670e+01,1.223826373823044911e+01,-1.297726195624515988e+01,3.660372003576829769e+01
1.930199460394319289e+01,1.454378871828585318e+01,-1.287685167435774858e+01,3.857869622855528746e+01
1.993874367157945571e+01,1.400537196799179895e+01,-9.750903697169176709e+00,3.832540195051275589e+01
1.908975961726711645e+01,1.093590319618835949e+01,-5.227050126837291977e+00,3.718360876998866615e+01
1.715431337816475832e+01,5.956541865710343053e+00,-1.651837671083146386e+00,3.625913994281340536e+01
1.463067210461511536e+01,1.387117707980790315e-01,-5.628150465337499186e-01,3.543252047521553294e+01
1.215344002827945147e+01,-4.873948541690631409e+00,-1.786014370333338874e+00,3.443036999835700840e+01
1.060929849871147823e+01,-7.355621897947946408e+00,-3.708312792213789510e+00,3.411867726487191277e+01
1.063864120260540602e+01,-6.459102466765650696e+00,-4.437549658627546911e+00,3.560712499898044570e+01
1.203854697598787737e+01,-2.845890861644058134e+00,-3.043483243358273693e+00,3.843027538241087626e+01
1.406334533689146227e+01,1.637812443270139751e+00,-1.032946484193335845e-01,4.082051237977374569e+01
1.627022767386147351e+01,5.052188064785454458e+00,2.749570171849712974e+00,4.170495324491812994e+01
1.861738891692841946e+01,6.410672027667637884e+00,3.927459936980848720e+00,4.128416636903901349e+01
2.074236760452355455e+01,5.955525657643506499e+00,2.873804251636082885e+00,3.967455118431022498e+01
2.176222687668625611e+01,4.587606492511709710e+00,3.016234503034066483e-01,3.644450654600230877e+01
2.111828925105704613e+01,3.043377299900715371e+00,-2.355368097369843650e+00,3.202310625469929306e+01
1.926476574182657231e+01,1.546420480670061659e+00,-3.815505853513675216e+00,2.827163881061207817e+01
1.722302160117603265e+01,1.373233898956544297e-01,-3.629822818943230889e+00,2.667517367501291758e+01
1.572137304990922324e+01,-8.124624982925755523e-01,-2.380614491996131843e+00,2.671663174981973299e+01
1.498471482316215919e+01,-5.758883213010242974e-01,-1.309643114418285847e+00,2.686287736376604229e+01
1.495454102366675464e+01,1.324096074414439439e+00,-1.500691958542396787e+00,2.646044437236403013e+01
1.526310687914000042e+01,4.436039666444401064e+00,-3.075079691234444468e+00,2.581610111172978250e+01
1.525837565066265356e+01,7.341556535327733890e+00,-5.031875991927680758e+00,2.518962109487316425e+01
1.461451106783616893e+01,8.438723461660579517e+00,-5.976036244882017456e+00,2.491220599455153106e+01
1.388261149310831755e+01,7.018956237917500118e+00,-5.209377704615567595e+00,2.598549215250985256e+01
1.396798915596638757e+01,3.824878510034596779e+00,-3.267124175730221403e+00,2.910254583987695298e+01
1.499275196563279167e+01,6.228244751504536936e-01,-1.432895391809182684e+00,3.306051987702557682e+01
1.601779190627184946e+01,-9.517764485885312764e-01,-6.589287924745013125e-01,3.542253083822663484e+01
1.592125335379018658e+01,-4.375630923154533169e-01,-8.319427755342929665e-01,3.504008133320079565e+01
1.423771186336919747e+01,1.304142725969272165e+00,-1.016787652221062377e+00,3.293401606559196892e+01
1.122407947074072609e+01,2.896993442268802177e+00,-4.357996570155686089e-01,3.053440965542054286e+01
7.703254875386694955e+00,3.487286570126173935e+00,7.590697711372818013e-01,2.828439285617526622e+01
5.053473643658696446e+00,3.159783119897626058e+00,1.695732226701275547e+00,2.644976868489034416e+01
4.727238285532597395e+00,2.522822814999121199e+00,1.756579718532855772e+00,2.597149271153298855e+01
7.125794323953111409e+00,2.014676850782547657e+00,1.266851794883928850e+00,2.738066057022090405e+01
1.101607815836048943e+01,1.624350575733618296e+00,1.129300765664257078e+00,2.955485262742513086e+01
1.442180295124360434e+01,1.166142397019696686e+00,1.798490770762133151e+00,3.061093443674457149e+01
1.607087765405528401e+01,6.347806134534654809e-01,2.736475109182319621e+00,2.969410600226316532e+01
1.584416674551773063e+01,1.622937962798058631e-01,2.961554698978899669e+00,2.715203138733926025e+01
1.416473876981750735e+01,-3.292616093775669328e-01,2.082238119030948464e+00,2.354031063593983220e+01
1.148681476529684353e+01,-1.237379589606909081e+00,6.843539505249116583e-01,1.952593711939706367e+01
8.367437531030113007e+00,-2.859487220078036351e+00,-3.188521660905005439e-01,1.635658231688164577e+01
5.558245313330630211e+00,-4.833717161473058965e+00,-6.437484055090687551e-01,1.506457687132137657e+01
3.762146672121988278e+00,-6.118579859563730849e+00,-9.047923512932803947e-01,1.508219294955974732e+01
3.314690172026104165e+00,-5.702624749050382746e+00,-1.952131284877796524e+00,1.474967508617434042e+01
3.922623089983829914e+00,-3.485526656798114686e+00,-3.935994872906633191e+00,1.343206178645370663e+01
4.462479488745100475e+00,-5.381317323770431482e-01,-5.989263803331565050e+00,1.214910817665105114e+01
3.364485202938167330e+00,1.562394219950101082e+00,-6.872407508580312019e+00,1.190776811964481574e+01
-3.112693600885391154e-02,1.852158505751545059e+00,-6.050999296698527985e+00,1.259712147162385598e+01
-4.284155642068890657e+00,6.463612517235081123e-01,-4.201408602838306194e+00,1.401567850287469419e+01
-6.645292927633000168e+00,-8.550615222893626077e-01,-2.600781405324406492e+00,1.667875296672895047e+01
-5.550495463685002129e+00,-1.718327741410680343e+00,-1.949045410008020562e+00,2.053965103527698588e+01
-2.109983017138384209e+00,-2.131488125924199117e+00,-1.792383329453321350e+00,2.383420851780831740e+01
1.148908022866189205e+00,-3.123268390800387539e+00,-1.124232346241452740e+00,2.454929211256739308e+01
2.679540778158628900e+00,-5.369522940090464047e+00,4.858819956222861225e-01,2.271892160869937882e+01
2.755527161567991712e+00,-8.214834309477378582e+00,2.412531376475041345e+00,2.021033839122747722e+01
2.433048704586349587e+00,-9.891881244413337271e+00,3.587845939545688090e+00,1.851905089614467315e+01
2.422283676617789538e+00,-8.850630891247988075e+00,3.496796146277274531e+00,1.779843782820468334e+01
2.884607711185649848e+00,-5.076382444660957560e+00,2.523605041709974017e+00,1.772836653320779021e+01
3.597001599845938369e+00,-2.265316304764102284e-01,1.409269688306205248e+00,1.797704159209735408e+01
4.068515171320394863e+00,3.546792264140831374e+00,5.274770978597639326e-01,1.773455541774509570e+01
3.975235913420458012e+00,5.036001550697928764e+00,-2.507214272046183190e-01,1.619903975756323433e+01
3.743277378338969008e+00,4.466828978670958961e+00,-1.115295798228303381e+00,1.405270467905682708e+01
4.315771694152987337e+00,2.841299390904101330e+00,-1.949719745134858240e+00,1.328724282055044803e+01
6.050164230815965993e+00,1.015743945618229560e+00,-2.471707612725285497e+00,1.476437790762359725e+01
8.138157590633408489e+00,-5.993445545474361813e-01,-2.624351944263848768e+00,1.675840233744928298e+01
9.383153255426208261e+00,-1.737363070619618810e+00,-2.691416756080845740e+00,1.670549751962088436e+01
9.299079799922120415e+00,-2.043456678366706303e+00,-3.018980831075497306e+00,1.380328406547680231e+01
8.257865497195130189e+00,-1.272895760529704656e+00,-3.700135033590796763e+00,9.291332520686612639e+00
6.984113489020917775e+00,4.277876666053652133e-01,-4.538630014810117963e+00,5.029011911326987772e+00
6.313205087238127788e+00,2.600182311903973531e+00,-5.216817094014033707e+00,2.753383726830570755e+00
7.036232829600182370e+00,4.775310846812637955e+00,-5.427159381559351736e+00,3.908374624524503904e+00
9.244996057929803612e+00,6.534607457451165224e+00,-4.943504397820864149e+00,8.630779798669372838e+00
1.180924238210040755e+01,7.328957963125472652e+00,-3.773513835141327988e+00,1.490608676991775994e+01
1.309078452642372348e+01,6.576803814732056885e+00,-2.322848219664446656e+00,1.997851861776448246e+01
1.239645844727674984e+01,4.231548569726215625e+00,-1.262440119406298411e+00,2.285968854271917294e+01
1.043797591703103045e+01,1.184373935601906291e+00,-1.036033278575259287e+00,2.457262155806077786e+01
8.358783024753087432e+00,-1.190362191085932997e+00,-1.464211525215222354e+00,2.595689530654298594e+01
6.760561725172786751e+00,-2.040493110154700140e+00,-1.932547630016904883e+00,2.652647169812089700e+01
5.775403028535158079e+00,-1.525026799161216307e+00,-2.012720936990628040e+00,2.589283048148990218e+01
5.519424214069646339e+00,-3.222501005376928185e-01,-1.829944605408616143e+00,2.499615803113467649e+01
6.060216772731392254e+00,1.091629057215839360e+00,-1.772061376153178269e+00,2.497687543416392586e+01
7.226073665223357700e+00,2.468284749209560314e+00,-1.914974098444494732e+00,2.565036853507713843e+01
8.791621419757101208e+00,3.284448122483967669e+00,-1.863901404452969368e+00,2.602488465725947009e+01
1.061316528100759449e+01,2.702981188190614059e+00,-1.197069231791743071e+00,2.566704218546135863e+01
1.226426777121079503e+01,3.912700839209992121e-01,1.350647671937470901e-02,2.458722393129644601e+01
1.284873719541819348e+01,-2.665428982276074166e+00,1.194025626061521628e+00,2.237749291290714027e+01
1.172193142086767992e+01,-4.493107205043743058e+00,1.757309635182087604e+00,1.869517815805798122e+01
9.359836641078452146e+00,-3.612987753224423226e+00,1.554082456662768008e+00,1.438573564645943392e+01
7.057564101296433634e+00,-4.075906920437878389e-01,8.782277786452638013e-01,1.096180537530582733e+01
5.700376068440069943e+00,2.952454851571283179e+00,1.261366344933195494e-01,8.960602047093232159e+00
5.158424657825507076e+00,4.091788912147681145e+00,-5.016075499556753581e-01,7.840651771655950952e+00
4.862196393486854618e+00,2.252674925215503166e+00,-1.020351629340132682e+00,7.463193683853297955e+00
4.500195671432819289e+00,-1.143422075707276830e+00,-1.495436129163045580e+00,8.381128407560121119e+00
4.026139316106594812e+00,-3.657585774896353392e+00,-1.935169197562207843e+00,1.030195803312440894e+01
3.461756037670527419e+00,-3.760115615335139161e+00,-2.352799090998707321e+00,1.153514179832879449e+01
2.997013770730613036e+00,-1.918001160983816344e+00,-2.864095103529336050e+00,1.079145389868497240e+01
2.940149892097789319e+00,4.351745447820574292e-02,-3.622754164741347704e+00,8.723689261023384489e+00
3.231476924317614241e+00,6.560021427356477197e-01,-4.597088413446579480e+00,6.954368004174728668e+00
3.274812023116575599e+00,-4.075363750702352961e-03,-5.429438783809158231e+00,6.332281689702615957e+00
2.611653638378557130e+00,-6.818007048684151528e-01,-5.611966160105890999e+00,6.895015783614275584e+00
1.563651881114071163e+00,-3.630577091820070268e-01,-4.936552054498934083e+00,8.642415009222174760e+00
8.511230947972285854e-01,7.126900759697691878e-01,-3.871078850015314821e+00,1.111238107050006008e+01
7.524133470989076145e-01,1.410617017417614250e+00,-3.454967858854808060e+00,1.271567263747038901e+01
1.022852353218864252e+00,1.002043180190245630e+00,-4.610428654271657045e+00,1.192420401616965009e+01
1.467086739363379300e+00,3.591472033244082901e-02,-7.280817225148092930e+00,9.175886151112731426e+00
2.083383596751009925e+00,-1.950385657941546558e-01,-1.012358076134355933e+01,6.538210065238495794e+00
2.683123150869048068e+00,8.446402026619084236e-01,-1.120286390412763744e+01,5.432860304051922107e+00
2.934807393508394924e+00,2.003224364475848063e+00,-9.315432559299344106e+00,5.687626105680708477e+00
2.958953530816908817e+00,1.232289907878235224e+00,-4.931161533448245038e+00,6.779625704839106426e+00
3.410236171983047182e+00,-2.421643457838677627e+00,4.738809778126431421e-02,8.620311877239474896e+00
4.659258533446439365e+00,-7.482039643459515332e+00,3.520570431686225632e+00,1.065057468849298239e+01
6.184879909599272807e+00,-1.078172889492469189e+01,4.448588473543431121e+00,1.151146303387197278e+01
7.066393088853595295e+00,-9.798326744433870417e+00,3.277342685949900858e+00,1.062865338678839855e+01
6.870264600823511536e+00,-4.615530628787982259e+00,1.420512974979297072e+00,9.294393143371118882e+00
5.836236298079017892e+00,2.093351951550933343e+00,2.771190724588300514e-01,9.147172386010860023e+00
4.484740999866152045e+00,6.901574564662814382e+00,3.978453948439922283e-01,1.013471989227839387e+01
3.386440855702159247e+00,7.733521825858330700e+00,1.264777091374471585e+00,1.094969620735734317e+01
3.064155628820443678e+00,4.797552869131514797e+00,1.825702465062586377e+00,1.097472368251326991e+01
3.622967493425118590e+00,6.393081580792764340e-02,1.428734691532304701e+00,1.068074240742497416e+01
4.510024439834668719e+00,-4.012336152510296294e+00,4.295155969480292102e-01,1.042427060777744607e+01
5.044254981463163645e+00,-5.677203141772909412e+00,-5.805856472392841028e-02,1.010834282532780648e+01
5.179158401126501943e+00,-4.528227415520820642e+00,9.167544822711495289e-01,1.002967682317632736e+01
5.358801955450972265e+00,-1.526861915475269615e+00,3.291677874938516712e+00,1.082077238721054968e+01
5.637934869795969917e+00,1.609183069257767995e+00,5.852658748222605567e+00,1.224968203834687230e+01
5.439377506987920441e+00,3.404431061115607893e+00,6.883544406466748811e+00,1.313244415830054734e+01
4.338362605301702146e+00,3.435873135236937603e+00,5.189905378878667541e+00,1.283196827836517606e+01
2.661698512959132845e+00,2.358529273966453399e+00,9.070843910621757544e-01,1.185750953193208090e+01
1.088904042943580341e+00,1.142111697220492772e+00,-4.392628653032400798e+00,1.052658546560602204e+01
4.701086941168227534e-02,2.243918834022091136e-01,-8.433125171163112554e+00,8.170720691111140965e+00
-2.270185866875115699e-01,-6.431004278946722552e-01,-9.449059002184011291e+00,4.570865447555618744e+00
5.635142969075581654e-01,-1.784220021916370191e+00,-7.163412185530327214e+00,1.312679763608630257e+00
2.482583292869051661e+00,-2.941084731387297868e+00,-2.907497274903457551e+00,5.313699447404767184e-01
5.013298300519412720e+00,-3.336237620920889935e+00,1.188402951157303988e+00,2.639914056461136749e+00
7.451373735831655409e+00,-2.427591988237940868e+00,3.404875309551338880e+00,6.169014911751263597e+00
9.554812650304194577e+00,-5.449018206363005490e-01,3.303558790399176992e+00,9.432061005288632671e+00
1.140472715036779938e+01,1.286579315062325035e+00,1.787752552271218320e+00,1.139833245016031782e+01
1.271852310575676803e+01,2.144508072772379759e+00,3.841180192532276938e-01,1.143664661369067659e+01
1.279910721764638204e+01,1.815393374754285416e+00,2.128336411979565856e-01,9.659421048262498033e+00
1.125233162476847504e+01,6.926983037783818187e-01,1.289693164563193939e+00,7.628967341309529360e+00
8.384998664539184077e+00,-7.716767441825396201e-01,2.596699409460097474e+00,7.388863258154835911e+00
4.853756217741691970e+00,-2.417156796147882591e+00,2.843288580996985448e+00,9.271414095235998687e+00
1.353858111166052147e+00,-4.180244246530201657e+00,1.381067275502181779e+00,1.158056252542915487e+01
-1.269307646492010555e+00,-5.621153551201309995e+00,-1.324688834640697754e+00,1.283491806372539834e+01
-2.209169492650804756e+00,-5.808470356143850211e+00,-3.945762347141874571e+00,1.329951972618593281e+01
-1.460507970954630474e+00,-3.946790664829021189e+00,-5.106563987917931868e+00,1.372463771755587203e+01
-1.051489067387404858e-01,-3.264932836593971155e-01,-4.253843303836880807e+00,1.369526023864091435e+01
6.023513432396659928e-01,3.427928802447326895e+00,-1.980145939934309096e+00,1.231786991379196650e+01
3.407590557551350985e-01,5.371779262365927288e+00,4.416715764332860839e-01,9.838427877865704829e+00
-3.163866285506966580e-01,4.772853821916704042e+00,1.915130753371675043e+00,7.383218127840044609e+00
-7.833791422102261981e-01,2.696626283252038903e+00,2.063762200997021345e+00,5.446605403462802641e+00
-9.140426448878358201e-01,1.028787428087130307e+00,1.164579412039995709e+00,3.751044944416603855e+00
-7.506442864561749806e-01,9.084927508477029789e-01,-1.891056048510651177e-01,2.391139435862861262e+00
-3.073129652581154669e-01,2.080823645794666277e+00,-1.286728255944473265e+00,1.938025756371601904e+00
3.840985083360147767e-01,3.590174482623524455e+00,-1.435045899095154454e+00,2.351144527347874824e+00
1.370273609703491768e+00,4.845669996365389309e+00,-3.070049254105688963e-01,2.838210798708771687e+00
2.867535092792882878e+00,5.931661884987326161e+00,1.666603968847365946e+00,2.928169572040824065e+00
4.800860941527869130e+00,7.081207114877544839e+00,3.425517909089330182e+00,2.639300987276742561e+00
6.238127930287673983e+00,8.147394341777840054e+00,4.077558943714955753e+00,1.422278548220873295e+00
5.901179892805362037e+00,8.745499373126250475e+00,3.710564885638708787e+00,-1.733185737098697388e+00
3.605861173839170153e+00,8.854105210231031364e+00,3.416642397447554824e+00,-6.448653934396578080e+00
7.938485542963499286e-01,9.096564514483731045e+00,4.463042879997934698e+00,-1.036680281003306980e+01
-8.503485689691424598e-01,1.026357939808017328e+01,7.325574110128815875e+00,-1.154630507780694160e+01
-1.190148652807990315e+00,1.250915607885335490e+01,1.135441908631994323e+01,-1.086845256718925867e+01
-1.751498503719647104e+00,1.511211200146985334e+01,1.525759433689546007e+01,-1.107578554097391077e+01
-4.236896789915118866e+00,1.716597848619323585e+01,1.796578749884106330e+01,-1.385816020338875809e+01
-9.240080604544692378e+00,1.852231557527278127e+01,1.923408372449794612e+01,-1.880761453845305553e+01
-1.616655776036752812e+01,1.992002279445616963e+01,1.961249528183687474e+01,-2.471884462447724573e+01
-2.384323300620324915e+01,2.203772421597835418e+01,1.992927305427492257e+01,-3.062892234941444514e+01
-3.116654620199486203e+01,2.442063544652079798e+01,2.075372262246930077e+01,-3.573081555921415742e+01
-3.763757429171407409e+01,2.552343702870977182e+01,2.217969238922063013e+01,-3.965872286062142393e+01
-4.346533144280636662e+01,2.406559576162160852e+01,2.390568966296006082e+01,-4.318499465802434401e+01
-4.891694364356251867e+01,2.051390582201962332e+01,2.541640988828790171e+01,-4.753076625838668434e+01
-5.360006975150535879e+01,1.720143599794925393e+01,2.618457750499778314e+01,-5.258722166811443088e+01
-5.683171280116253143e+01,1.675807029524681013e+01,2.589834898830194732e+01,-5.683733785305913955e+01
-5.880241629120494906e+01,2.008800306288034321e+01,2.460365574420536916e+01,-5.950289746072239438e+01
-6.078480430864161121e+01,2.556850559993370453e+01,2.257838267080455097e+01,-6.167126818588105408e+01
-6.371052707588843589e+01,3.006835512079375405e+01,1.997502445925251280e+01,-6.449737098023651072e+01
-6.678814033413438267e+01,3.089809220275264323e+01,1.659044531681113099e+01,-6.719309781729300823e+01
-6.796046272326776716e+01,2.725389977680615061e+01,1.211963226205142519e+01,-6.780496624680293394e+01
-6.565850369920825358e+01,2.034988534877168931e+01,6.804039718718925656e+00,-6.535779339603026017e+01
-5.988430633882025944e+01,1.245953765311330841e+01,1.871558969394495620e+00,-6.021186747724044608e+01
-5.185075359681962226e+01,5.681843759209738387e+00,-8.621670299151452665e-01,-5.286133432690742495e+01
-4.302694645878891322e+01,1.171027216015713357e+00,-2.033128515592904639e-01,-4.365410395511509734e+01
-3.440723921197862722e+01,-9.309488632928595297e-01,3.294162364242060548e+00,-3.350600763450443509e+01
-2.613906067482697893e+01,-1.114622952409037193e+00,7.378759366169991729e+00,-2.361282170078631637e+01
-1.771252343649029726e+01,-9.717532266314660161e-02,9.529671946589862941e+00,-1.432263759104507628e+01
-8.889654485467090694e+00,1.352532059727792779e+00,8.672848128882103325e+00,-5.380807382979115872e+00
-5.731126790246569014e-01,2.369476441119518384e+00,5.707837010730662186e+00,2.568140325158862591e+00
5.616771444723543283e+00,1.957190615512404586e+00,2.422876869068181449e+00,7.975438259551264508e+00
8.838840059513170644e+00,-7.351113383666394441e-01,-1.109219389609961554e-01,1.039429543153277358e+01
9.856093997259719686e+00,-5.760154814041929860e+00,-2.153493216215021100e+00,1.139392688510438489e+01
1.025711346788250999e+01,-1.181167150973587709e+01,-4.487228300143410564e+00,1.273522255872078013e+01
1.120910929137421874e+01,-1.650391842336973269e+01,-7.162764681006466461e+00,1.455033517244594421e+01
1.314375047276078767e+01,-1.771198125462020201e+01,-9.097337188665768792e+00,1.619478839811386095e+01
1.612761728161163077e+01,-1.513169468469523871e+01,-8.909949803559232606e+00,1.803667848342651681e+01
1.991536513911533035e+01,-1.070819997630587750e+01,-6.253871518077569469e+00,2.114861825207037782e+01
2.375380251588211422e+01,-7.354759942364522907e+00,-2.523127823052065288e+00,2.557583255473863204e+01
2.667968645908855763e+01,-6.873182010827712851e+00,-2.827275359958165701e-01,3.001404736983575106e+01
2.815255073795332308e+01,-8.794363067851879379e+00,-1.667887887979961237e+00,3.303663418142640040e+01
2.821203505104944043e+01,-1.112962676632052883e+01,-6.798770046249143384e+00,3.371409656008277267e+01
2.719586320687650982e+01,-1.232207740281618591e+01,-1.344653873797122934e+01,3.140455688369377896e+01
2.574438189791657194e+01,-1.256310657347835935e+01,-1.840414914295703497e+01,2.637968228435297391e+01
2.498458246769930113e+01,-1.324361273746159995e+01,-1.962488422793535037e+01,2.086930159126190887e+01
2.603462542556568238e+01,-1.516649148056250596e+01,-1.741569835690417989e+01,1.810635788051519057e+01
2.895096343147024243e+01,-1.741434764036416993e+01,-1.376509412404833732e+01,1.953292704330286256e+01
3.243099907935329895e+01,-1.807768093565651313e+01,-1.059714116707832865e+01,2.359468315710144992e+01
3.480410882293586639e+01,-1.608837999813221842e+01,-8.595710383627807261e+00,2.764928254707741218e+01
3.517077939947051135e+01,-1.227585617803572582e+01,-7.405513762904904596e+00,3.019596410687885069e+01
3.359010508065175316e+01,-8.652999096853246641e+00,-6.576582886958609819e+00,3.083832707483465541e+01
3.069248651446500631e+01,-6.768400599180658617e+00,-6.132111960308031406e+00,2.934261943327786426e+01
2.749435406677017113e+01,-6.723547879521318826e+00,-6.338524401390403185e+00,2.597697089229007261e+01
2.519277747076527874e+01,-7.543957961361061670e+00,-7.147460360729320783e+00,2.215771242581278599e+01
2.449294155032752229e+01,-8.243318621215964370e+00,-7.991729543210943199e+00,1.949134453223075170e+01
2.507961266777818210e+01,-8.511189507854913572e+00,-8.146269858167237032e+00,1.833434951116949918e+01
2.606698677002328779e+01,-8.582885192657677464e+00,-7.282700493264551156e+00,1.819934267670720729e+01
2.690275600980399417e+01,-8.644052280725723847e+00,-5.694533261303242000e+00,1.918276523350743190e+01
2.750316062329482136e+01,-8.404106735855474852e+00,-4.032569110133563228e+00,2.170987790058756062e+01
2.766893978820009892e+01,-7.230119297825979174e+00,-2.852947279793839552e+00,2.492757142754607003e+01
2.696591913055888767e+01,-4.756297193248791189e+00,-2.372191345546442953e+00,2.677321316964857800e+01
2.531579624643034165e+01,-1.454426262727251729e+00,-2.521864908572761799e+00,2.612618022396654993e+01
2.321653351211359251e+01,1.419071384067335684e+00,-3.101088619547883063e+00,2.385671998978830288e+01
2.115377325464148939e+01,2.601638009810014474e+00,-3.845672096796087569e+00,2.126598942447037999e+01
1.920857079929378486e+01,1.728695560572803158e+00,-4.442489706133963878e+00,1.853365960413131575e+01
1.749772769645243287e+01,-4.399795716956686475e-01,-4.599973779612667180e+00,1.540235821311509667e+01
1.653521714062827996e+01,-2.684764104037214771e+00,-4.171305886949081554e+00,1.241510842871146991e+01
1.665880600496595321e+01,-4.271010910173593800e+00,-3.225223724240406487e+00,1.042781162940847395e+01
1.729504684970249428e+01,-5.327909059502106359e+00,-2.012204679570857024e+00,9.444219961388897744e+00
1.723474257438780910e+01,-6.378438085572492255e+00,-8.776746692765966529e-01,8.878847214769510998e+00
1.560126040594272290e+01,-7.539172230795473162e+00,-1.725274771455892753e-01,8.535011455283921578e+00
1.233756462812407939e+01,-8.202486566061716999e+00,-1.352726924582466905e-01,8.379585128459764221e+00
8.022589899130133873e+00,-7.547692295358277903e+00,-7.374569294632880023e-01,7.774869775145453410e+00
3.669542045878023906e+00,-5.433197457503013084e+00,-1.615329771153934058e+00,6.092432068539224588e+00
5.203443013952742113e-01,-2.810677273522110831e+00,-2.240273684973136170e+00,3.912127833032660984e+00
-6.358363096417390947e-01,-1.163995406050641668e+00,-2.276821241606341140e+00,2.368355179525370335e+00
-1.651807353953311241e-01,-1.349863196836172952e+00,-1.847977071906781399e+00,1.218199601099535734e+00
7.495259755184365824e-01,-2.845847677644530282e+00,-1.461545486779741942e+00,-1.144097485795352309e+00
1.277302149424154543e+00,-4.144127532516663770e+00,-1.636203754925120490e+00,-5.294771929877378547e+00
1.418351836661375875e+00,-4.012573266985072884e+00,-2.527541911078526216e+00,-9.545839747851806223e+00
1.268673159884625257e+00,-2.529020818895912015e+00,-3.853869556912420613e+00,-1.181403353788256361e+01
4.107657426002628287e-01,-9.959088336492486482e-01,-5.148485022359984953e+00,-1.185182842133376369e+01
-1.528040455315226698e+00,-8.458777098202512335e-01,-6.066239425677476760e+00,-1.090482751368120873e+01
-4.073355081303513536e+00,-2.475719305958135941e+00,-6.469082016743853636e+00,-1.002857266195735342e+01
-6.163205643203450101e+00,-4.915929053165124962e+00,-6.320744596134637128e+00,-9.674792878533938989e+00
-7.056876389308238018e+00,-6.531125066677749835e+00,-5.639548287674137406e+00,-1.014219383176241962e+01
-6.612235268312391057e+00,-6.194762632062638552e+00,-4.595619621637888841e+00,-1.113371640095219384e+01
-4.915247724243726246e+00,-4.076106817826005368e+00,-3.555808279454446996e+00,-1.123237302596379550e+01
-2.263014887171057143e+00,-1.454284411944012145e+00,-2.919012652363099480e+00,-9.180689000687964452e+00
4.232323315069712599e-01,3.002932551218684964e-01,-2.879812959168330799e+00,-5.777888844807990587e+00
1.718243252230068796e+00,7.179454789459835951e-01,-3.347843361206226387e+00,-3.437804818323123346e+00
5.580440269778061957e-01,3.055188202800674935e-01,-4.028636842709028443e+00,-3.697194006206238281e+00
-3.119528047848026731e+00,-3.103284389859082837e-01,-4.523143035241042220e+00,-6.066195921178056949e+00
-8.506309314056498039e+00,-1.212547741200750151e+00,-4.422395966241818854e+00,-9.332154273255095944e+00
-1.425729441855486357e+01,-3.051043211673929001e+00,-3.472142686074125795e+00,-1.271024984448889761e+01
-1.866389479718504418e+01,-6.042609991115326373e+00,-1.751174946673521360e+00,-1.529776928813178571e+01
-2.020542092205617379e+01,-9.206166304953264046e+00,3.129444042380051805e-01,-1.577248510203756915e+01
-1.858933196797155318e+01,-1.077740131641257726e+01,2.139969325336086747e+00,-1.373777818425141639e+01
-1.516843374583172555e+01,-9.593897550447318068e+00,3.252675574438587347e+00,-1.066547141792676001e+01
-1.194804619801537449e+01,-6.207390469714199277e+00,3.427247516401100480e+00,-8.528673679194493928e+00
-1.013281359649887570e+01,-2.618023574972091705e+00,2.710709612722735251e+00,-7.952034645074633978e+00
-9.664205286984804744e+00,-7.898308572427537033e-01,1.369714443358304834e+00,-8.451371889179819519e+00
-9.776549918299963338e+00,-1.268580886386796891e+00,-1.827245851558935708e-01,-9.780802625096111313e+00
-9.596624546396252953e+00,-3.069888787480657300e+00,-1.491576091236793911e+00,-1.186030456269598155e+01
-8.478271095993257234e+00,-4.717530675362339387e+00,-2.213114202144338627e+00,-1.377972595321068106e+01
-6.382477575577043538e+00,-5.296134897279931586e+00,-2.273935112273809622e+00,-1.427749698936013978e+01
-4.018476870843904258e+00,-4.646028702614975359e+00,-1.926269963954686526e+00,-1.334528394752077496e+01
-2.201453518362269879e+00,-2.908439429981895419e+00,-1.614098635661970205e+00,-1.226085321432280395e+01
-1.006900575602766024e+00,-2.552024143977101867e-01,-1.692504164591584148e+00,-1.184443161248466758e+01
6.230950587951280401e-02,2.833392826794666419e+00,-2.183620571437447477e+00,-1.175307967423010069e+01
1.057737679735726744e+00,5.295150448585078884e+00,-2.778888455466676177e+00,-1.176483153367364842e+01
1.275205521972709644e+00,5.937040653484532804e+00,-3.133281142533644648e+00,-1.252074304042670327e+01
2.114544493938571301e-01,4.447815789617873605e+00,-3.225290320544590639e+00,-1.427106644561684590e+01
-1.606798914563408065e+00,1.925243044105668933e+00,-3.437338887070104931e+00,-1.586990048358395811e+01
-3.120234657790739607e+00,1.430026074357586552e-01,-4.234073857204609048e+00,-1.596676641536577179e+01
-3.797747209205890151e+00,3.231142920110631478e-02,-5.696515209770550037e+00,-1.456719107048991546e+01
-3.901462088613798951e+00,7.685659946322899172e-01,-7.302960082504720951e+00,-1.255494735667468298e+01
-4.003505806117239274e+00,4.518800649201261121e-01,-8.120031581053991587e+00,-1.029886980677115815e+01
-4.642783061006851675e+00,-2.047246973207749399e+00,-7.279045547349626055e+00,-7.772336028428633803e+00
-6.180779428078104765e+00,-5.690486038001203006e+00,-4.504524917929781047e+00,-5.567128478449999918e+00
-8.398849691211637492e+00,-7.749929085932861561e+00,-4.394927498135676180e-01,-4.524061255459824515e+00
-1.025146855605274432e+01,-6.010105304387341363e+00,3.501934383976370579e+00,-4.450312949644462002e+00
-1.056427609925220246e+01,-8.849798338841956546e-01,5.840050103577038243e+00,-4.359499104256868485e+00
-9.156712514342629561e+00,4.487451202195993361e+00,5.928653485954096247e+00,-4.034040270435982123e+00
-6.947717541502621330e+00,6.444804221423517276e+00,4.369982210723410532e+00,-4.185987499366909503e+00
-4.890981071396176105e+00,3.591610217707071229e+00,2.546654674386561013e+00,-4.865347202253389014e+00
-3.212754689248181084e+00,-2.042423543005043474e+00,1.598132986580677040e+00,-4.978313863973351516e+00
-1.799220396876288097e+00,-6.411908358687829157e+00,1.666405188012725969e+00,-3.970856345992395120e+00
-7.865376346312658029e-01,-6.392257942421609052e+00,2.019358916970662055e+00,-2.886789856196575688e+00
-3.508374848570202098e-01,-2.034796688566992362e+00,1.911067169877618488e+00,-2.919550060846596740e+00
-2.271813002666470405e-01,3.566666369484706500e+00,1.389954592458590543e+00,-3.784891088296761463e+00
9.709582998719930302e-02,6.642272163907025906e+00,1.283963794445498685e+00,-4.471659983609238331e+00
7.956271591126780063e-01,5.422768349057264459e+00,2.329288315533932341e+00,-4.869662282529010788e+00
1.602810982060294709e+00,1.068158744092722268e+00,4.254686521738526572e+00,-5.528823182359318800e+00
2.170263534028990637e+00,-3.613223618128701187e+00,5.752635142346875341e+00,-6.299529387617377907e+00
2.253745772691872595e+00,-6.304428887689506489e+00,5.465437065501385305e+00,-6.443790619093726413e+00
1.756092948742641324e+00,-6.400134839005866993e+00,3.147359849656035991e+00,-5.897161949710652884e+00
9.897109802492108921e-01,-4.667798931259451223e+00,-2.231692245120073248e-02,-5.241734018440474152e+00
7.402214699587414959e-01,-2.177502236849718997e+00,-2.269367992715630056e+00,-4.483042958556863411e+00
1.518914010557585126e+00,2.823305068666013273e-01,-2.555739969937190548e+00,-3.092017948901079283e+00
2.697026924648355806e+00,2.021020103626574027e+00,-1.381067571317920128e+00,-1.441343370995968431e+00
2.908499976698591727e+00,2.289096535271773369e+00,-3.974049517419189215e-01,-9.293761390517218945e-01
1.550693080911955235e+00,8.142206566815565205e-01,-1.053341863382144750e+00,-2.117024678514800140e+00
-4.763989551504980158e-01,-1.503113854771124469e+00,-3.300607946674628757e+00,-3.746794367423173622e+00
-1.749241465136787799e+00,-2.905320500129219496e+00,-5.478861575059284839e+00,-4.273511817992046602e+00
-1.728880788471491847e+00,-2.268885482145690968e+00,-5.585499555379157322e+00,-3.522614716342034047e+00
-1.023342566316269631e+00,-3.449970642782648200e-01,-2.918882228211626018e+00,-2.153421810034925610e+00
-6.831965222672792271e-01,7.556602136734333897e-01,1.286605450082327184e+00,-4.009864392747594097e-01
-1.586966124445909010e+00,-4.842858341004051548e-01,4.731804539286551758e+00,1.619810063959949753e+00
-4.082300128087182678e+00,-3.557303812796856590e+00,5.652055916252558099e+00,3.033489800512342516e+00
-7.550730446571749965e+00,-6.412938722416898329e+00,3.887101063449935001e+00,2.887446027314008568e+00
-1.037354932412413078e+01,-7.174145142443120626e+00,7.601967890059868616e-01,1.503456299778354710e+00
-1.095560643961458247e+01,-5.342396329321092097e+00,-1.937130064946269492e+00,9.263464490694500730e-02
-9.088760674816050766e+00,-1.711997305159074445e+00,-3.029644315483163819e+00,-8.295278917139587982e-01
-6.149718008159561045e+00,2.336632306207842902e+00,-2.421294839820186784e+00,-1.616383012449076784e+00
-3.943725798232967872e+00,5.320388970843822563e+00,-8.003763509409569377e-01,-2.262879910743226475e+00
-3.512641909363294790e+00,5.925769491747470141e+00,1.006022430030793169e+00,-2.325014113520117220e+00
-4.786502528355033093e+00,3.516067230545651956e+00,2.476564236596836999e+00,-2.237009904628005419e+00
-6.724003033685508335e+00,-1.207947066041141548e+00,3.403145644668290615e+00,-3.290048920797504994e+00
-7.655146043503329167e+00,-6.109074889053749402e+00,3.657133190429779468e+00,-5.599404789043473052e+00
-6.191151058295175424e+00,-8.585268111556406012e+00,3.058919702774739235e+00,-7.224247252056582802e+00
-2.433954918595569339e+00,-7.165467891433197067e+00,1.509367207730444305e+00,-6.299702092420439214e+00
1.849354600503947399e+00,-2.547357638455700624e+00,-7.317413225716352665e-01,-3.341649364082969864e+00
4.637348951445472878e+00,2.806226851288066371e+00,-2.890431470788600077e+00,-5.577466864949229830e-01
5.219873062053957291e+00,6.251017593116061200e+00,-3.900127842022006686e+00,4.797834971856351771e-01
4.305977572922207841e+00,6.522645208117660687e+00,-3.024918082639517891e+00,-4.202374492044833598e-01
3.018001416514369151e+00,4.197676006999381038e+00,-5.061751024281645472e-01,-2.849129862446044825e+00
2.200060395320891260e+00,9.756764837042048999e-01,2.373452879887228750e+00,-5.914999717897818421e+00
2.323969564233752116e+00,-1.438264984254329359e+00,4.051483323316092289e+00,-7.907677574215772331e+00
3.257029791569468369e+00,-2.089305590292259929e+00,3.747646813716905445e+00,-7.435049568789231955e+00
3.988910052915277227e+00,-9.899389021521076693e-01,1.933986160373924124e+00,-5.246197139296800316e+00
3.228829109677426423e+00,1.043935808733766457e+00,-1.700167594244162694e-01,-3.786276342910626092e+00
6.865194100523488441e-01,2.866300200809697607e+00,-1.584200519537823926e+00,-4.506021212709798718e+00
-2.475006608661701968e+00,3.677461678616031016e+00,-2.205044191977083567e+00,-6.510688354347809792e+00
-4.666342362873230343e+00,3.478711887078094200e+00,-2.692277727271025434e+00,-8.171092000195120164e+00
-5.129209947489723476e+00,2.869668234530949658e+00,-3.826069696678905618e+00,-8.962519624171166654e+00
-4.113794565016119620e+00,2.361673795793218122e+00,-5.833971580623070530e+00,-9.125253775197730732e+00
-2.291537902723852937e+00,1.934099085616853397e+00,-8.126438098804170451e+00,-8.657359466399599413e+00
-3.641513679278620130e-01,1.289967280722013498e+00,-9.632343791028789681e+00,-7.716642530179441906e+00
1.083487364022551969e+00,4.537068826094335927e-01,-9.507577672850555217e+00,-7.264321626627605610e+00
1.849384349038535547e+00,-2.361774138943434007e-02,-7.650352686584444228e+00,-8.084515551224354724e+00
2.148073247693603527e+00,4.752094743095822138e-01,-4.647675444585605220e+00,-9.516221090156168572e+00
2.038489160763103492e+00,1.956441789707973999e+00,-1.374466863490501956e+00,-1.026526376324518885e+01
1.004388385340255541e+00,3.593765951296742589e+00,1.299967812130103928e+00,-1.026008526700958434e+01
-1.407090261723173530e+00,4.209594579831066774e+00,2.654106146102940489e+00,-1.059594765617699785e+01
-4.582657307822064041e+00,3.086652872663019576e+00,2.384164916440744797e+00,-1.171608951541579735e+01
-7.005839838863857416e+00,4.694778406512020164e-01,9.319974145674221333e-01,-1.279766140961283760e+01
-7.560689781712759405e+00,-2.607536823835407080e+00,-6.331482702272253071e-01,-1.305655959926888698e+01
-6.334290706706291907e+00,-4.985485436235421730e+00,-1.339572021757444054e+00,-1.250959251487109114e+01
-4.136316940921953567e+00,-6.022193552268415573e+00,-1.010092322115609065e+00,-1.115237278436266521e+01
-1.771401093948737682e+00,-5.797851867640957835e+00,-1.972088677679030844e-01,-8.603923321448354145e+00
3.602560089152812006e-02,-4.854636030316527240e+00,5.302986206661448598e-01,-5.238173675012141928e+00
6.342614174730318855e-01,-3.738368206664484994e+00,1.117192848054630261e+00,-2.643480630894127437e+00
-3.991136817874642306e-02,-2.639798306017802076e+00,1.838021797383076583e+00,-2.012485523465404214e+00
-1.139429271806712274e+00,-1.311702762388731625e+00,2.728469284973036757e+00,-2.706095082364486704e+00
-1.574433166169270537e+00,6.734767056306364408e-01,3.317938483748531731e+00,-3.246081471830071230e+00
-9.812709899651057555e-01,3.416373485858068104e+00,2.946867916834657208e+00,-3.137783343949901660e+00
1.895525529985513102e-01,6.272841910369527874e+00,1.388086771188469015e+00,-2.820909847598900733e+00
1.317631824306906285e+00,7.956569951584032907e+00,-7.469477554497563343e-01,-2.431189145687218112e+00
1.985843831112001912e+00,7.280211847379018941e+00,-2.227552720551796650e+00,-1.813643552671210912e+00
1.968967100323503416e+00,4.125414550964437765e+00,-2.047162546283208595e+00,-1.439739426978167147e+00
1.447848976210952099e+00,-7.095010757078429320e-02,-2.887546517450664263e-01,-1.950182973071544090e+00
1.220733279777165725e+00,-2.864861115431818650e+00,1.828159522371222589e+00,-2.709257295137418087e+00
2.066181486199238471e+00,-2.312911334627152371e+00,2.914729742907662402e+00,-2.114978548038388695e+00
3.628676932341860173e+00,1.488264105573346763e+00,2.542582669150945662e+00,2.376161240410953890e-01
4.384159295979241477e+00,6.162387147746867022e+00,1.452716621763095350e+00,2.777521034189156079e+00
3.069604561467578208e+00,8.653396824795272835e+00,7.250436473589864095e-01,3.852959321320638342e+00
-7.921244393100035364e-02,7.543135879169580171e+00,8.496035079207756580e-01,3.438292507039075740e+00
-3.697850886346981447e+00,4.064493786499827621e+00,1.579256833640830804e+00,2.384351310389928980e+00
-6.552863070042816318e+00,8.711149344104276437e-01,2.458276275074303019e+00,1.027771800956750692e+00
-8.181303320203262786e+00,-2.298488133269524503e-01,3.256462341724824405e+00,-5.124505355050836819e-01
-8.726468639219994827e+00,5.437698049071560957e-01,3.885635743735350367e+00,-1.493570427383718036e+00
-8.714335791672116471e+00,1.690100718221605680e+00,4.146996987272799196e+00,-1.228922454632675798e+00
-8.865568360267637615e+00,1.944713189954649035e+00,3.843013668669960747e+00,-2.352572382788475913e-01
-9.612935292645255814e+00,9.982028632204528185e-01,3.187498741015968307e+00,3.702712306862275260e-01
-1.075296072043497730e+01,-8.740155189221739951e-01,2.877767019043826036e+00,3.619965936924810501e-01
-1.187889865443833592e+01,-3.324717096911289804e+00,3.474269561044594390e+00,2.681486981981769380e-01
-1.303855497017659459e+01,-5.896165882969456540e+00,4.632360766231231608e+00,2.796148675290900665e-02
-1.447386255914823572e+01,-7.795790521464435407e+00,5.144705288533848453e+00,-8.958185651781291892e-01
-1.568831653378713042e+01,-8.151189409372319616e+00,4.022604981495993215e+00,-1.983087813194730487e+00
-1.533078152930510463e+01,-6.661946807017470107e+00,1.651012588455039509e+00,-1.628377153725847792e+00
-1.231697002949000996e+01,-3.943788089987727119e+00,-2.465500133624164425e-01,7.571859522019221966e-01
-6.851115890501265682e+00,-1.170412148765699989e+00,-1.023693080839726058e-02,3.631707503776252288e+00
-2.907236488692502840e-01,6.773484458232025274e-01,2.426037192095383599e+00,4.974977992832691598e+00
5.598262362640348044e+00,1.379525471221686894e+00,5.336499942307148636e+00,4.244464379881152993e+00
9.186173820465445061e+00,1.513605328866715727e+00,6.546338946075244358e+00,2.111708943285895757e+00
9.531754444009937544e+00,1.964985726409843370e+00,5.109826121046622482e+00,-7.331272651814548791e-01
7.139804970432837017e+00,3.228220556639534777e+00,1.930718958058907475e+00,-3.515103680455438528e+00
4.030360956072327916e+00,4.974421008103635522e+00,-1.029739023487505456e+00,-4.939933219470825421e+00
2.420099953636694057e+00,6.195410656307861252e+00,-2.185614780495040765e+00,-4.229799185145471263e+00
3.087242333088608515e+00,5.838629189815493170e+00,-1.327464038602036656e+00,-2.408712128611421921e+00
5.109156581684072052e+00,3.557631934404574370e+00,3.871521239438187045e-01,-1.412961179386754251e+00
6.971938219634594702e+00,1.576620814089094158e-01,1.310102795147313870e+00,-1.964735774815207892e+00
7.571377291258704290e+00,-2.603215361361550517e+00,4.085072819011560386e-01,-3.315009166351916114e+00
6.381512259210821547e+00,-2.957250162801381865e+00,-2.111364177468750825e+00,-4.923198262182677531e+00
3.402508088208553438e+00,-3.697739498343040609e-01,-5.015643560767998999e+00,-7.058016299517103853e+00
-7.516045072051427134e-01,3.886071734117953813e+00,-6.866867150329266423e+00,-9.496930778187007149e+00
-5.113281986232120602e+00,7.516268719738216753e+00,-6.858763142284165504e+00,-1.098587970511925960e+01
-8.998455039329005700e+00,8.858165980042608467e+00,-5.161681369384859330e+00,-1.071318754988568678e+01
-1.215804455472898837e+01,7.957469467773529814e+00,-2.696311180509769034e+00,-9.361359668076723040e+00
-1.421169249822785474e+01,6.117467798547158608e+00,-5.752656108454163864e-01,-7.962675044006070735e+00
-1.443294830362113146e+01,4.463146226261016203e+00,4.806367232495422637e-01,-6.579961256103730172e+00
-1.253692366365544331e+01,2.957889457215454154e+00,4.618893479794114465e-01,-4.972089627858885308e+00
-9.408907974324828061e+00,7.518214245884231595e-01,-9.979723303591790662e-02,-3.727910099509316399e+00
-6.532498430117570365e+00,-2.572535550570434371e+00,-6.966430036190204289e-01,-3.537366307894265205e+00
-4.681695991345358188e+00,-6.102068525859260184e+00,-1.268371860129899886e+00,-3.773139017800466011e+00
-3.431305809372554361e+00,-7.961476746823242578e+00,-2.007069369846271822e+00,-3.019961162552274203e+00
-1.795345150888695951e+00,-6.732411095849704985e+00,-2.784526775347041294e+00,-8.915871885223781712e-01
1.019061160147203271e+00,-2.733367246785687321e+00,-2.958873906945776344e+00,1.760339423115814483e+00
5.286825015091223712e+00,1.960681700572804331e+00,-1.869254736041786158e+00,4.371854942820348811e+00
1.053283086333766860e+01,4.800340513617483928e+00,5.283844405222756224e-01,7.216663455887500689e+00
1.544642991022277201e+01,4.316679113871371598e+00,3.559474016005082397e+00,1.027801506101698337e+01
1.852690418578064424e+01,8.415939947438915159e-01,6.259514640743061520e+00,1.277315270772112399e+01
1.918226289426517184e+01,-3.885507753131737463e+00,7.828705836527276141e+00,1.425431072055630821e+01
1.804698951765632131e+01,-7.702951991970913070e+00,7.831950203017384204e+00,1.513647142627016251e+01
1.615800113242479341e+01,-8.967916937211599659e+00,6.279874084421011915e+00,1.555384566760867848e+01
1.415732759356932924e+01,-7.162796212056773193e+00,3.701015211782193504e+00,1.471801667629101473e+01
1.238483684492300796e+01,-3.081202187060851472e+00,1.035914690382621295e+00,1.225587287846293805e+01
1.115987585237649249e+01,1.539450809093633854e+00,-7.786997297803218698e-01,9.330856468583110797e+00
1.044441995954432301e+01,4.928784213042462170e+00,-1.304751090465726682e+00,7.375852092161458984e+00
9.518769865269682384e+00,6.238655840244346606e+00,-7.861343374933036365e-01,6.288161644851616217e+00
7.589931543093807242e+00,5.812854410390182913e+00,1.023286714958853150e-01,4.996321163793425946e+00
4.734811954278597135e+00,4.596432413181086751e+00,7.180085560420128576e-01,3.428141208251127559e+00
1.868972525091354697e+00,3.335626247525762977e+00,8.124968207561841238e-01,2.698111928831854023e+00
-1.694930814312056166e-01,2.316921790325749075e+00,5.937910654470989202e-01,3.444836154354450120e+00
-1.129531106719610989e+00,1.653537040587190754e+00,4.685739755043347721e-01,5.148285418802891478e+00
-1.052780905142165713e+00,1.485082397080208283e+00,6.541403430238226235e-01,7.147046251125208194e+00
-5.571152728226439615e-02,1.682610616875461762e+00,9.865692676590281929e-01,9.133982709156775570e+00
1.428531261832779453e+00,1.458011306455899048e+00,1.123523911971456402e+00,1.039541721204676783e+01
2.688412130843864212e+00,-3.288884924104104601e-01,9.644238864274510270e-01,9.867232713448659709e+00
3.355223386229545746e+00,-4.020384365482851940e+00,8.401431754015850073e-01,7.691726756731165793e+00
3.715783991257814556e+00,-8.181983627726570063e+00,1.206969337421520461e+00,5.751818921707932297e+00
4.165173983929261858e+00,-1.010629412967031548e+01,2.107065543884755421e+00,5.736552433031350873e+00
4.656279289851025460e+00,-7.847060134378140539e+00,2.977042288523513935e+00,7.263572092322997165e+00
4.996267052011868159e+00,-2.115270123582772666e+00,3.085234788239298531e+00,8.662094686220401130e+00
5.372526806862151894e+00,3.850786856634970778e+00,2.216820452335007463e+00,8.950460954482448273e+00
6.111065967789613751e+00,6.570113085116890517e+00,9.178989676052027313e-01,8.134422888937002938e+00
7.035760142093550051e+00,4.877373566703875341e+00,3.075290198571065808e-02,6.209681412526821376e+00
7.515889275689378479e+00,6.516465509798866629e-01,-2.296083175773632606e-02,3.171496793310727647e+00
7.138943742320154051e+00,-2.717645868011985488e+00,4.783583029808982090e-01,-1.889536223968821538e-01
5.965341852898779607e+00,-2.731162276164398772e+00,8.902306158293832317e-01,-2.790468216375367128e+00
4.153589370717427620e+00,7.563737107105767965e-01,6.989620498133268800e-01,-4.695359287037976337e+00
1.803623269001518592e+00,5.767875994370092130e+00,-2.615989365055084725e-01,-6.906740477271123169e+00
-7.137494687354455358e-01,9.564924846515969747e+00,-1.820376703539887231e+00,-9.483872320306273807e+00
-2.723338865379037799e+00,1.006571804604987719e+01,-3.474921931848312884e+00,-1.099394811842794617e+01
-3.825878996736604254e+00,6.690887443662663081e+00,-4.499122661968535830e+00,-1.034205144718037594e+01
-4.261131973984449317e+00,6.235711512148071067e-01,-4.379775979962548860e+00,-8.142417353739279662e+00
-4.496719799068467083e+00,-5.472786485085457286e+00,-3.314395007485560374e+00,-5.624525172664191608e+00
-4.719369891466415723e+00,-8.497188568270651388e+00,-2.136758765596252996e+00,-3.101938546768194360e+00
-4.919251695723585449e+00,-6.640668948414041317e+00,-1.558675537477338446e+00,-3.446827275638671972e-01
-5.127491555948763491e+00,-8.014341341630345505e-01,-1.476965280455012408e+00,2.370501326536130549e+00
-5.227951722484334596e+00,5.672162828818201774e+00,-1.110224196384997919e+00,4.649568463573792165e+00
-4.819008363250198101e+00,9.111597218730960179e+00,1.967791885489384995e-01,6.826702506232329881e+00
-3.724902698129419765e+00,7.977427929947485730e+00,2.366803385821354411e+00,9.243440355752746029e+00
-2.519618834068227287e+00,3.635369598205121289e+00,4.705930620243873541e+00,1.103171762642578280e+01
-2.085559534997232678e+00,-1.079130262091763992e+00,6.440015627374649831e+00,1.085737119554704044e+01
-2.650356413040017678e+00,-4.140791203006645382e+00,7.099032193662528911e+00,8.809009759516651883e+00
-3.618186994898451747e+00,-5.521652956452711258e+00,6.579344216611812790e+00,6.368028115289053659e+00
-4.304192140318937376e+00,-6.477296103363983981e+00,5.073512506292506608e+00,4.406709057617336001e+00
-4.388735706248760415e+00,-7.817074431995534312e+00,2.990119940016581435e+00,2.399981051985666802e+00
-3.634775897875766937e+00,-8.843277943719451528e+00,8.302360971730640138e-01,-8.647020853797883488e-02
-1.752077623082640701e+00,-7.943505838577234357e+00,-9.588736034445068945e-01,-2.346006072742804260e+00
1.112795165581812018e+00,-4.274067512758698228e+00,-2.060879287085061407e+00,-3.604853026565950636e+00
4.101509200309523706e+00,1.052955635327653461e+00,-2.306303176061437643e+00,-4.133832291633093625e+00
6.225514608784799009e+00,5.450659396610412877e+00,-1.724230477030202824e+00,-4.471056344738541632e+00
7.060543435008122870e+00,6.683714671440861288e+00,-6.329237472671541687e-01,-4.362764137575783074e+00
6.679796545216417414e+00,4.499775296134522762e+00,3.598295918509173408e-01,-3.451737435522126418e+00
5.239531237577646827e+00,7.046656820879525496e-01,5.589492551920615115e-01,-2.396845725989292575e+00
3.020127617685444577e+00,-2.287680538643479977e+00,-4.495014029631904107e-01,-2.194223202316489818e+00
6.365347886402609179e-01,-3.128931886316120625e+00,-2.474006126568818242e+00,-2.715531176905046529e+00
-1.308235314195990373e+00,-2.128628260572823283e+00,-4.723406319580204737e+00,-2.986229810443128851e+00
-2.771706667797975143e+00,-5.467412834002831623e-01,-6.246587613660109284e+00,-2.682594312282433169e+00
-4.083451952425703801e+00,5.930192353792683724e-01,-6.509035878469980219e+00,-2.181577409838758808e+00
-5.203630107794558590e+00,1.168978618617669385e+00,-5.609000975319161419e+00,-1.170101375638680885e+00
-5.545163266875339225e+00,1.690365943411200389e+00,-3.983046463847260910e+00,1.458794221476915842e+00
-4.569685177887128802e+00,2.469348337503663338e+00,-2.013030345689524658e+00,5.880812586455721025e+00
-2.204357400171689019e+00,3.080576759778471452e+00,-3.639550604694924418e-03,1.053980551817332056e+01
1.319606999049719454e+00,2.708603810960466873e+00,1.561795418162448268e+00,1.361787111747432810e+01
5.511219117963960912e+00,1.119422294056528600e+00,2.008656527659925306e+00,1.451058094018661926e+01
9.322263536064811618e+00,-7.470525438782911198e-01,9.173110439641315450e-01,1.346549290423966916e+01
1.139769515777125086e+01,-1.346057886044220275e+00,-1.382540645872249341e+00,1.086870172909633858e+01
1.118438635632937483e+01,9.054367160566560713e-02,-3.798246159655087162e+00,7.736235656828734264e+00
9.606857412990533973e+00,2.645616395348524996e+00,-4.998730716436157628e+00,5.933569207851268956e+00
8.210533701344994384e+00,4.250549915093905895e+00,-4.110022234018122056e+00,6.570683913805781096e+00
7.698692294741431574e+00,3.303693637222896662e+00,-1.193763218509415358e+00,8.489778127181915934e+00
7.574062871859973178e+00,1.854926765668606439e-02,2.713783978371864247e+00,9.426475403845564927e+00
6.990288786849482072e+00,-3.587074697297339299e+00,6.060469440043083189e+00,8.487633611280278600e+00
5.510538762764610077e+00,-5.034749917846163214e+00,7.558813595782665651e+00,6.529613153189053776e+00
3.173957087310370628e+00,-3.113935911838981774e+00,6.866339817283632740e+00,4.405828576502234029e+00
4.059494903508532038e-01,1.157007144077286442e+00,4.742771949398214559e+00,2.166600548231019996e+00
-2.029240966968897997e+00,5.049174293264198532e+00,2.578372746231348156e+00,6.560260080273319638e-02
-3.481654004861082896e+00,5.924506609713649397e+00,1.587400840958629100e+00,-1.058655795976833680e+00
-4.049403469664688338e+00,3.129321985424577068e+00,2.160114117601155570e+00,-1.005836661607345972e+00
-4.425997774994826273e+00,-1.482871734408148123e+00,3.745942992311666941e+00,-7.623520025344893147e-01
-4.967931387614290983e+00,-4.889086304153001272e+00,5.280558305922964379e+00,-1.113370421178262237e+00
-5.309732508549869223e+00,-5.054223109647209888e+00,5.819968189366479194e+00,-1.527270018111233973e+00
-5.111892718835613358e+00,-2.214971722497979023e+00,4.972988162414174518e+00,-1.129208072523701478e+00
-4.711156876124621640e+00,1.558673630615265759e+00,2.971577311521186981e+00,3.598230612050723476e-03
-4.565849589246199436e+00,3.926455487509379338e+00,5.169590272374795514e-01,1.352567569030584949e+00
-4.349684043296778491e+00,3.671790472888113666e+00,-1.429959177113039770e+00,2.995369114081233075e+00
-3.162700243122722465e+00,1.087929785638540814e+00,-1.945696179144316140e+00,4.997873404000813480e+00
-6.314621526305701504e-01,-2.559349190329148094e+00,-6.050188147382472570e-01,6.274042663354667759e+00
2.567403307510492283e+00,-5.842060176812933214e+00,2.103184315469931676e+00,5.411760966886937751e+00
5.220877573626363954e+00,-7.679719198954233050e+00,4.835689316572900687e+00,2.626419372983304523e+00
6.274371315826888562e+00,-7.458782409990528883e+00,6.088713750675725400e+00,-2.533791309590707197e-01
5.202912720801863955e+00,-5.062204979976708152e+00,5.123095004473225522e+00,-1.860996597603866709e+00
2.351260919066953559e+00,-1.014243488691631168e+00,2.463101904752904581e+00,-2.314298553513077561e+00
-9.081913029314062635e-01,3.465836846336144195e+00,-4.108454274153210961e-01,-2.115295439745825234e+00
-2.907203503679317347e+00,6.819790972807175500e+00,-2.011704613171331868e+00,-1.383214007613033703e+00
-3.034535353486695008e+00,7.823880320798483723e+00,-1.814250606870683180e+00,-7.107639421594953433e-01
-2.239936704589741812e+00,6.108218983412260883e+00,-5.165304334607628833e-01,-1.486090183588268054e+00
-2.023830470059919673e+00,2.230265510542711827e+00,6.705142913574497765e-01,-4.286574850421510874e+00
-3.129059728011977182e+00,-2.551214574696134108e+00,1.125925669718945477e+00,-7.680697777270633964e+00
-5.305043843593477249e+00,-6.589452712954866342e+00,1.276656150855344452e+00,-9.649013896537738333e+00
-7.880845822960202085e+00,-8.310097447340520915e+00,1.948282339907006611e+00,-9.735051189945437500e+00
-1.012172703710448474e+01,-6.890570624100005759e+00,3.288270978131037303e+00,-8.923729968421556080e+00
-1.130398654399745872e+01,-2.823484173854044599e+00,4.390620469027720851e+00,-7.939989452370461720e+00
-1.104851627446301698e+01,2.189543912941941617e+00,3.997953716643094513e+00,-6.783021816291109118e+00
-9.667989940585778541e+00,6.104803136008391640e+00,1.595084246453072563e+00,-5.611732435396331375e+00
-7.857727001201988415e+00,7.542172138279195970e+00,-2.055760439529790151e+00,-4.811730988495454220e+00
-6.044791614455264472e+00,6.212427385339990948e+00,-5.303057125354399659e+00,-4.120236125939162442e+00
-4.332297903675769390e+00,2.697058954437458134e+00,-6.586368132683551480e+00,-2.795445001309488031e+00
-2.931717392028356350e+00,-1.918267045504203239e+00,-5.370702603607528047e+00,-8.300491969278408488e-01
-2.055501068225665140e+00,-6.225115181778333451e+00,-2.463835688915692046e+00,1.075557042966839072e+00
-1.231212657128284427e+00,-8.706871482206688384e+00,5.146449848120512316e-01,3.008264135344684842e+00
7.074925883630975854e-01,-8.300468805503468772e+00,2.192032640582386893e+00,6.105628317190210375e+00
4.479417508793502201e+00,-5.086811613915749319e+00,2.263084730638107001e+00,1.067790960377640097e+01
9.379128052901515744e+00,-4.391328314370425145e-01,1.451710140503881474e+00,1.508761184844557235e+01
1.370312569878437259e+01,3.727632612577155946e+00,7.253350280766196478e-01,1.740985063876385297e+01
1.599473284501323178e+01,6.108856184172877235e+00,4.975225089893912656e-01,1.750805145654146600e+01
1.576973196295103286e+01,6.606124670359680096e+00,4.529357534186838619e-01,1.658444971093186027e+01
1.348075984847274711e+01,5.912038039878400042e+00,-5.247928154187361457e-03,1.535566683962806067e+01
1.026586422264316312e+01,4.616575185565137573e+00,-1.170135880594482591e+00,1.377440914363314306e+01
7.496403372842202373e+00,2.808777531106454894e+00,-2.773615252355472904e+00,1.205701293460550261e+01
5.931010885473128269e+00,5.384804425059337429e-01,-4.179284736268683353e+00,1.062887431709628139e+01
5.164332921459342529e+00,-1.541943602672168678e+00,-4.808562440393219006e+00,9.094563569640001788e+00
4.239179079587541921e+00,-2.321375053132359145e+00,-4.451394971761392760e+00,6.529931142479116879e+00
2.847594985566199277e+00,-1.210637351965391240e+00,-3.266470571916310739e+00,3.052654596678611387e+00
1.601666570838304215e+00,1.093363459341924360e+00,-1.592054594997736050e+00,2.485403910856349985e-02
1.120174199691756245e+00,3.032930106781786872e+00,1.568460712889654385e-01,-1.664693504182877204e+00
1.295199512934420927e+00,3.510107354037776073e+00,1.430947005946591410e+00,-2.518626411377305807e+00
1.595159760523271908e+00,2.809466023974592996e+00,1.570877784451122139e+00,-3.190780933930121410e+00
1.651613021962449857e+00,2.225008666704809457e+00,1.526468259993300214e-01,-3.373272245342368247e+00
1.308912226892213759e+00,2.778562245819645060e+00,-2.500896718156989440e+00,-2.653931850787047075e+00
5.241238009771217454e-01,4.220421013695530910e+00,-5.160055994526220324e+00,-1.598894613468207604e+00
-3.957255729838860536e-01,5.165343476499406172e+00,-6.258445309437059123e+00,-1.021801944892838154e+00
-7.907136949933638581e-01,4.234246290575728544e+00,-4.945217271223889099e+00,-7.747387229196363023e-01
-3.880753264487157295e-01,1.296857602331585424e+00,-1.807222410973619686e+00,-2.396223655209202552e-01
1.047658203935757926e-01,-2.190059763535381787e+00,1.440669810422002595e+00,4.576725171484083421e-01
-3.459749333384287140e-01,-4.154576656054534745e+00,3.174315971793857383e+00,7.938649908495767349e-01
-1.837683021391783855e+00,-3.580603234182851313e+00,3.027081431607379969e+00,1.069663989803891990e+00
-3.315443285458893996e+00,-1.497836868194266202e+00,2.021541862240080256e+00,2.074069479777131075e+00
-3.650183480423470073e+00,-2.172649998151742201e-01,1.581039107480275430e+00,3.602082712246699625e+00
-2.590620852843042332e+00,-1.232659382258543435e+00,2.342428341299810590e+00,4.551689576818048089e+00
-6.746935104573403841e-01,-3.662216297548785082e+00,3.818123625846226776e+00,4.678142818720689711e+00
1.299123934636112754e+00,-4.875150726386855204e+00,5.056612384396843574e+00,4.988109474742050686e+00
2.540084591822163951e+00,-2.905359528331666663e+00,5.471481686936494171e+00,5.865377512685724604e+00
2.498241091798248270e+00,1.623636749990941652e+00,5.009656277056135920e+00,5.932561752739134775e+00
1.260641943488066907e+00,5.946332406719501584e+00,3.742275558238714162e+00,3.641717911150222253e+00
-4.500827577319420625e-01,7.491333540588811957e+00,1.636566452821574424e+00,-7.059671881411959671e-01
-1.945285743101329068e+00,5.813264430898095192e+00,-1.112128622340592843e+00,-5.269171870794760792e+00
-3.105907621407175689e+00,2.457993483066273299e+00,-3.691944553347040525e+00,-8.331963331788452720e+00
-4.113198032216346611e+00,-7.069467425671266403e-01,-4.931963380896192461e+00,-8.944512077615312862e+00
-4.982744082198884428e+00,-2.844867537863512652e+00,-4.157729192837382293e+00,-6.793606536037194665e+00
-5.706957337294427113e+00,-4.084641493909746401e+00,-1.850815320761107108e+00,-2.751756737525846486e+00
-6.548112200872914457e+00,-4.612440646096511720e+00,5.559312447091447895e-01,8.127618543495808145e-01
-7.633524471610527051e+00,-4.181127380362352319e+00,1.639227379259234674e+00,1.692733976154684017e+00
-8.352374174517196437e+00,-2.503361345967287210e+00,9.784634469734377893e-01,3.067339078910932826e-02
-7.757173063838989968e+00,8.094846118221667164e-02,-5.519244875754030222e-01,-2.053168844995695519e+00
-5.724430126993451218e+00,2.450600200763106251e+00,-1.424305498779774082e+00,-2.997282354307150065e+00
-3.282866292328704194e+00,3.256041174727780430e+00,-5.920066824335517008e-01,-2.890135897221779882e+00
-1.596678677376245581e+00,1.806197280727469767e+00,1.732137463574386915e+00,-2.033415157057626654e+00
-9.602136587219762820e-01,-1.286999953756187365e+00,4.252315419406868635e+00,4.407641402062471847e-02
-9.265250432227025712e-01,-4.219993688591317849e+00,5.541174172505280104e+00,3.340796721325062002e+00
-9.900616726227078335e-01,-5.000928014331287308e+00,4.972362760716643848e+00,6.263452536386934888e+00
-8.742767155255621869e-01,-2.784350256572546645e+00,2.962826318637334033e+00,6.862784106193327460e+00
-5.620199012205641109e-01,1.479853370458206641e+00,5.168799467830189620e-01,4.704968956769956634e+00
-4.439212043087600312e-01,5.652414228438194854e+00,-1.425012145281778775e+00,8.273395649671880792e-01
-1.099599088859105400e+00,7.767525659431598228e+00,-2.376210706290523333e+00,-3.429599662366340063e+00
-2.404436512220343491e+00,7.092065021588664919e+00,-2.352269907986193953e+00,-6.623588616920620176e+00
-3.040761794367554227e+00,4.290197180171338331e+00,-1.741567982559794725e+00,-7.068979541137216493e+00
-1.523184060086720804e+00,8.859684142482323610e-01,-1.122195356238064878e+00,-4.089881284030326469e+00
2.159716550455881734e+00,-1.515529320132926294e+00,-1.024640164134574150e+00,5.558497873140256784e-01
6.294741752787895273e+00,-1.930190831876478885e+00,-1.643462919432557623e+00,3.780827596260833978e+00
8.912964146895237860e+00,-3.841193720856782567e-01,-2.646760667772871223e+00,4.042612154958696635e+00
9.235307082443910076e+00,2.185359838048426262e+00,-3.330395644893073381e+00,2.325470561937575287e+00
7.767114093209185555e+00,4.441999014905359644e+00,-3.160186715899228282e+00,3.042793906869025733e-01
5.550682992353984879e+00,5.276203836092701493e+00,-2.292425695428319088e+00,-1.265965957291574018e+00
3.544550917422726766e+00,4.293954882603769008e+00,-1.496913348652594955e+00,-2.088431101039085025e+00
2.226530806938552765e+00,2.036072987796437417e+00,-1.424652759916025913e+00,-1.697409682181661994e+00
1.340137280520967700e+00,-2.289576613112362935e-01,-1.900667775097565793e+00,-2.267983612866690812e-01
2.167647909229820646e-01,-1.200450505440198601e+00,-1.994513813518024037e+00,1.154642854274055441e+00
-1.347422756892484363e+00,-3.840868975353980419e-01,-8.726936313217183994e-01,1.618941722006343564e+00
-2.725203333408336537e+00,1.561488567865406241e+00,1.335303184663707121e+00,1.827619145802418910e+00
-3.229273622682052647e+00,3.276455825073177675e+00,3.446358071051771610e+00,2.686318560338377903e+00
-2.978703613959228669e+00,3.563880896968878886e+00,4.015229477000142211e+00,3.556101567121010998e+00
-2.602012964767713488e+00,1.981771944417907161e+00,2.398934240299107401e+00,2.978270903407931769e+00
-2.287899037787189283e+00,-1.138193638038663913e+00,-6.960161118448404682e-01,9.570204467658368630e-01
-1.647539719571667227e+00,-4.980212567404452173e+00,-3.575959276029636147e+00,-7.247783601203429127e-01
-4.845103551877220083e-01,-8.453953578698106597e+00,-4.603145861656620319e+00,-5.448249356071355187e-01
8.004628431275572220e-01,-1.030497073766415994e+01,-3.238055013169196528e+00,1.421461443425981797e+00
1.668129589587973971e+00,-9.436637917642578088e+00,-3.640308962240280666e-01,4.196421753441565095e+00
1.892924849156207179e+00,-5.562956622139440199e+00,2.363558401135521958e+00,6.712498811837304125e+00
1.463819952470905239e+00,2.361067161682534610e-01,3.668183994815356286e+00,7.698406805657614704e+00
4.869339546740260594e-01,5.709692432710176568e+00,3.391799169323128638e+00,6.157818048402900146e+00
-6.119494922446365726e-01,8.538754279831969995e+00,2.263076840046150728e+00,2.820489752066435152e+00
-1.229309633754199549e+00,7.689827927563285925e+00,1.038091018348335615e+00,1.650652522835385771e-01
-1.272611836827370668e+00,4.032423952792042243e+00,-8.136511389045247844e-02,5.300086243752222259e-03
-1.396580020727464122e+00,-2.539434400233685496e-01,-1.234301658057304740e+00,1.611644093838742853e+00
-2.195500254043512456e+00,-3.046139087658198186e+00,-2.287407597109849977e+00,3.009972789946753213e+00
-3.409724040794983146e+00,-3.469274369026091875e+00,-2.652283494771142891e+00,3.481907944852137948e+00
-4.296916588749281729e+00,-2.204301310859017260e+00,-1.848936664263869156e+00,3.800875489491470471e+00
-4.544065277524633295e+00,-8.424153352137908612e-01,-2.250411798026000221e-01,4.574610503937378780e+00
-4.378109993131285016e+00,-7.491916059851001508e-01,1.059655287853824790e+00,5.618411073365713548e+00
-4.002313352130220103e+00,-2.130203977491524014e+00,9.647952579005399931e-01,6.745129813527867668e+00
-3.520409467024952832e+00,-3.900274871134681298e+00,-4.242342385234230684e-01,7.880612063980368731e+00
-3.376168093452577068e+00,-4.504131232516386696e+00,-1.845326500077951737e+00,8.333881677668280474e+00
-4.197368237995235951e+00,-3.159395895101697604e+00,-1.859749380612237379e+00,7.234916049926025217e+00
-5.921620118878070826e+00,-5.843292078532599243e-01,5.254627764838461224e-02,5.083185071939356980e+00
-7.482571371014970829e+00,1.422488973440299231e+00,3.251878338734889518e+00,3.758175776914668198e+00
-7.649511802421848472e+00,1.301472468111207315e+00,6.515849231378401107e+00,4.406130935767292200e+00
-5.956744757646688981e+00,-1.051069506024197686e+00,8.661972131841757516e+00,6.157749546441622535e+00
-2.739553281008377805e+00,-4.126829837519258248e+00,8.766483870813857493e+00,7.442306688634938716e+00
1.270187045059632425e+00,-5.836083902494230813e+00,6.290570533978113943e+00,7.640283740287012293e+00
5.083238124309890971e+00,-4.931826618590912759e+00,1.488585789452844921e+00,6.778997166520818851e+00
7.663450216755496314e+00,-1.782658970228801154e+00,-4.209748082171414829e+00,4.664101076670496226e+00
8.626073297448462185e+00,2.001038332418563659e+00,-8.518825595904354842e+00,1.532952639413498686e+00
8.686083912397615237e+00,4.729532842757495636e+00,-9.432104250357095765e+00,-1.055001287039346591e+00
9.000208731533209772e+00,5.682975905537934302e+00,-6.454329362288792282e+00,-1.384977815897414422e+00
1.003580564998288693e+01,5.262619207775522057e+00,-1.042249454841515099e+00,4.248448028780291152e-01
1.131212950672830608e+01,4.207543889294582229e+00,4.088987971566540480e+00,2.691617179682720629e+00
1.207965026309450707e+01,2.702868799689663870e+00,6.436669218016954019e+00,4.367323236980486634e+00
1.184367555820812079e+01,3.541901749137796318e-01,5.141039058800292771e+00,5.854387185495200541e+00
1.035070983193173078e+01,-2.896355331808498246e+00,1.499087730651606165e+00,7.599214867761196146e+00
7.672774736376146265e+00,-5.963914920998386826e+00,-1.844517855812875418e+00,9.179745424235687068e+00
4.473943182331739266e+00,-7.017815717298011791e+00,-2.587191133617809946e+00,1.022892982172221643e+01
1.690338495365131921e+00,-4.916980479122399217e+00,-2.439201232330915348e-01,1.108994445814206919e+01
-3.471107013313978196e-01,-3.343823204851695263e-01,3.601842684724560151e+00,1.184680329807797428e+01
-2.103943486694308529e+00,4.514618127178216866e+00,6.458125383564760291e+00,1.168271619562626817e+01
-3.891232200632435134e+00,7.263551603759227149e+00,6.672038252126622382e+00,1.007859942255877783e+01
-5.150926578733717065e+00,6.735373115527808707e+00,4.485657610239741189e+00,7.866158617697847077e+00
-5.166573665022101913e+00,3.400173499890710271e+00,1.627285044887521348e+00,6.089279126364863792e+00
-4.252612868038595728e+00,-1.031462829442061135e+00,-1.797996461719321148e-01,4.401539086515923849e+00
-3.716999552672423324e+00,-4.442264785651491188e+00,-5.246897568102965037e-01,1.691812548383682113e+00
-4.640493295296483467e+00,-5.209866862856825875e+00,-3.530991836122742700e-01,-2.046187102278954395e+00
-6.985591579283805252e+00,-2.920129460162957713e+00,-8.263453097985185014e-01,-5.575253810520293563e+00
-9.759419661655000411e+00,1.400262697528130040e+00,-2.150398637825462256e+00,-7.971281931927481246e+00
-1.163173169154450726e+01,5.742175947298505889e+00,-3.478005709184253114e+00,-9.219336518744603026e+00
-1.151766218706385914e+01,8.114411025326651483e+00,-3.863768867280660935e+00,-9.329138449382782028e+00
-9.201555705181682754e+00,7.545764318218153299e+00,-3.223415750387756962e+00,-8.124006523290198345e+00
-5.667704450099061653e+00,4.492888891289556597e+00,-2.341751999401307405e+00,-6.202763519133466907e+00
-2.469583752456022019e+00,4.291290422072417399e-01,-2.003011154207820166e+00,-4.902548422815510953e+00
-5.283489933709855091e-01,-3.062701158789192579e+00,-2.179875437021586482e+00,-4.670508452690064871e+00
2.515513781299286711e-01,-5.047305335123600578e+00,-2.092967543952958920e+00,-4.431081726006265598e+00
1.792626524855211179e-01,-5.384349237966691959e+00,-1.051521850928326840e+00,-3.318791846814370672e+00
-8.786689530054918595e-01,-4.376450367981601808e+00,7.748313262062196394e-01,-2.206186173243769311e+00
-3.025825244289281901e+00,-2.426109090664247958e+00,2.411487475132113367e+00,-2.581551764700755314e+00
-5.635683013662944774e+00,-2.331531563157829279e-02,2.902301635482535058e+00,-4.495473310421084889e+00
-7.676131280004784507e+00,2.115857312275119195e+00,2.110295347317385328e+00,-6.560185207931597873e+00
-8.640881551967918739e+00,3.136720384416907148e+00,7.652756605722347283e-01,-7.513833227273041260e+00
-8.774300325268360012e+00,2.450892153618873248e+00,-2.190179427423144809e-01,-6.810244204192669848e+00
-8.471391521813526282e+00,1.586559599059400583e-01,-4.774840689638384927e-01,-4.157608239629558611e+00
-7.871281095806309303e+00,-2.900621238133702207e+00,-3.557917258121075510e-01,1.459041184420948878e-01
-7.019645297528189332e+00,-5.567945075120893428e+00,-4.824149327691903966e-01,4.405308602415967556e+00
-6.004242070388217556e+00,-6.951022557862869711e+00,-1.199412483468747626e+00,6.395229805726122763e+00
-4.864151395699198410e+00,-6.778091361189634512e+00,-2.285075582340240441e+00,5.504361097821499627e+00
-3.764458289196506602e+00,-5.414022641135598057e+00,-3.114558197080108393e+00,3.133998687821825779e+00
-3.349001116553916191e+00,-3.686747139914750448e+00,-3.130200435174970153e+00,6.858809397700993404e-01
-4.426341507328089619e+00,-2.565376593680085193e+00,-2.284633821344363547e+00,-1.789175244221714145e+00
-6.968125671382752628e+00,-2.618629843122320278e+00,-1.078212540150409682e+00,-4.458367167408769483e+00
-9.692554050769771834e+00,-3.489027641182196326e+00,-1.285003529327123362e-01,-6.410626110244614928e+00
-1.095102098603210194e+01,-3.969999529147373529e+00,3.170949541926283977e-01,-6.540997675805481748e+00
-9.888979727567388522e+00,-2.931900696124837502e+00,4.539497144976281651e-01,-5.083713926128709204e+00
-6.646093357610060259e+00,-4.266903672989117990e-01,5.837923742638103652e-01,-3.298333137817510696e+00
-1.883510637868241133e+00,2.126054636878116355e+00,7.891694391552980248e-01,-2.096456446101429449e+00
3.417866746501762698e+00,3.018526361008669223e+00,9.103692690952139843e-01,-1.848142794444567416e+00
7.997595313555851071e+00,1.689544388988062806e+00,7.318236022810424846e-01,-2.945775268709727612e+00
1.087361616899145211e+01,-8.072829401263498239e-01,1.684185851126002997e-01,-5.285179348551332978e+00
1.205476544062483057e+01,-2.709685330895943878e+00,-6.114989694820587296e-01,-7.414121898059714333e+00
1.237134037884173843e+01,-2.937441237396536842e+00,-1.157371852629415887e+00,-7.590855726744410781e+00
1.252622617082359646e+01,-1.713892993309825696e+00,-9.569333096142931261e-01,-5.942655747460233506e+00
1.259539215570569404e+01,-2.066849332533333625e-02,4.809337140534062499e-02,-4.434624650123785372e+00
1.239461936086944682e+01,1.382332734833908727e+00,1.064929846666348157e+00,-4.327363367320289811e+00
1.180033811754944928e+01,2.356502847205686368e+00,8.138639106899575593e-01,-4.736544501762195658e+00
1.053301826251862039e+01,2.951474585950790708e+00,-1.306018851055060104e+00,-4.218360465592939867e+00
8.160680867472494882e+00,2.857037595236151528e+00,-4.234957141998789254e+00,-2.682481857121698177e+00
4.753049340713823234e+00,1.580614049807188115e+00,-5.651988715694013621e+00,-8.963208898236153521e-01
1.241331238423614147e+00,-7.308365671965272314e-01,-3.772731308081383350e+00,9.722953836298446895e-01
-1.307210543573879669e+00,-2.855583493157475949e+00,9.527568326233760709e-01,3.151501979937358033e+00
-2.660226052960534382e+00,-3.230991542960622187e+00,5.899397523375993657e+00,5.115518862784141696e+00
-3.414796110946808128e+00,-1.313152271995888798e+00,8.190601094422214956e+00,5.794097633031134897e+00
-4.280898556026174084e+00,1.823412950045426584e+00,6.849318156712238981e+00,4.736653601140478287e+00
-5.721735292233288028e+00,4.282563882498973129e+00,3.358662224994099610e+00,2.141165308328732753e+00
-7.960638647722166894e+00,4.692169603899635000e+00,3.034373153621630625e-01,-1.938304349320164377e+00
-1.064439700077511120e+01,2.811647219287207289e+00,-6.048822932213271386e-01,-7.183321347784034749e+00
-1.249382676906518697e+01,-8.493506146222962183e-01,4.859140591856292435e-01,-1.188224035186445171e+01
-1.199762478264480947e+01,-5.533397834920096514e+00,2.110447495177249166e+00,-1.366603067477972644e+01
-8.842973216177197671e+00,-1.015894810105668178e+01,2.805312064744993616e+00,-1.199468300084481598e+01
-4.379417567840952152e+00,-1.306587229318389909e+01,2.043279790517868122e+00,-9.041336878182139714e+00
-4.999290852959257792e-01,-1.247752888548670391e+01,2.183417365507345775e-01,-7.611571146137283250e+00
1.632202700920510230e+00,-7.739973654290515981e+00,-1.986224917784854327e+00,-8.912796117394341522e+00
1.735612271105245297e+00,-2.612449969169735042e-01,-4.115389074858527785e+00,-1.260860688178466305e+01
1.845317133240961111e-02,6.926310877677714473e+00,-5.924272704941442313e+00,-1.780843459270689877e+01
-2.776565712398087804e+00,1.086650911493215332e+01,-7.025508466974759614e+00,-2.307237991159313850e+01
-5.302930660462243040e+00,1.041303842770808608e+01,-6.767192141789371007e+00,-2.643320452744006843e+01
-6.344963811722275970e+00,6.746726285602476558e+00,-4.691875554365084966e+00,-2.682671597441494526e+01
-5.782947889420169574e+00,2.382373506828438181e+00,-1.272559895898585758e+00,-2.525967030134316005e+01
-4.525074883264331049e+00,-5.239543187167081673e-01,1.880591718140121049e+00,-2.351232375478963021e+01
-3.491042469861317166e+00,-1.313092755648602283e+00,2.865393158558082298e+00,-2.188671860206108022e+01
-2.933291876530370601e+00,-6.948478574313422529e-01,9.080074127025803410e-01,-1.923057121998995811e+01
-2.611251522599437713e+00,2.764766858290539919e-01,-2.857672687709589265e+00,-1.493119892086709122e+01
-2.141844837252074640e+00,1.099480523454836378e+00,-6.046751066425147592e+00,-9.614417583094926556e+00
-1.149131449247510650e+00,1.909851940228350475e+00,-6.645135637177376431e+00,-3.823603746860070540e+00
4.138053253877777560e-01,2.936517786986633460e+00,-4.288406965442218777e+00,2.583061673241089373e+00
1.888499381940147881e+00,4.004156317876176097e+00,-2.802410688241506742e-01,9.178647323017438353e+00
2.296244224587548288e+00,4.534461761576334737e+00,3.450468909408172635e+00,1.430626182491268139e+01
1.424846785158076390e+00,3.990462059148501606e+00,5.524051598229476667e+00,1.656297426110909754e+01
2.497944161383318651e-01,2.389939552508493215e+00,5.652305015123258336e+00,1.624504572167603911e+01
-3.271763112717664124e-02,4.823496988951559428e-01,4.436207630215116104e+00,1.462710177384395571e+01
8.135806616988825457e-01,-6.216714666493827757e-01,2.791934301080846392e+00,1.254118268969736505e+01
2.083149968071658087e+00,-1.977763988811995499e-01,1.438868121204655237e+00,1.043377515790422372e+01
3.028264584854808206e+00,1.509051155685879442e+00,6.529593153044163101e-01,8.986977740343446541e+00
3.366539847602489477e+00,3.404943921726344858e+00,2.446351401630413591e-01,8.447076897390097372e+00
3.126032184030636873e+00,4.391186314636542853e+00,-3.152062000462613756e-01,7.717946880975543600e+00
2.499901821688969239e+00,4.271067846735512319e+00,-1.586314382826401692e+00,5.361892324150707267e+00
1.845670251925163763e+00,3.858899309867286576e+00,-3.689830473646624753e+00,1.435356097671886877e+00
1.395519411484503536e+00,4.069648928378311048e+00,-5.993833623002464250e+00,-2.766609904830382938e+00
9.036721795579757410e-01,4.801982130041464458e+00,-7.355990857498915680e+00,-6.762549056572433770e+00
-4.654529596568540706e-02,4.800668490947801459e+00,-6.875523125595832674e+00,-1.143088118824354638e+01
-1.334317741062047036e+00,2.815348894743438635e+00,-4.550929212322913031e+00,-1.720697331079937342e+01
-2.342968293594354101e+00,-9.794597138491007993e-01,-1.293482070790773708e+00,-2.290502618655721179e+01
-2.873743378664815218e+00,-4.738051629870320802e+00,1.624655639542380570e+00,-2.690600479168617554e+01
-3.560430031817535923e+00,-6.252054723921462553e+00,3.176513964277376978e+00,-2.855043432877303644e+01
-5.017476595278544060e+00,-4.721004118562301066e+00,2.922493289496177926e+00,-2.773221960913842921e+01
-6.848163100877096454e+00,-1.448992388331691750e+00,1.145247764367309129e+00,-2.414234866950617686e+01
-7.831895249616850130e+00,1.103337898052895172e+00,-1.177720159486010942e+00,-1.794070400065645998e+01
-6.916801929128888915e+00,1.088909019137926704e+00,-2.749272116574376312e+00,-1.052232290174329599e+01
-3.829620454081986480e+00,-1.516189987387470017e+00,-2.704864742800091815e+00,-3.542094505695557061e+00
8.937845936274217973e-01,-5.051290089459317123e+00,-1.224410751986997337e+00,2.472026691024725942e+00
5.967781392628538129e+00,-7.397885575796065538e+00,6.529856669760172316e-01,7.668518342402337318e+00
9.660242140755274320e+00,-7.351907567688654055e+00,1.949102242956588071e+00,1.156079311780657903e+01
1.072849300642393544e+01,-5.202422658211023787e+00,2.517369706429573473e+00,1.337674417572736907e+01
9.320903368026385749e+00,-2.203896301654829415e+00,2.912692306227298467e+00,1.348960155777328396e+01
6.727335070036136067e+00,4.961541073788806600e-01,3.584306195377991777e+00,1.314174692021515156e+01
4.210863305067543472e+00,2.497420235657631604e+00,4.291695858126118424e+00,1.256431901547569296e+01
2.313127009393619371e+00,3.881897083807714033e+00,4.325112786449503588e+00,1.063665317310734260e+01
1.118419268653146670e+00,4.512976330730434249e+00,3.269875508629925598e+00,6.868370429742787664e+00
5.478904690403129107e-01,3.762459352372142796e+00,1.570804174323460645e+00,2.564965771425687269e+00
1.582465830126275619e-01,1.030957154281312960e+00,3.690754337403856500e-01,-7.103847282237334415e-01
-8.122958628949760174e-01,-3.380163511108454255e+00,6.918467409581829930e-01,-2.952410312130521408e+00
-2.713248479930596258e+00,-7.866623231521860049e+00,2.583689109595273870e+00,-5.237086897212148706e+00
-5.002579342428076004e+00,-1.011725383496964170e+01,4.847306059200967354e+00,-8.246346985466900037e+00
-6.828038186910364793e+00,-8.493379818766280565e+00,5.663639870983160129e+00,-1.214618349192614843e+01
-7.876957884820254385e+00,-3.274899930620404742e+00,3.756706846879139139e+00,-1.714689886716229950e+01
-8.333561478999151007e+00,3.230171356931947013e+00,-6.304630368467009083e-01,-2.294362444829697267e+01
-8.284815238371265878e+00,7.962262970426126074e+00,-5.629920355772531693e+00,-2.796277804546853929e+01
-7.694144061382546695e+00,8.936059029808911092e+00,-8.725645233725019878e+00,-3.042686890671320299e+01
-6.842237540711873400e+00,6.302220182924248348e+00,-8.345277925026332255e+00,-3.018470532989987731e+01
-6.186231029994120334e+00,1.950729217375979596e+00,-5.043221294977137781e+00,-2.849026558564200684e+01
-5.649063354674123794e+00,-1.866916435215689285e+00,-1.289192041815703016e+00,-2.602118126733092041e+01
-4.505445557085084651e+00,-3.772770046361538121e+00,2.323866564823068304e-01,-2.226002843601336068e+01
-2.155515962807911912e+00,-3.597996889600114212e+00,-1.352405755670820442e+00,-1.696213173799033669e+01
1.331498152907359511e+00,-1.918003833283060011e+00,-4.408124227416558405e+00,-1.095278086545958729e+01
5.523584973643549390e+00,5.756023434430195262e-01,-6.083729170817404608e+00,-4.963227140670880999e+00
9.969741003192295281e+00,3.305644629350809272e+00,-4.554050051577049452e+00,1.147163350557126815e+00
1.397194958422764266e+01,5.585689093391431825e+00,-3.548901353100226141e-01,7.217231383203813522e+00
1.652897871536095309e+01,6.429733119998977564e+00,4.168800679233149786e+00,1.186511366632894671e+01
1.708768883833507957e+01,4.959414082828789816e+00,6.642218403028953055e+00,1.387686998496427293e+01
1.622778128757034821e+01,1.321612359203502285e+00,6.162595634255262134e+00,1.392980943308760367e+01
1.519230199048401531e+01,-2.786856859431634970e+00,3.551599842343580615e+00,1.384496570325238984e+01
1.478123188551410294e+01,-4.847412649786646988e+00,5.289395550264155421e-01,1.447577702495287433e+01
1.492921088076565006e+01,-3.248325320887480494e+00,-1.365749083249466977e+00,1.529665876295518601e+01
1.510064409909255012e+01,1.347603152613273236e+00,-1.449431669909165832e+00,1.565296763430990978e+01
1.463108089513065480e+01,6.258713102219519264e+00,-3.975834851646899148e-02,1.518737254301755080e+01
1.285705310918795696e+01,8.615661576774629182e+00,1.781296976310835722e+00,1.321664730779342101e+01
9.594021901388506635e+00,7.369616875449239046e+00,2.678674973563852202e+00,9.124435790739545027e+00
5.678435447051863427e+00,3.883023563705016112e+00,1.771246011268924114e+00,3.691557569363174807e+00
2.516451704477341789e+00,6.530226568505830276e-01,-7.694843432829601149e-01,-1.188684019971494976e+00
7.329484070198841739e-01,-7.385360336884760901e-01,-3.730830937427501492e+00,-4.672598523629335254e+00
-4.870548818840814143e-01,-7.090887311057810782e-01,-5.681080859300236874e+00,-7.853132154831891754e+00
-2.490461189239995043e+00,-9.034361624638499455e-01,-6.065726062564922749e+00,-1.191044598993616610e+01
-5.828046032097823570e+00,-2.346225333254154055e+00,-5.618980901387105931e+00,-1.636324113148720016e+01
-9.958989774935519179e+00,-4.289454576818219067e+00,-5.640410554469256432e+00,-1.992843232270996268e+01
-1.383981364605573106e+01,-4.840635792324756714e+00,-6.748586418578379487e+00,-2.217532637741101809e+01
-1.641668300414898596e+01,-2.726827662773596561e+00,-8.252766250451740504e+00,-2.325272934108055267e+01
-1.688228621781462380e+01,1.470712345743773630e+00,-8.698531883628414008e+00,-2.270454726576572568e+01
-1.508462868231077714e+01,5.620625473413593198e+00,-7.057089088456552695e+00,-1.993319316758642756e+01
-1.175191535464475834e+01,7.449887896724762371e+00,-3.543329601424866748e+00,-1.561564071745161364e+01
-7.946203726446305460e+00,5.917046482617189795e+00,4.840825095082688656e-01,-1.139519468549789138e+01
-4.234130549239991659e+00,1.790317242996205538e+00,3.319954824216282407e+00,-8.099581356162902424e+00
-6.097053348681971130e-01,-2.703874479235638617e+00,3.837260502223160508e+00,-5.294976861544147262e+00
2.922818631865886196e+00,-4.999882091108405646e+00,2.062254745405283973e+00,-2.624433502928688267e+00
6.126672344698492978e+00,-3.663082901955605486e+00,-8.647122189828461147e-01,-4.083646424865520208e-01
8.833862199596074660e+00,6.253005316558024607e-01,-3.339368265301462468e+00,1.354821749695200417e+00
1.092605059676484558e+01,5.415165340044524100e+00,-4.189236432823638445e+00,3.394543572959013655e+00
1.190385607029908677e+01,8.111851481468894676e+00,-3.251048886323024245e+00,5.976334427061502197e+00
1.106067191172805408e+01,7.684228615942393148e+00,-1.310692524523339841e+00,8.277713019176781373e+00
8.465004647573126206e+00,5.117552924789195323e+00,4.318645954521925234e-01,9.674743140875728287e+00
5.365319706845245840e+00,2.338821460287542120e+00,9.758252509790404927e-01,1.078414219951243602e+01
3.118218909421775820e+00,5.828850407208743256e-01,-5.048242427057845344e-02,1.229798834951629871e+01
1.850730819167653030e+00,-4.679803639419347627e-01,-2.210609532110345832e+00,1.343749939197365961e+01
5.236514032134547136e-01,-2.114567759947757697e+00,-4.374417586761782495e+00,1.265522690194206490e+01
-1.842175587342697485e+00,-5.146001746496749796e+00,-5.189404559452064802e+00,9.572265460962739780e+00
-5.326967820465556613e+00,-8.733716373104689623e+00,-3.827599068687458583e+00,5.275258386425391244e+00
-9.254455030470197130e+00,-1.078337833655497491e+01,-6.344269787228745683e-01,9.646890535968499769e-01
-1.266403497111931209e+01,-9.567633760095930029e+00,2.838099003103998097e+00,-2.697217243122069785e+00
-1.471836731695287703e+01,-5.261133397000019585e+00,4.625783359210966061e+00,-5.158209666202733246e+00
-1.519711295702955489e+01,-1.755029567973209748e-02,3.547368899621224259e+00,-6.196843358379974021e+00
-1.473597345289136484e+01,3.486163564462401165e+00,-2.431954492838248050e-02,-6.725876791932519971e+00
-1.419734334630621575e+01,3.788065451417299112e+00,-4.361625085287355930e+00,-8.125912590051886042e+00
-1.368980852768214973e+01,1.310661483789937076e+00,-7.378919304545309643e+00,-1.030456214631345979e+01
-1.259134369137740350e+01,-2.283708535639159098e+00,-7.742701704390401396e+00,-1.149409565824635493e+01
-1.065124803108635376e+01,-5.217709146669848863e+00,-5.466301645409103571e+00,-1.059742507925093769e+01
-8.547005684734102715e+00,-6.345599525637192428e+00,-1.774262731187448816e+00,-8.711432775436806608e+00
-6.971856489916579136e+00,-5.383116177988947371e+00,1.602770334516495199e+00,-7.448163845625551893e+00
-5.544508363217636848e+00,-2.887610850720083278e+00,3.331654554595743889e+00,-6.611756304008047813e+00
-3.145682631270151131e+00,-2.491460330665752620e-02,3.098898836379350374e+00,-4.680541670805438592e+00
7.504878161328416564e-01,2.003755221282577548e+00,1.564108976482125435e+00,-1.074200001481504296e+00
5.413626794107070594e+00,2.627932005924714876e+00,-2.960578609452526599e-01,3.218850302172384215e+00
9.380255934256583217e+00,2.085544451678049249e+00,-1.878436582882807793e+00,6.975466774399417424e+00
1.132462546070878595e+01,9.365425670362417243e-01,-3.113461263549955671e+00,9.554955229553920404e+00
1.069972832791549955e+01,-4.947904841717223889e-01,-4.126866143786740437e+00,1.056863029325612757e+01
8.163557046711302334e+00,-2.064975662019157721e+00,-4.906276264293717659e+00,1.001558086349569976e+01
5.404283649955814894e+00,-3.275432644984348052e+00,-5.284328099690084102e+00,8.894335130942037537e+00
3.900202823764111759e+00,-3.121166335734660624e+00,-5.076081865610730937e+00,8.464800059861708803e+00
3.511885957738275277e+00,-8.526304685228882629e-01,-4.125163744567642787e+00,8.502912093312135156e+00
2.644176003858555113e+00,2.958547148714647079e+00,-2.309085165426966402e+00,7.374383217298317028e+00
5.719669983937786251e-02,6.288264169884095089e+00,3.168331668435676596e-01,4.397335658992278518e+00
-3.775416139445471053e+00,6.954266599228498436e+00,3.295021163731175040e+00,1.118469856640905924e+00
-7.273453327494413756e+00,4.367446713194006236e+00,5.748502197064743413e+00,-5.180841284388808532e-01
-9.259820649116994318e+00,1.512028038845578126e-01,6.738952975441292459e+00,-4.037268585634467000e-01
-9.530785798136649944e+00,-3.026613957539705080e+00,5.824926109898467708e+00,2.244389494748113834e-01
-8.423603042474359981e+00,-3.478743749361372206e+00,3.435928625631293087e+00,7.336053228751311384e-01
-6.516164417558894861e+00,-1.707400613492064290e+00,7.712265494796283205e-01,1.420592451465277906e+00
-4.630100365241744065e+00,1.691252318286795286e-01,-7.775871847749645793e-01,2.385361744250148686e+00
-3.431968996433359287e+00,2.528991497983442693e-01,-3.936257418601993852e-01,3.344825268583406785e+00
-2.794096995761161217e+00,-1.586995919325221660e+00,1.636816970461909104e+00,4.435686603873604916e+00
-1.882080508462137480e+00,-3.747104769247102674e+00,3.989638555481417992e+00,6.040667329031218280e+00
1.358363015596649945e-02,-4.398372201358999867e+00,5.023792125706691536e+00,7.792536140846020309e+00
2.980397670723341719e+00,-3.039660321135757570e+00,3.803454266247268567e+00,8.883028162080085721e+00
6.719666187984262073e+00,-6.886856978513168359e-01,7.729969443661218742e-01,9.501415864706347136e+00
1.075956753253189824e+01,1.299525273899671651e+00,-2.453713239693642745e+00,1.074995412871152212e+01
1.434255911010707329e+01,2.470604266180876252e+00,-4.158555398575193074e+00,1.272676030175434825e+01
1.671085886042159174e+01,3.357613079825897184e+00,-3.732596962035408250e+00,1.392167853987743698e+01
1.791365234283216878e+01,4.513830384383642702e+00,-2.115597472142818791e+00,1.330745211332377309e+01
1.895157007299481222e+01,5.643230839356050410e+00,-1.055866672006506413e+00,1.205319875704219967e+01
2.066053304770255039e+01,5.782137030631906427e+00,-1.694646387075793514e+00,1.215713310964224192e+01
2.264896728166782580e+01,4.360904166199187415e+00,-3.562379986341531968e+00,1.403495183513506106e+01
2.370405740169539044e+01,2.048288293257734427e+00,-4.820365186394426793e+00,1.644299345324452233e+01
2.304057496658610660e+01,4.285537861791393621e-01,-3.634233639954298933e+00,1.821608238032812110e+01
2.076377165347047438e+01,6.852984978139666783e-01,3.424127196811178608e-01,1.896910413195756462e+01
1.734585063846248332e+01,2.504951235119353914e+00,5.522708856133404787e+00,1.851975344266218571e+01
1.323221445305998500e+01,4.276702382866904628e+00,9.358979345666067928e+00,1.696659332638055773e+01
8.958778189853710217e+00,4.428992620054946094e+00,1.004838240187019061e+01,1.530064141257735422e+01
5.104349019083831429e+00,2.670290057281912599e+00,7.729767422262402654e+00,1.464758898611381888e+01
1.932394850954262999e+00,6.647167899735875740e-02,4.296195365529101196e+00,1.465855231121988034e+01
-5.957052466706261873e-01,-1.968568083727022966e+00,1.992341265929242766e+00,1.379078054822839583e+01
-2.395432248519638208e+00,-2.751609719012475086e+00,1.890021945490844457e+00,1.154145330349985521e+01
-3.267992320838918552e+00,-2.567085107503574548e+00,3.367529488319010333e+00,9.296975047531303105e+00
-3.441174110824101184e+00,-2.069030968256544423e+00,4.849055226056357526e+00,8.450507323519669711e+00
-3.573952820921972418e+00,-1.604715680316779025e+00,5.093601531739346377e+00,8.782975909682246396e+00
-3.867135447987432251e+00,-1.103311150556878228e+00,4.052911276781277827e+00,9.505473891275521225e+00
-3.545635173171775012e+00,-4.760889516323048021e-01,2.788595221116024980e+00,1.091415430782369356e+01
-1.675513829055496062e+00,-5.524027563736097664e-03,2.618146623361957470e+00,1.386727828888951564e+01
1.681354993516245289e+00,-3.190039965773042163e-01,4.102750748773802414e+00,1.819187679682980274e+01
5.463087037028462767e+00,-1.944535937150710048e+00,6.572216375327326610e+00,2.273114796269356219e+01
8.528058336927049510e+00,-4.766199856332118401e+00,8.571805650107082286e+00,2.662668469533231885e+01
1.018803245227187837e+01,-7.820720178128265587e+00,8.957738823481053103e+00,2.951333525673938851e+01
1.011493872419093698e+01,-9.707392739831053774e+00,7.772611031527336678e+00,3.082038241682563040e+01
8.440643949235717258e+00,-9.397258704722224465e+00,6.127340260040916142e+00,3.022878675038310803e+01
6.090396167125306626e+00,-6.822191768744819029e+00,5.186350545300168591e+00,2.885134972944212350e+01
4.448049951834622817e+00,-2.814720860401167535e+00,5.193611958646921600e+00,2.860797097071127837e+01
4.303347129039510222e+00,1.411109508637666821e+00,5.412399048037076277e+00,2.997785107815954930e+01
5.294680470781847781e+00,4.737437964149160408e+00,4.961173449985131434e+00,3.139978467701899945e+01
6.474202332315898367e+00,6.358530053385686998e+00,3.727821589427880333e+00,3.135583253433112816e+01
7.103004810320303619e+00,5.888232086036665258e+00,2.542731640675228277e+00,3.002794431043431445e+01
6.801854498074523470e+00,3.517817728870602956e+00,2.476412601514257794e+00,2.829026693898720168e+01
5.450976492689462383e+00,1.398057145661777134e-01,3.875182016010008557e+00,2.613311286667973121e+01
3.413464976447603938e+00,-2.803858614704915819e+00,5.978237856400219208e+00,2.313275549206571569e+01
1.625623827186654768e+00,-3.906468985352411494e+00,7.472409909825302066e+00,1.985197132430448974e+01
1.002958080121698181e+00,-2.635854356514443886e+00,7.502618618051102750e+00,1.773196705130951401e+01
1.767646826687947703e+00,1.588673450083936400e-01,6.236719409922340418e+00,1.790256183841315263e+01
3.538407180686274245e+00,2.672269929966497148e+00,4.539618315358442402e+00,2.073459255164139492e+01
5.753662680171728105e+00,3.403912593833724021e+00,3.179767495461634841e+00,2.566165552803312266e+01
7.528426565177193552e+00,2.274340049827447086e+00,2.340300535284925765e+00,3.003250799371142676e+01
7.404834676198837506e+00,5.536219938153942310e-01,1.746575033399229149e+00,2.883708116462361204e+01
4.197950674167182150e+00,-3.911955109277668319e-01,1.090449006579629954e+00,1.806533531183139729e+01
-1.502017929939607921e+00,-3.511706142040633138e-01,3.007370877940719334e-01,-4.867471289570115545e-01
