3.995752735702529090e+00,-2.030526441380576586e+00,1.011480440462875496e-01,1.836293441642226520e+00
7.954960622060086806e+00,3.562979593328009287e+00,-3.078928293548905404e-01,4.337602196121654430e+00
9.095328880495284096e+00,6.969436197603365635e+00,-7.020550777000770237e-01,5.805530542451935894e+00
7.528263525374605081e+00,7.189218463186137775e+00,-8.148997068096220930e-01,6.771081818818881715e+00
6.369511421343317714e+00,4.946288992188005551e+00,-1.840295659429047048e-01,9.248029979742021567e+00
8.792659199395409075e+00,2.271846852397496175e+00,1.402245775462103161e+00,1.474626347306116969e+01
1.474267266933426512e+01,1.340676228152278160e+00,3.371276377001824809e+00,2.198381019067844377e+01
2.036510203149125786e+01,3.189522456551660667e+00,4.317807408533397506e+00,2.667237075346024611e+01
2.082714591418256589e+01,7.081970015792616202e+00,2.766704779699604710e+00,2.430504009424645417e+01
1.424335606385302277e+01,1.097489365025893271e+01,-1.670857153276207097e+00,1.403001320043685141e+01
3.450794458406863274e+00,1.284002649347688418e+01,-7.720117189918566325e+00,1.653370379222185993e-01
-5.832957847427480580e+00,1.194650078059428111e+01,-1.307628794705147079e+01,-1.035850849399252560e+01
-8.978541883141238245e+00,9.204303534767653616e+00,-1.584017710344143026e+01,-1.272672263697589834e+01
-5.415372727881512915e+00,6.395029902626718332e+00,-1.562603351374282212e+01,-7.286515321213721030e+00
1.538253690012882702e+00,4.949019035974886016e+00,-1.352793124932297708e+01,1.357439616850216746e+00
7.476977243101195825e+00,5.150007481842501456e+00,-1.112527848440721812e+01,8.054455757219100676e+00
9.861059231690592952e+00,6.186157272826402043e+00,-9.416712606366722582e+00,1.045603133564721965e+01
8.965128419623502154e+00,6.836956957168788485e+00,-8.442579501633561634e+00,9.669285638440786812e+00
6.700312796458362641e+00,6.267220388549189281e+00,-7.667940826036606872e+00,8.364169626938801727e+00
4.849396082872141633e+00,4.469571060095920423e+00,-6.629974043569518471e+00,8.320345929352754411e+00
4.184886533479250659e+00,2.175103277391521761e+00,-5.310566435951870723e+00,9.332120845332367409e+00
4.684923393783027024e+00,3.496432115070799984e-01,-4.051066404046876457e+00,9.909675858143126348e+00
6.103023486404760334e+00,-3.988553643565393991e-01,-3.197880091043667328e+00,8.789795921525278999e+00
8.207900274829212250e+00,-1.299046123269785302e-01,-2.798042119800729921e+00,5.971187001847821918e+00
1.062982126124761351e+01,5.905684731881200022e-01,-2.550666314559192571e+00,2.701235026482111667e+00
1.268663043327931739e+01,1.150599186745353331e+00,-2.014555549919772481e+00,6.641162861678632234e-01
1.354541938569992077e+01,1.243637448277870927e+00,-9.257888113358742066e-01,9.434175978137145924e-01
1.273354416492358432e+01,8.644128366904619831e-01,5.648822959791327536e-01,3.300191981538017849e+00
1.061264000424115750e+01,1.010703720673142847e-01,1.901848349002176031e+00,6.206951197760454342e+00
8.328810733686685452e+00,-9.578524580009983858e-01,2.441529083844003356e+00,7.755669333346884464e+00
7.152429552417589598e+00,-2.117226537339626624e+00,1.910788314854063641e+00,6.915351980178550129e+00
7.692175560804940915e+00,-2.989193499914867491e+00,6.518697457132692774e-01,4.216573233399822485e+00
9.593985642877731479e+00,-3.145477935610822229e+00,-5.841022715549193389e-01,1.358311363271122341e+00
1.188532918355086743e+01,-2.437571942931754165e+00,-1.138081041591673781e+00,9.786920067230761577e-02
1.362694747795892702e+01,-1.172291639135667696e+00,-8.259723001169140266e-01,1.229559635228410830e+00
1.444268918018086900e+01,8.356031704028332729e-02,4.529013412782764009e-02,4.223361068215390368e+00
1.467842554713639025e+01,9.405456556274964797e-01,9.339072289092110735e-01,7.598830401592475248e+00
1.509759313432994077e+01,1.471480919188531633e+00,1.363100283237720367e+00,9.729769927367252436e+00
1.621465599309424377e+01,2.066665321225555463e+00,1.126544196568417089e+00,9.613714462083361667e+00
1.770477435841712577e+01,2.986118822614169943e+00,3.439970390883695384e-01,7.240847398844119098e+00
1.846551552534750940e+01,4.036198909251559108e+00,-6.559208626823922472e-01,3.502237311531382957e+00
1.744313082057318098e+01,4.702395023938765739e+00,-1.555014295150725756e+00,-1.958870020036782011e-01
1.458692783515844660e+01,4.643719111604805327e+00,-2.199138286823844712e+00,-2.493275062768159689e+00
1.109177378522505641e+01,4.078230296983209158e+00,-2.582745774437943620e+00,-2.755934722303395201e+00
8.707370296308617696e+00,3.656081603329437435e+00,-2.734477645713218052e+00,-1.554097892207709997e+00
8.671247260534689971e+00,3.913897335247842335e+00,-2.641013324505823601e+00,-3.631180063161371097e-01
1.101863580623456329e+01,4.827293652038671112e+00,-2.261765152987010641e+00,-4.032781244010373300e-01
1.463536042192220599e+01,5.860831381220791059e+00,-1.598513665432858444e+00,-1.559504180731182021e+00
1.793125873228792244e+01,6.408406646215885516e+00,-7.663089715824359383e-01,-2.543433408273049867e+00
1.971568836968163296e+01,6.196837744717460517e+00,-8.169261048942572795e-03,-2.239587105139579926e+00
1.977569088520007412e+01,5.368066336625548551e+00,3.995880005075104768e-01,-8.221045861290586787e-01
1.882298932706016714e+01,4.291030104246693178e+00,3.242018277242638136e-01,5.441363509039051083e-01
1.788380611952631938e+01,3.318284838908211132e+00,-1.065511227421191420e-01,1.002361171372559312e+00
1.759304195790882730e+01,2.646144609425658434e+00,-5.781876407167833021e-01,8.300268674932196333e-01
1.787606431798476336e+01,2.315549365915640312e+00,-8.151432280043447998e-01,9.767432746860943427e-01
1.815012769867652054e+01,2.291539086034756867e+00,-7.733840170282223481e-01,1.953283446258889722e+00
1.780102269979232688e+01,2.507788465278256496e+00,-6.469858790111986391e-01,3.296080017468340451e+00
1.657253307518064034e+01,2.819882777174069322e+00,-6.867373552995533759e-01,4.090085904878311140e+00
1.463670494931634991e+01,2.957795141980615661e+00,-9.623128221176460162e-01,3.930357076889882784e+00
1.235904724261541787e+01,2.622233780982041740e+00,-1.251796006044079368e+00,3.334683024815952912e+00
1.000851677931478889e+01,1.715410013838670977e+00,-1.180728309944244492e+00,3.205132136929985442e+00
7.705779107770156955e+00,4.985457866258018456e-01,-5.448865634832228411e-01,3.875645132108036517e+00
5.639734053360747623e+00,-5.155870616842612719e-01,4.450598508982738233e-01,4.727636519886631916e+00
4.240735664791284165e+00,-8.851498960008605810e-01,1.252184487650952693e+00,4.827285179729171816e+00
4.003574344762927062e+00,-5.172876542213326045e-01,1.420959845163615176e+00,3.954053106163084585e+00
5.053821591801592739e+00,3.169019554096056401e-01,9.740084771546991815e-01,2.895640322407909029e+00
6.880017490587815310e+00,1.213286283224544571e+00,4.222247451136048046e-01,2.645892588003544876e+00
8.525950188516789652e+00,1.895890279370437748e+00,3.366173920271265940e-01,3.369141516838257466e+00
9.129462875569203106e+00,2.296332150690830076e+00,8.512999573168036349e-01,4.248974891651270624e+00
8.433416433646037547e+00,2.425585539567091775e+00,1.558026829104688149e+00,4.323930289028653284e+00
6.926386537217369188e+00,2.217697143547433747e+00,1.889226625847061358e+00,3.355788795643118494e+00
5.488787590252292681e+00,1.557652115538190163e+00,1.622468485575388364e+00,1.870232946240882654e+00
4.747177322623455709e+00,5.025857180138159075e-01,1.035179063844043679e+00,4.916044267083526376e-01
4.632980526364860907e+00,-5.568315716794109971e-01,5.792717715013702140e-01,-6.422079156017173052e-01
4.561316400670483162e+00,-1.068335356196067343e+00,3.958061078816310085e-01,-1.851669014128889623e+00
4.080298238016137446e+00,-7.738919236824578496e-01,1.436984613149487888e-01,-3.420405846831049423e+00
3.327248181465705112e+00,-3.073692009064291769e-02,-6.634826856121327499e-01,-5.167876388204223126e+00
2.818583392571409885e+00,3.970118429423594719e-01,-2.099400635090086897e+00,-6.504435169238456105e+00
2.837080183187558280e+00,-1.581960277208976223e-02,-3.576190911403697825e+00,-6.933558084408063316e+00
3.094064499852108518e+00,-1.044999571449236830e+00,-4.180410798206607659e+00,-6.523825970669744123e+00
2.968421927816887518e+00,-1.847433216612050844e+00,-3.333221672195194607e+00,-5.841637823743961455e+00
1.981677502519944678e+00,-1.643265674115956809e+00,-1.225464530673809449e+00,-5.356021023093110678e+00
3.089389624281550784e-02,-3.488461207065379766e-01,1.295646158268446646e+00,-4.929989571379700841e+00
-2.698465867154032694e+00,1.357458384182263167e+00,3.248588075186815693e+00,-3.983500806388714732e+00
-5.886650392081489436e+00,2.529550924194918782e+00,4.056727415891785427e+00,-2.195628779221047822e+00
-9.129380536140642377e+00,2.579942953550047324e+00,3.788204293867987182e+00,-1.673359883521119418e-02
-1.193913073621756205e+01,1.602421391311337651e+00,3.001263719541475083e+00,1.535171470672156868e+00
-1.380834527758538854e+01,2.426605754513707913e-01,2.325420418755975938e+00,1.623983277878746856e+00
-1.437204105551025712e+01,-7.311215059938905858e-01,2.074184669514577362e+00,2.970033131545616878e-01
-1.362844109313434338e+01,-8.721787909867271260e-01,2.159102228495788367e+00,-1.377452685880224958e+00
-1.206564289240022525e+01,-2.699975888584839057e-01,2.306903417755024499e+00,-1.914598090072375802e+00
-1.049022091138758839e+01,5.721138016106108726e-01,2.315607792225149009e+00,-4.735779235947636390e-01
-9.574774362405293004e+00,1.122894784444457450e+00,2.122036259135930525e+00,2.359926343668588888e+00
-9.490593950767983955e+00,1.213653215880097669e+00,1.723810673331735543e+00,4.781279583441286007e+00
-9.976729518390451190e+00,1.121410725875330527e+00,1.141031421722897399e+00,4.955911701316773055e+00
-1.073802853697116966e+01,1.247346647821864218e+00,4.645206225639803566e-01,2.333715593631225715e+00
-1.173108415399833504e+01,1.666663481972159522e+00,-1.325656104943783997e-01,-1.894738755121350149e+00
-1.309579553192082813e+01,1.994748924702226978e+00,-4.898304002683139813e-01,-5.492731529005138391e+00
-1.490017434504349403e+01,1.737792598085194706e+00,-5.678194239765481655e-01,-6.508804014924203685e+00
-1.697733891245762194e+01,8.054746496562869007e-01,-4.639866243036195881e-01,-4.415932589766663696e+00
-1.894351784065518274e+01,-3.228767972637788808e-01,-3.514416374984242752e-01,-4.018752308652389638e-01
-2.033507428190974409e+01,-9.517812113611702207e-01,-3.932794219838542937e-01,3.396560486326140271e+00
-2.080365370712069506e+01,-7.098626990594604225e-01,-6.366099959169961853e-01,5.282089566903155564e+00
-2.029565563511631510e+01,2.143591750972284604e-01,-9.192078068140316915e-01,5.044620834987507685e+00
-1.907995416328723692e+01,1.318835778341535869e+00,-9.004921937184481306e-01,3.864640090925084426e+00
-1.755672672072319429e+01,2.249094822906348767e+00,-2.761333050012939050e-01,3.193732055563935468e+00
-1.599699136907585206e+01,3.038652239618616413e+00,9.436864990283296839e-01,3.585622447012146274e+00
-1.445510067683870048e+01,3.921110262219443143e+00,2.312842336510898544e+00,4.383672144712512875e+00
-1.291329487789762354e+01,4.916198463475996761e+00,3.114707923251318622e+00,4.345932557082819336e+00
-1.147730488929561687e+01,5.620547036259043949e+00,2.756787610019094448e+00,2.595868712249737253e+00
-1.041098023007861606e+01,5.454636585976004426e+00,1.183420429340959812e+00,-7.465300547984387025e-01
-9.960499539580842665e+00,4.176837314794036971e+00,-9.681641400633255179e-01,-4.538907314677103066e+00
-1.010559562319604154e+01,2.197600450806301176e+00,-2.658697447969877281e+00,-7.183568859655169447e+00
-1.047181755065302511e+01,3.855092463748849285e-01,-3.084668537176990633e+00,-7.554411170884873350e+00
-1.055334274801064609e+01,-5.063297071185650644e-01,-2.219711828518394103e+00,-5.755205841634821518e+00
-1.010641444005518075e+01,-3.505522657621270577e-01,-7.957915985873229570e-01,-3.089557912984085775e+00
-9.329285028758187437e+00,2.949488175639169985e-01,2.817926248264469580e-01,-1.151648923775951516e+00
-8.609541499129338860e+00,6.147727725891007911e-01,5.679311431900526674e-01,-7.595249264213014273e-01
-8.103704224157526781e+00,1.216412345763961678e-01,2.320891430476756667e-01,-1.620695184390682941e+00
-7.614492667605074594e+00,-1.035228575512800786e+00,-2.820314087852333063e-01,-2.893033879759774329e+00
-6.846785588255042576e+00,-2.238879488121593653e+00,-6.685757562254155406e-01,-4.008144977723601343e+00
-5.677885003142360887e+00,-2.875815136769867220e+00,-8.923795843205445388e-01,-5.031915528072427257e+00
-4.190133448575052100e+00,-2.744475229265047389e+00,-1.062931002718296103e+00,-6.335301692225467463e+00
-2.640906113729965199e+00,-2.148712644809344763e+00,-1.277568925955959278e+00,-7.923344683419816015e+00
-1.560294040162136353e+00,-1.668810161959929594e+00,-1.578618455321497471e+00,-9.080706585181443913e+00
-1.749647604318571359e+00,-1.778122882072954214e+00,-1.995456200165151239e+00,-8.795883613814524438e+00
-3.857760995766605028e+00,-2.535817065456914321e+00,-2.556914829949294976e+00,-6.703892076711221115e+00
-7.737683043666648608e+00,-3.544181772204869851e+00,-3.205088374477503610e+00,-3.649043143032657976e+00
-1.223058835182268389e+01,-4.198831514377638463e+00,-3.689103500492017407e+00,-1.217387102840450597e+00
-1.570428586430859141e+01,-4.057650353721569125e+00,-3.626707083756707917e+00,-5.947421124656062652e-01
-1.694671413567201412e+01,-3.079522610369475721e+00,-2.797865506477740905e+00,-1.763756907258655637e+00
-1.573756836758606248e+01,-1.601611776183596625e+00,-1.430789509298885598e+00,-3.654009910146420737e+00
-1.279788915417702988e+01,-1.115053453142803297e-01,-1.343561298557973682e-01,-4.956579429287041094e+00
-9.305176375652873588e+00,1.020469327497538492e+00,5.491084229845979436e-01,-4.882030182011600772e+00
-6.328033644689216253e+00,1.689786443456195553e+00,5.731575312675434297e-01,-3.404831488686937746e+00
-4.452062793122402162e+00,2.016413150488091777e+00,3.885798099659172333e-01,-1.029959746382689501e+00
-3.709496446222932509e+00,2.169872434767996072e+00,5.297377437617931673e-01,1.588352568554794564e+00
-3.722240053791015413e+00,2.210655697925320684e+00,1.169534585720201747e+00,3.870586610186893761e+00
-3.857052695924361174e+00,2.077590216826377123e+00,1.988494232618505553e+00,5.344088226812937492e+00
-3.349865273438398461e+00,1.718487169037094420e+00,2.403902843119706478e+00,5.698493559303843270e+00
-1.573375400966889215e+00,1.226690557694381400e+00,1.972138122387604442e+00,4.989139218136654286e+00
1.528081627297499079e+00,8.318019503073863508e-01,7.133379791913467827e-01,3.757067472678078168e+00
5.209377408659529252e+00,7.267307653242066623e-01,-8.511577254047351104e-01,2.734622698299168597e+00
8.263215735596530109e+00,8.861713773862357479e-01,-2.012529610863529328e+00,2.234095933545060753e+00
9.722914478761122581e+00,1.068442119448681060e+00,-2.353192593128045740e+00,1.795244729437766473e+00
9.341929215275019516e+00,1.029202366889668596e+00,-2.026619801468399373e+00,5.351356760874882434e-01
7.579843467688955450e+00,7.587361423368120805e-01,-1.597601485022112300e+00,-2.038900540244951376e+00
5.321148684943200813e+00,5.061466265806673359e-01,-1.575334749561194236e+00,-5.475319149308041311e+00
3.544699452520752025e+00,5.422921265734039764e-01,-2.034892298703076641e+00,-8.566445850517455440e+00
2.895320868138735904e+00,8.767543371982692291e-01,-2.610425168683314645e+00,-1.010042861295197802e+01
3.224764019509059665e+00,1.221453496353018808e+00,-2.804784519285737243e+00,-9.602519663150820506e+00
3.526364484299702173e+00,1.267426198378416968e+00,-2.350366209026020226e+00,-7.612525128726779222e+00
2.581955963283990574e+00,1.008379354539180595e+00,-1.399231532930538036e+00,-5.372050220508173268e+00
-1.304925791479200070e-02,7.744884403477835244e-01,-4.553946438325047197e-01,-4.047584564531584661e+00
-3.265991012195940346e+00,9.456369823313114376e-01,-6.750100672455797146e-02,-3.869019241076658844e+00
-5.256285695407372671e+00,1.643688243271519411e+00,-4.273771205323855793e-01,-3.823468898920640680e+00
-4.543396333456840352e+00,2.662281397858706988e+00,-1.153907451856455157e+00,-2.403456679437355081e+00
-1.607321266484261102e+00,3.583276249352937537e+00,-1.489004947254721767e+00,9.264685655757658456e-01
9.582754059488767240e-01,3.893253283873256088e+00,-8.144573919513728999e-01,4.814602972971710138e+00
1.433502024777306982e-01,3.086283506161432655e+00,9.095441158904212786e-01,6.777622854270071606e+00
-4.912690971964437381e+00,8.949837923745626034e-01,3.128743094837058702e+00,5.219077203699774792e+00
-1.177188414278254136e+01,-2.357930997659451133e+00,5.071723004044916827e+00,8.700708408034436570e-01
-1.633862688813974628e+01,-5.604145067705134764e+00,6.199935173104528907e+00,-3.747605931305073135e+00
-1.601487733180960760e+01,-7.422852325366651627e+00,6.448252630077815795e+00,-6.236490815339891469e+00
-1.153044547818612564e+01,-6.891255408120436243e+00,6.171271744462453412e+00,-5.763394303864510348e+00
-5.978086602761630175e+00,-4.261105693309652054e+00,5.855626616276798480e+00,-3.015925580073105738e+00
-2.291564518236951287e+00,-8.453770153180965030e-01,5.764587936140618041e+00,6.813061731803514709e-01
-1.476149992019918367e+00,1.832404544116484235e+00,5.766051711983839922e+00,4.003155216120068083e+00
-2.635925116342672681e+00,2.934186815992724018e+00,5.507620491927912809e+00,5.819594627271965415e+00
-4.128753834092501407e+00,2.597752703408327424e+00,4.801025547360319834e+00,5.470058289733452206e+00
-4.701226100129174412e+00,1.557554377977868665e+00,3.846561136185999707e+00,3.247789639347866686e+00
-4.015114353466333164e+00,5.252967610601928516e-01,3.064603042053708482e+00,4.934483510015850172e-01
-2.566998667415258950e+00,-2.055083254355310474e-01,2.700077868008152748e+00,-1.172502670541221370e+00
-1.244641409673298060e+00,-7.413161621902689680e-01,2.607072056240120173e+00,-9.851018665616708692e-01
-8.151788700945872268e-01,-1.265361667989314043e+00,2.442305192697191707e+00,5.186381552364039971e-01
-1.566240246702845784e+00,-1.703119676920553660e+00,2.067707566542956954e+00,2.147862901637113353e+00
-3.164028240004967962e+00,-1.675853174861683614e+00,1.721453988025627879e+00,3.068757911754830037e+00
-4.747465463303759847e+00,-8.218820636634592836e-01,1.748641777802337094e+00,3.203023821763436807e+00
-5.334419309678573029e+00,7.670804742014071254e-01,2.177475140291355249e+00,2.905745657436556773e+00
-4.458638725927908553e+00,2.407606941343989782e+00,2.619996708775926830e+00,2.564410026928562125e+00
-2.588219789396005499e+00,3.193347399215897386e+00,2.607004948492171348e+00,2.482419961875796055e+00
-8.612454721703752814e-01,2.643515835212566945e+00,1.974697818456162768e+00,2.769284637111968372e+00
-2.855655281757493169e-01,1.111922734361638243e+00,9.127902592963921258e-01,3.053209999739348923e+00
-1.128909282276812975e+00,-4.171481083635954490e-01,-2.740184167483272204e-01,2.448770826932935574e+00
-2.996872110599505756e+00,-1.021803931063572479e+00,-1.346339512941463701e+00,2.180120495699237604e-01
-5.333901637343423374e+00,-4.773139451665570632e-01,-2.095031741537112246e+00,-3.282014436555326320e+00
-7.760708961697438291e+00,6.680061524405701556e-01,-2.277052344662787053e+00,-6.390642257294352646e+00
-1.005952829634682288e+01,1.591566385478938805e+00,-1.736716422524505088e+00,-7.171904368270038965e+00
-1.203847338400028022e+01,1.807671271164141835e+00,-6.343001369696292802e-01,-4.947929132899171911e+00
-1.345165799156760755e+01,1.393018332096534584e+00,5.142457214404477783e-01,-9.699237408106859970e-01
-1.397146531988427576e+01,7.330524704976284500e-01,1.146524711058216184e+00,2.456076425308821864e+00
-1.327001043829498172e+01,1.227241348154799044e-01,1.105200219865719147e+00,3.679079676512706509e+00
-1.128772861714775466e+01,-3.935609588804718229e-01,8.011460257056598477e-01,2.781294217194265617e+00
-8.492633814480550214e+00,-8.739286455778888518e-01,8.520188429683442921e-01,1.166835619913156874e+00
-5.768319588973725764e+00,-1.270029455907176530e+00,1.468138135763793262e+00,1.822976869045648263e-01
-3.902573344747767070e+00,-1.406656012855340920e+00,2.192519094109242950e+00,1.037363126450134426e-01
-3.099733591213790884e+00,-1.144906513536320558e+00,2.327926692985895940e+00,3.132694212964671765e-01
-2.911467968555889740e+00,-5.187329493442139894e-01,1.675575146206745858e+00,2.360776013703849985e-01
-2.567265808091706791e+00,3.186350434720597313e-01,8.154982715355001410e-01,-6.042534541551338595e-02
-1.430711849312408246e+00,1.278105751239797749e+00,5.858447651286640134e-01,-1.537113903629588330e-01
6.452271195339728260e-01,2.425636315195348836e+00,1.258417318832143250e+00,5.390512802890010113e-02
3.214365431370045378e+00,3.834270477172045943e+00,2.239896994504357419e+00,1.088497779989146680e-01
5.486878186607937025e+00,5.310265556912979967e+00,2.591682383954357238e+00,-5.255030006245811069e-01
6.821011617014476336e+00,6.291726529058744966e+00,1.852330704461348621e+00,-1.833472692071371313e+00
7.081461698691575712e+00,6.108791748437934821e+00,3.959759733499322865e-01,-3.108868198049005827e+00
6.570928072088208616e+00,4.453053434604919758e+00,-9.461714592877781271e-01,-3.475463823482730419e+00
5.673866020709732005e+00,1.667551252438538967e+00,-1.579969718297187020e+00,-2.617073766087989029e+00
4.616279487003629001e+00,-1.391807984711767920e+00,-1.508340407276063333e+00,-1.056768024052731070e+00
3.521570104510013621e+00,-3.793518193036013120e+00,-1.110504746613457661e+00,2.833055578001790198e-01
2.559692222467468969e+00,-4.924364513569222446e+00,-6.780697896744558584e-01,8.077247585519529149e-01
1.937689233493957053e+00,-4.634002724685482022e+00,-2.167421111892447461e-01,5.437268399345330794e-01
1.748406107568108769e+00,-3.186173417339384972e+00,3.457753295051719800e-01,-1.744216262501440129e-01
1.869272224247215064e+00,-1.159087347344209373e+00,8.677999045777509135e-01,-1.098568548968076097e+00
2.016598412846596133e+00,6.912070575894252444e-01,9.927484057105216975e-01,-2.055446192796739791e+00
1.924688648863675855e+00,1.701143361026901335e+00,4.446057070548037893e-01,-2.749830702577559904e+00
1.559075990319150895e+00,1.663777110416921445e+00,-7.093196971155969477e-01,-2.876011690120345854e+00
1.204175728998960304e+00,9.876167561930574434e-01,-2.086412382797158571e+00,-2.478685464604871491e+00
1.261784603719519060e+00,3.896388174385840841e-01,-3.234968155334036144e+00,-2.016874954111679052e+00
1.846666551461868977e+00,3.127210844974572801e-01,-3.853412574244347244e+00,-1.942215424127193835e+00
2.572863229610761415e+00,6.129557368373691473e-01,-3.855853975476327911e+00,-2.265083401558269927e+00
2.813075338341988640e+00,8.176379074358232080e-01,-3.330449122507860515e+00,-2.582217875614194913e+00
2.192112868981982654e+00,6.472557204927195107e-01,-2.467688354580912957e+00,-2.461626834040790968e+00
7.907507119495027492e-01,2.381281851159054164e-01,-1.488161907173768839e+00,-1.774697922096388769e+00
-1.101953439882057850e+00,-1.200325967941511529e-01,-5.915525771786760423e-01,-7.812068657515792713e-01
-3.298506966747068336e+00,-3.731164351163499537e-01,4.610939696207762284e-02,1.899742859696926765e-04
-5.671804343413976213e+00,-7.633964904276323571e-01,2.500650048867375519e-01,1.013528846281517432e-01
-7.856590494886837917e+00,-1.514267739785801981e+00,-1.245448152763075356e-01,-5.255958018231705609e-01
-9.158850165582498093e+00,-2.503844351928886880e+00,-1.084344182069658880e+00,-1.397529732333036678e+00
-8.933945421738291870e+00,-3.275800337851343169e+00,-2.395238863470018575e+00,-1.840591852877830448e+00
-7.162933241018935249e+00,-3.375782574958988036e+00,-3.604700382718827090e+00,-1.486672709102888401e+00
-4.652471993554365248e+00,-2.711859447150899438e+00,-4.214154563723358393e+00,-4.350136220661852127e-01
-2.524572251997245331e+00,-1.649538048372745758e+00,-3.916446064899222090e+00,9.951752759630065892e-01
-1.309900658745106306e+00,-7.661220891313648140e-01,-2.773920145491278522e+00,2.541836325333008517e+00
-4.561748688183071554e-01,-4.306184841846575351e-01,-1.226864527796887927e+00,4.022256412805178094e+00
1.182819195558026060e+00,-5.267886286207752455e-01,1.146748196045286605e-01,5.208015614124668957e+00
4.232015745693039399e+00,-5.661358307329774631e-01,8.021541888368581841e-01,5.788039266997081711e+00
8.080813109421356444e+00,-1.150626277686697951e-01,7.794039932402599957e-01,5.476858871764916259e+00
1.122586133372449524e+01,8.398185839858312018e-01,3.445516570682225499e-01,4.171810957803845810e+00
1.230637625474399677e+01,1.893455321845233907e+00,-9.677934321944479945e-02,2.060666430717821740e+00
1.093590877253507543e+01,2.520032281235602856e+00,-2.725187084679914773e-01,-3.776484064880069047e-01
7.820573839854485065e+00,2.364499843094023390e+00,-1.385991993934463373e-01,-2.501722712912656021e+00
4.291472084078965743e+00,1.364893583673339128e+00,1.590381060735019947e-01,-3.723255009150884032e+00
1.609319730740204957e+00,-2.369265822315604342e-01,3.957307366058273601e-01,-3.706372566605304897e+00
3.475225063650545509e-01,-1.946167463440257261e+00,4.164617289283497614e-01,-2.479416830003287942e+00
1.562630111989909421e-01,-3.184391656012266481e+00,2.486811229177143256e-01,-4.720863066969041011e-01
1.029902208146919185e-01,-3.569780616560600084e+00,7.114471469511397805e-02,1.531914152392530815e+00
-6.297954250354652617e-01,-3.136241567190867663e+00,3.621943347170449023e-02,2.643159079207384909e+00
-2.246414174249269369e+00,-2.313669417133632500e+00,1.135583160316171042e-01,2.347249885379873557e+00
-4.370456287202744150e+00,-1.669377751053793268e+00,1.231625849100524833e-01,9.134210990382708450e-01
-6.405876399842602709e+00,-1.581369502476368982e+00,-7.586746942718371189e-02,-7.182080589308681429e-01
-7.849702121312067682e+00,-2.050434529727362509e+00,-4.373912758600279616e-01,-1.604304758176906764e+00
-8.438190900765107472e+00,-2.753553282637279942e+00,-7.635526837172960102e-01,-1.463017874447301470e+00
-8.199113874100936172e+00,-3.260208716242567029e+00,-8.865835765657875678e-01,-7.535367759747467753e-01
-7.401910759833014275e+00,-3.223590965456474056e+00,-8.398446679043660712e-01,-1.979963394601297055e-01
-6.358209302433794896e+00,-2.444596458246810489e+00,-8.667742202757485748e-01,-2.735875459155526213e-01
-5.197017695601378939e+00,-8.896877707254917667e-01,-1.225894383891487305e+00,-1.054595962754011573e+00
-3.838939179575314942e+00,1.227012683006402538e+00,-1.920375415088931392e+00,-2.319309951738760756e+00
-2.200994734739995629e+00,3.367341397688656368e+00,-2.597587427292872952e+00,-3.664505333085965599e+00
-4.061086073858308776e-01,4.799511840211398983e+00,-2.765383842841178996e+00,-4.560431269647110319e+00
1.231413897958633985e+00,4.984426229661644392e+00,-2.175718361674650936e+00,-4.474315133693139046e+00
2.443883711593160868e+00,3.960101494519895127e+00,-1.028082655782629917e+00,-3.155530054395657036e+00
3.254872883367801784e+00,2.367274593185025644e+00,1.998644971564121631e-01,-9.456888307368243041e-01
3.975918445784927258e+00,1.034945939800177683e+00,1.120076501922070422e+00,1.222273884418546563e+00
4.880157558430616049e+00,4.450908735583649634e-01,1.646692241387232913e+00,2.330624721004799671e+00
5.793181853706752982e+00,5.047553372249752313e-01,1.894134476990524396e+00,1.984985228549131397e+00
6.026381476472438159e+00,7.548757897476928713e-01,1.937333325034801712e+00,6.841801403282951055e-01
4.846428466653776468e+00,7.613617025643635294e-01,1.723392910716945448e+00,-6.490785086278786364e-01
2.136236152258135235e+00,3.549047734090308159e-01,1.218266022744320498e+00,-1.428040075732200709e+00
-1.371856963053617484e+00,-3.710643679193338929e-01,5.929907089915257279e-01,-1.709647101770313427e+00
-4.531536469346849394e+00,-1.164470408711327565e+00,1.992222117219369648e-01,-1.856442290989185562e+00
-6.486208054860503225e+00,-1.711668587516344653e+00,3.023203305691696818e-01,-2.075904690170881306e+00
-7.072931525131767039e+00,-1.771762984081482140e+00,8.089281180760119483e-01,-2.354131073589556866e+00
-6.760325922376048347e+00,-1.372928297776207396e+00,1.271858807574682837e+00,-2.677551585064932294e+00
-6.317195027134220986e+00,-9.045280384883249702e-01,1.210729458015072479e+00,-3.104859372761474390e+00
-6.381319565783784675e+00,-9.019875564336186091e-01,4.776025969776405145e-01,-3.593524767104041562e+00
-7.022353546662068347e+00,-1.612359455674713615e+00,-6.529013567721698719e-01,-3.903587994718972887e+00
-7.562204145409806344e+00,-2.743580805277429313e+00,-1.715766207771973972e+00,-3.797697788831070564e+00
-6.971975878684987471e+00,-3.693293420297333540e+00,-2.365641022489582745e+00,-3.340869275019215934e+00
-4.713378318432667413e+00,-4.059424055838608325e+00,-2.522069700538345671e+00,-2.952329964541593910e+00
-1.336078801735039123e+00,-3.921852190340920696e+00,-2.325467581989435484e+00,-3.107979188809627757e+00
1.756753685442821178e+00,-3.647043218795070985e+00,-2.012268307226497743e+00,-3.914146698135787972e+00
3.211622685837190350e+00,-3.490409732553327871e+00,-1.783717955926490406e+00,-4.904892133659405573e+00
2.563022620676137731e+00,-3.436026957529992210e+00,-1.705894770240302671e+00,-5.294474316171828399e+00
4.303485088405332171e-01,-3.380044329410945902e+00,-1.697278882530289135e+00,-4.568639897105861714e+00
-1.939173728352034720e+00,-3.371234004202807721e+00,-1.621684610846378050e+00,-2.938600297641840609e+00
-3.394006780478939778e+00,-3.600623514477243159e+00,-1.402128689845852261e+00,-1.212886337483809251e+00
-3.412677990497718916e+00,-4.151204544786690320e+00,-1.057543024183320357e+00,-1.704685400343858293e-01
-2.164308781683323524e+00,-4.793352022001209356e+00,-6.744251193475165884e-01,-3.020175217173163423e-02
-1.514154380644892328e-01,-5.051631451680126617e+00,-3.897718363389801044e-01,-4.928603198505219218e-01
2.186532301061004713e+00,-4.487924960185304180e+00,-3.814097428757912134e-01,-1.182159622410389632e+00
4.560210743229976771e+00,-2.980567501626341098e+00,-7.840153099019860905e-01,-1.909931488981938319e+00
6.662501115433917320e+00,-8.466208307139432288e-01,-1.532382881907966565e+00,-2.515210540991691612e+00
8.095709962710667895e+00,1.230559835169342753e+00,-2.279266025007990581e+00,-2.615395632699480277e+00
8.558892934936059405e+00,2.473124039126894491e+00,-2.524524010410822861e+00,-1.704281661960517225e+00
8.070384230515166735e+00,2.415574620021488261e+00,-1.910989082889340995e+00,4.133135517244518886e-01
6.937527602692782125e+00,1.209066750929143286e+00,-4.878925796694519867e-01,3.257868237993242211e+00
5.499843659108424099e+00,-4.579455505767996426e-01,1.248605019276202599e+00,5.760134454917224645e+00
3.930183490412022529e+00,-1.813814209825652890e+00,2.593500417772479860e+00,6.850085689470426509e+00
2.283746601961652800e+00,-2.463219220307449664e+00,3.033884646299333632e+00,6.226804924490791038e+00
7.031901283584288675e-01,-2.496861496444495288e+00,2.564558875325003928e+00,4.714645768657727665e+00
-4.543368524737976255e-01,-2.263376363135741975e+00,1.679363468784070390e+00,3.744489758252958822e+00
-7.200273877990706062e-01,-2.085193225832945529e+00,1.013258015898265585e+00,4.214917013844059035e+00
1.813798810021066410e-01,-2.130902318494723779e+00,9.001949024072084526e-01,5.721843824702785852e+00
2.028047849087875498e+00,-2.445006909243446991e+00,1.199211815062187103e+00,6.946290251842173191e+00
4.085384953871448843e+00,-3.029391375571394374e+00,1.500683324010352093e+00,6.859175899789691222e+00
5.491072827125117684e+00,-3.884465597728409936e+00,1.489673391240514233e+00,5.574814614517222822e+00
5.767440331121931330e+00,-4.967143998614202971e+00,1.164064693740784584e+00,4.104476237188327659e+00
5.006077297395624015e+00,-6.096189575847476227e+00,8.084737314696099908e-01,3.377605315487473447e+00
3.586508791916969141e+00,-6.930286308304038023e+00,8.094781047543049279e-01,3.477472614382288718e+00
1.771521106627192754e+00,-7.146612449754360163e+00,1.400917824079412233e+00,3.661616906112066694e+00
-4.053588968580474350e-01,-6.748436132145386956e+00,2.422456807726906192e+00,3.002048163420943272e+00
-2.914762110898913239e+00,-6.188009713708029658e+00,3.274091865179649563e+00,1.079335595527625147e+00
-5.454581488149625734e+00,-6.063902942318138756e+00,3.236608874656996093e+00,-1.731495192962358542e+00
-7.403716924764681018e+00,-6.590594545428211326e+00,2.027319401407860155e+00,-4.469852083386711250e+00
-8.091916849543844492e+00,-7.358360278424982859e+00,1.385706790613576711e-01,-6.063276538219803058e+00
-7.254210514707524204e+00,-7.656271799331427097e+00,-1.412646548998497398e+00,-5.799773492732211544e+00
-5.340697366139232294e+00,-7.061088246617346798e+00,-1.808142748491592178e+00,-3.693684799203962310e+00
-3.340648055606147082e+00,-5.755162600702726117e+00,-1.069434783057060079e+00,-6.720746811536387755e-01
-2.149244237807317326e+00,-4.348163092292388399e+00,-8.271068537918066510e-02,1.660857263252558447e+00
-1.993857453417211545e+00,-3.421962605402655733e+00,5.207863666200691910e-02,1.865504829943817500e+00
-2.440161570988923501e+00,-3.164172682040017559e+00,-1.134951902043328742e+00,-2.736974758836882016e-01
-2.903898287546418544e+00,-3.304952438987519781e+00,-3.102043066349656542e+00,-3.382982571009333306e+00
-3.085843291303431268e+00,-3.341487425430983205e+00,-4.671169734760605152e+00,-5.356573515546084074e+00
-2.949584050992389184e+00,-2.868795227683204718e+00,-4.848175831806051050e+00,-4.833831734380583001e+00
-2.472707643639248776e+00,-1.805287575792322352e+00,-3.452821162674756472e+00,-2.061069862504457451e+00
-1.603150001307579009e+00,-4.096932770768599852e-01,-1.154019731243085323e+00,1.470651259742154826e+00
-4.393310642033684821e-01,8.771856833214686233e-01,9.898156526568829827e-01,4.105400364427273630e+00
7.293320518026069621e-01,1.671275222592846221e+00,2.100801007379351937e+00,4.940756660288132096e+00
1.698209837007303102e+00,1.860910810722848696e+00,1.864605472026567234e+00,4.166370781776048915e+00
2.649878121943299636e+00,1.689801153843249581e+00,6.300157637435515046e-01,2.856224286989296868e+00
4.081966568588349276e+00,1.640578412833712862e+00,-7.808257962800220220e-01,2.331220570428524042e+00
6.336811147586304926e+00,2.176855310424150147e+00,-1.504203090564380840e+00,3.325979655503932264e+00
9.142794434711332130e+00,3.498716209725776682e+00,-1.122544118674456470e+00,5.475355749108500980e+00
1.162276426134785901e+01,5.422259491183885949e+00,9.303707745702187448e-02,7.580355583676083420e+00
1.282972559181162708e+01,7.396418929752898386e+00,1.376262041803063774e+00,8.502591277907407985e+00
1.237910239059161199e+01,8.675691835510082939e+00,1.975912036719412956e+00,7.973534700449926405e+00
1.063407968712759732e+01,8.688347062610812799e+00,1.619536712236848919e+00,6.712737136685904105e+00
8.326760482872687774e+00,7.463311294669420448e+00,6.106341526716044799e-01,5.841936608695714739e+00
6.049354677580342177e+00,5.742125385417591765e+00,-4.665416505868771324e-01,6.052772230251173724e+00
4.109290454426831829e+00,4.542634216722574614e+00,-1.158583775352139744e+00,7.093694516744451839e+00
2.739615034452604458e+00,4.473744229239243531e+00,-1.338711573274300903e+00,7.965035921104812289e+00
2.225069297837484417e+00,5.397904652204810638e+00,-1.098335930100291513e+00,7.754401773480031679e+00
2.687831944381149363e+00,6.675519747582407071e+00,-5.523225486996209410e-01,6.463797382825670290e+00
3.800957319841293813e+00,7.643102303514226037e+00,1.906873154997380249e-01,5.047808837045668184e+00
4.854616643150562183e+00,7.879709818382511166e+00,9.167324972757984192e-01,4.555941195047227055e+00
5.206654116342760652e+00,7.219088026835723149e+00,1.300035911068935013e+00,5.168789704986755495e+00
4.725415731449046142e+00,5.759211799866953641e+00,1.113059548373047880e+00,6.043317427413867016e+00
3.849749474540293814e+00,3.950609132997202178e+00,4.557018829724138742e-01,6.073403758906503747e+00
3.236826239572079267e+00,2.539159171921326674e+00,-2.548384884817159191e-01,4.815032695186912015e+00
3.269735552832197190e+00,2.195285891454410443e+00,-5.366250734366166952e-01,2.777084341350831931e+00
3.778260683742735271e+00,3.039256664819846687e+00,-1.171722981919412071e-01,9.478885937358046965e-01
4.178815557428982252e+00,4.466467014290549820e+00,9.432234157488443849e-01,6.352061136254870399e-02
3.912954666693179373e+00,5.437995635047866649e+00,2.287931750366680284e+00,1.989804253531878009e-01
2.798878869802299718e+00,5.038668203142294466e+00,3.417173996548243053e+00,8.700850238193468256e-01
1.020763259302448711e+00,2.979624995933942699e+00,3.928181748021549513e+00,1.417012969149600510e+00
-1.114695175915831227e+00,-1.960222116844764773e-01,3.747998905348605803e+00,1.353543054198081075e+00
-3.323039671593032818e+00,-3.337623835568626518e+00,3.192456888240108981e+00,5.747747321748067906e-01
-5.297113080938700591e+00,-5.302403885883349766e+00,2.772516400689176930e+00,-5.431210767770373593e-01
-6.680763367684031451e+00,-5.624042607087491596e+00,2.869928809641536738e+00,-1.239285865353694671e+00
-7.202702503303324733e+00,-4.734776851027499234e+00,3.501709053976145292e+00,-8.136055915268416427e-01
-6.842108702301263889e+00,-3.539431174050509110e+00,4.308434821046178698e+00,7.623823614906590773e-01
-5.849675861035081859e+00,-2.706995255524752508e+00,4.756939817413193161e+00,2.656147161009400737e+00
-4.626729506921186896e+00,-2.288776623753101092e+00,4.450780243241167611e+00,3.773940842720222122e+00
-3.556548369207725990e+00,-1.932839590298863541e+00,3.390201658488363190e+00,3.704320772291668895e+00
-2.839484102801976384e+00,-1.412787016445448796e+00,2.022042284319023331e+00,3.089509253543479161e+00
-2.409271130068944444e+00,-9.518428094428401653e-01,1.015616321056865390e+00,3.033358345198133410e+00
-2.054859913615643130e+00,-1.059137927248410049e+00,8.689492769036567532e-01,4.108261491940791821e+00
-1.698015460397797716e+00,-2.040066069294241391e+00,1.572739560642120393e+00,5.845881085875276995e+00
-1.514144797427406708e+00,-3.608372420854861318e+00,2.548108162802304566e+00,7.070249812603679018e+00
-1.692696274422543556e+00,-4.932446145682924943e+00,2.938963354258282035e+00,6.735250381431905353e+00
-2.105178906773667258e+00,-5.115737961789916355e+00,2.141291101504470884e+00,4.643431144103832509e+00
-2.322236197870941599e+00,-3.798021658622036334e+00,2.682525658702101801e-01,1.583743159699903869e+00
-1.965608128904592800e+00,-1.458333006932868381e+00,-1.797197361334413879e+00,-1.169634988096142081e+00
-9.266463025664136710e-01,8.322776201139872043e-01,-2.901062108482640678e+00,-2.629191671180872270e+00
7.824021109034463572e-01,2.083290547253092484e+00,-2.391990478147832722e+00,-2.579277233321531249e+00
3.207468911126397426e+00,2.007148179887884520e+00,-5.971800012879818764e-01,-1.446858800939246459e+00
6.300211130027790318e+00,1.111889796864419466e+00,1.397274888537132664e+00,2.359262102297721986e-01
9.638006011135230366e+00,2.140783513604672395e-01,2.490019240752521235e+00,2.199046544883961563e+00
1.250651642805521213e+01,-1.767614969368182520e-01,2.233048361254617475e+00,4.279942738729919149e+00
1.438295569298249177e+01,-8.635744861424457519e-02,9.522698983316045807e-01,6.031473124153549747e+00
1.530425398235578882e+01,1.685812934421741516e-01,-6.465560716170292155e-01,6.682598150935883830e+00
1.571380007396802014e+01,3.443244057779648593e-01,-1.972646730100738655e+00,5.641797454696609648e+00
1.597322055167942523e+01,4.016175007587793888e-01,-2.768538402688392353e+00,3.109347169320886728e+00
1.605077998962950048e+01,3.939785044182905205e-01,-3.006523016772685075e+00,1.940843228376221696e-01
1.566823263908824693e+01,3.429725670563665285e-01,-2.708661908135861385e+00,-1.680395254605776767e+00
1.473501494170477066e+01,2.424144156015365370e-01,-1.932169009867569898e+00,-1.713913105110326240e+00
1.362388122493746323e+01,1.143516978236088777e-01,-8.981401669149691180e-01,-2.909148083040494770e-01
1.295429068830694241e+01,-2.827131119107701221e-03,-2.212473987336740014e-02,1.363417818452790753e+00
1.302204407129582009e+01,-1.105879447679117555e-01,3.016024284451483961e-01,2.208783794306252712e+00
1.343644519718849217e+01,-2.497346293265378103e-01,-1.288806568258971108e-04,2.172121081366979567e+00
1.337529572885426887e+01,-4.392232907406714570e-01,-6.059552128153191664e-01,1.928815214643541109e+00
1.222999164134820127e+01,-6.451864794573769490e-01,-1.050581775717834176e+00,1.947468232507910235e+00
1.003383783529877959e+01,-8.193495066858764719e-01,-1.066828102555311020e+00,1.862902343584609266e+00
7.374702238498076490e+00,-9.544347419516345798e-01,-7.203578700659566403e-01,8.826361785101213275e-01
5.012294605479872267e+00,-1.107655467177521169e+00,-2.789110005365161293e-01,-1.204429335774485743e+00
3.516564100989147512e+00,-1.383628908379771261e+00,4.691128596165959619e-03,-3.500889572421491902e+00
3.018707285727535439e+00,-1.858477480054796294e+00,1.855219312372429277e-02,-4.551963339105934203e+00
3.112860541360768174e+00,-2.449227660754551561e+00,-2.002116384568931873e-01,-3.530537117085455368e+00
3.059275739706600827e+00,-2.852366716594339380e+00,-5.146509124773098742e-01,-1.030639475347241873e+00
2.301586635543439119e+00,-2.715036874931243904e+00,-7.537221405300994492e-01,1.251043036927470542e+00
9.281335905110609241e-01,-1.981934713356356959e+00,-7.861741909121559013e-01,1.774870325846821695e+00
-3.805664210570737227e-01,-1.080551490557617900e+00,-5.883983430865982189e-01,3.651635029943877675e-01
-9.208673276860529500e-01,-6.694051792545238078e-01,-2.739341693358017249e-01,-1.694831466785767349e+00
-5.374578537906836706e-01,-1.105716110496469451e+00,-4.870796190212016430e-02,-2.815794912789893356e+00
3.061799566476201551e-01,-2.117030286796675043e+00,-8.863247201476412429e-02,-2.465179127858240893e+00
9.712058666925236228e-01,-2.983236288088066956e+00,-4.130525399776566187e-01,-1.487673090974595436e+00
1.179336185702438478e+00,-3.046755161927809485e+00,-8.737850289583035668e-01,-1.169334586392991593e+00
1.193611071141291724e+00,-2.119876712414431985e+00,-1.290533393058760137e+00,-2.028308527246542425e+00
1.503297386098432886e+00,-5.534073395846662580e-01,-1.597148506560411407e+00,-3.448444770273750848e+00
2.269394309560572420e+00,9.652911651901598944e-01,-1.834182534476217930e+00,-4.358930750986204750e+00
3.032367985012091705e+00,1.737797217267643024e+00,-2.005658636879706247e+00,-4.234732608821754951e+00
3.034824280621279957e+00,1.412709842268323301e+00,-1.993749964060546276e+00,-3.544785106621331838e+00
1.950062130925442005e+00,2.439226964707499890e-01,-1.659386469721667590e+00,-3.332509567063071998e+00
3.110760857085609343e-01,-9.644866759963974800e-01,-1.026346947482805749e+00,-4.313169811401486697e+00
-8.727022652958825732e-01,-1.318029507843031745e+00,-3.408297818701632176e-01,-6.224335271494226163e+00
-1.005880085740295637e+00,-4.511370991604167768e-01,6.506912415080397250e-02,-7.959909804710826542e+00
-4.379395786017827308e-01,1.169464469945554752e+00,-1.562407268765513002e-02,-8.388356748530592100e+00
-1.273001365087272074e-01,2.550261425264011450e+00,-5.421254263824055730e-01,-7.189782413070178180e+00
-7.897080257251580804e-01,2.877578118789064110e+00,-1.260087326267252061e+00,-5.057378088033709140e+00
-2.292972274218493478e+00,2.069971748618784080e+00,-1.857114917184167435e+00,-3.177869187238790083e+00
-3.737853913664109573e+00,7.728785387640318971e-01,-2.131773211940229285e+00,-2.445162245621109509e+00
-4.107619467268708746e+00,-1.364858974529365998e-01,-2.045600467501267339e+00,-2.918413202365661263e+00
-3.026719204987269318e+00,-1.362414681798755911e-01,-1.630888026539476954e+00,-3.784183331247925164e+00
-1.098915241320441716e+00,6.393092103879169930e-01,-9.081295438807230891e-01,-3.865229594514262512e+00
4.780202689452653919e-01,1.539257805231602383e+00,3.071636087116890595e-02,-2.469456829530813913e+00
7.840506443987239615e-01,1.880512530925482872e+00,8.880800767483167935e-01,9.001143898347937350e-03
-1.701225202983672746e-01,1.466725629114934426e+00,1.273622361187529917e+00,2.365763651224860098e+00
-1.554801899374453678e+00,7.440754643582080385e-01,1.087274722235133995e+00,3.615701398141943912e+00
-2.438330164393768040e+00,4.071797996110000373e-01,7.432116594651381192e-01,3.763305928680078960e+00
-2.453827115101760548e+00,7.514021856207220296e-01,8.510469793105698288e-01,3.497784492878829532e+00
-1.934228763652498406e+00,1.393432980369057050e+00,1.596870006534302222e+00,3.228634427534391449e+00
-1.538456935863349084e+00,1.688292220653765163e+00,2.504188921493484266e+00,2.623008794925185239e+00
-1.710387570335195839e+00,1.438418572883663149e+00,2.882126403160278905e+00,1.137371738529261878e+00
-2.347617340571427569e+00,1.132258393753097669e+00,2.496675245560436185e+00,-1.132662589875625292e+00
-2.906723164719957619e+00,1.447188101944389071e+00,1.761528189724147042e+00,-3.240749491187917108e+00
-2.861822549822054640e+00,2.554873463146580370e+00,1.294678110777752744e+00,-4.047307472088884417e+00
-2.128883351241570132e+00,3.942262004899497629e+00,1.344568196259534165e+00,-3.166507810376907095e+00
-1.101394522738638804e+00,4.862813046900346770e+00,1.641568847082230720e+00,-1.407871966761695237e+00
-3.372438080679662220e-01,4.908743485396002804e+00,1.734883400946693799e+00,-3.071999870046406844e-01
-2.371296495907860014e-01,4.197323859174759697e+00,1.430119851191042901e+00,-1.033475085173192864e+00
-9.253517155112687131e-01,3.143367934963005705e+00,9.316079246056137020e-01,-3.507930080043518029e+00
-2.252697268846645784e+00,2.142016035251181005e+00,6.032335892698501567e-01,-6.474300218023332221e+00
-3.819374405237579317e+00,1.416857765251619883e+00,5.827092029376310656e-01,-8.450822254771994224e+00
-5.087913044836732013e+00,1.032598614070680432e+00,5.958044941628273250e-01,-8.707496976565744617e+00
-5.636552306185270034e+00,9.522655338791707891e-01,1.505459522018483265e-01,-7.495237846996496422e+00
-5.386619056469802658e+00,1.071887105697683307e+00,-1.032435749640349565e+00,-5.572060779845501521e+00
-4.594026551391102942e+00,1.249263458754610534e+00,-2.708378774614343065e+00,-3.635030859775465917e+00
-3.627281717180740994e+00,1.367389718321983416e+00,-4.182975129542692905e+00,-2.062521814310089852e+00
-2.732827299551712219e+00,1.422277175833649876e+00,-4.736577107359659422e+00,-9.242466836308443900e-01
-1.914315431193786887e+00,1.550697434746868497e+00,-4.095969015975745364e+00,-1.128529639176777399e-01
-9.394738216079390192e-01,1.925776122830200388e+00,-2.620528559113280753e+00,4.661001888481259292e-01
4.927187662750159847e-01,2.573888981509629303e+00,-1.082257354236660696e+00,7.728172629074177014e-01
2.435886275158439140e+00,3.272192461651627582e+00,-2.092996734713584994e-01,7.316691885611220636e-01
4.471577440843471862e+00,3.648154613532578416e+00,-3.073391284890020780e-01,4.344256481013356042e-01
5.890202925954673319e+00,3.447005713853042330e+00,-1.172520858667896793e+00,1.212380428913747976e-01
6.218970163705587417e+00,2.774713711308472774e+00,-2.279463091526783725e+00,-1.082209064069706156e-01
5.605770425196120677e+00,2.087472540838338997e+00,-3.078236760983565912e+00,-4.550836583379906375e-01
4.683305515553418452e+00,1.869245381412677931e+00,-3.244326859845077848e+00,-1.145168298048433453e+00
4.091733858298234772e+00,2.232521091145641456e+00,-2.799240204019284750e+00,-1.995885720066908231e+00
4.132039368383830791e+00,2.813083515645174337e+00,-2.064401656873934954e+00,-2.389734320175685323e+00
4.776262450626266087e+00,3.103154609545270226e+00,-1.460358700806991372e+00,-1.782968493816441402e+00
5.895348278961120236e+00,2.939453296768685497e+00,-1.260833808861078875e+00,-2.548525102347937721e-01
7.463850418751786897e+00,2.662597547397433928e+00,-1.472265310050721032e+00,1.475365487497009243e+00
9.578351136936740673e+00,2.758023015092545105e+00,-1.914079225030908216e+00,2.613883472409949782e+00
1.223369712826926481e+01,3.331884221680833313e+00,-2.380223585739073222e+00,2.929600479960416948e+00
1.499766723967126580e+01,3.979994350581640195e+00,-2.697020935939436814e+00,2.879781895356663401e+00
1.693905076873900484e+01,4.195058685187119885e+00,-2.663184796360876572e+00,3.107294994268339217e+00
1.705745901924440133e+01,3.864437131875352538e+00,-2.053897869180879798e+00,3.783797716215202112e+00
1.496554843365372989e+01,3.322316930138503821e+00,-8.069470319012462811e-01,4.429083948048218033e+00
1.121661282907631296e+01,2.935897598424066057e+00,7.666826380137718999e-01,4.366911023925050372e+00
6.959079857145880510e+00,2.715650807484075280e+00,2.032897708403180737e+00,3.348464144450261859e+00
3.246644814517112732e+00,2.368367403017851647e+00,2.407813050065874982e+00,1.755969163105320918e+00
5.840863211298502611e-01,1.681585668770165132e+00,1.777238381355353392e+00,2.712495285204952200e-01
-1.055685412758075037e+00,7.740546781660984088e-01,6.079471275169324729e-01,-6.151438893790183160e-01
-1.927312226459036770e+00,-4.713665657181786983e-02,-3.458231916930242789e-01,-8.425949510453404345e-01
-2.209948802472957663e+00,-6.060982805427634901e-01,-5.194717898731429084e-01,-6.688902010215183047e-01
-1.919980918932860048e+00,-9.681316659191371299e-01,1.247328786738075845e-01,-4.015247116384406123e-01
-1.125715872069584345e+00,-1.256295635944812750e+00,1.092780042849171407e+00,-2.286829102226133337e-01
-2.577666382770230080e-01,-1.455225140968290143e+00,1.672433091987612919e+00,-2.420331305685088363e-01
-3.812450819522832102e-02,-1.461560962824910215e+00,1.393002396019316302e+00,-4.828621596379799596e-01
-8.148482687733334950e-01,-1.296340714711552877e+00,3.792813981182593941e-01,-7.740407234432008510e-01
-1.851731884124816929e+00,-1.186178645281133148e+00,-6.351152040597680681e-01,-4.378206734163400671e-01
-1.495440580673985220e+00,-1.390644512012167322e+00,-7.155606064675025246e-01,1.560248433653060429e+00
1.547047037232085032e+00,-1.946232230024669496e+00,6.317532209605744020e-01,5.677558086433521112e+00
6.786497939534174684e+00,-2.559270408785375039e+00,3.003140999806622080e+00,1.068711272127890233e+01
1.177249201677449975e+01,-2.726292133880318769e+00,5.227940025768831767e+00,1.376756774808970896e+01
1.358156626964967906e+01,-2.026203059280706764e+00,6.112251696335335716e+00,1.237296858933862431e+01
1.084538610881967990e+01,-4.586836664731926416e-01,5.284540116767812101e+00,6.464919004575437889e+00
4.585174104022696540e+00,1.387942793798034646e+00,3.433873344554404738e+00,-1.222352285757558610e+00
-2.800367772377760467e+00,2.558997630551213209e+00,1.709735598954829516e+00,-7.430044044158638172e+00
-9.285321774566211772e+00,2.306049208497752190e+00,8.320089166444035733e-01,-1.090893545742957116e+01
-1.402154598861272206e+01,6.163393832344460366e-01,7.105669121711123415e-01,-1.264587171048161807e+01
-1.674001240079871167e+01,-1.732774192481354669e+00,8.075619207526479881e-01,-1.384010511972690338e+01
-1.687894076455151193e+01,-3.646270129680794891e+00,7.508979976232079689e-01,-1.414524814954179455e+01
-1.371936696507805742e+01,-4.341535260795459372e+00,5.936386458642360919e-01,-1.210244656738851887e+01
-7.453532596574548919e+00,-3.708632641806342445e+00,5.907573018027539868e-01,-7.066483345026188800e+00
1.130521650659538219e-01,-2.258813223355863542e+00,8.302052821834873253e-01,-4.119691107975052557e-01
6.232928350667514827e+00,-8.016852233043952891e-01,1.106323881906838391e+00,5.230171699550189679e+00
8.839449081962019505e+00,-4.477885909410458248e-02,1.132223664140590946e+00,7.907283077053743447e+00
7.733764440372306481e+00,-2.426641219890577350e-01,8.545686367175091558e-01,7.619259514472762618e+00
4.417955290533290835e+00,-1.029838484597472181e+00,5.378870966995803471e-01,5.878983271567966185e+00
9.169312517559033981e-01,-1.601850328019894798e+00,5.181738977223793174e-01,4.186893704824377060e+00
-1.354444567372528718e+00,-1.249040014622686989e+00,8.713911749347468261e-01,2.965051454925506924e+00
-1.975334477688557078e+00,8.635966633644999446e-02,1.333306332062472732e+00,1.793632434492902661e+00
-1.253486962541724870e+00,1.703473978884222584e+00,1.540206404109802030e+00,3.567603805061597133e-01
1.770785755136447537e-01,2.635292675880076096e+00,1.343794539169133273e+00,-1.029854944868167754e+00
1.577226699102617591e+00,2.348758220885784453e+00,9.233911086550139480e-01,-1.677686388404603379e+00
2.222457994509614565e+00,1.077971307001890811e+00,6.439246055083466258e-01,-1.073276334712788938e+00
1.631100678179675745e+00,-4.146254910215820266e-01,8.078413846744978422e-01,7.772939414161059712e-01
-1.167219025077351341e-01,-1.364244306373105120e+00,1.469723327205506802e+00,3.262481834971895811e+00
-2.270728354068253907e+00,-1.412627062236974762e+00,2.403249010186665924e+00,5.322637125694506643e+00
-3.778859076656529314e+00,-7.225029126875591734e-01,3.236801704061551543e+00,5.958893876568430947e+00
-3.979736913338427495e+00,1.629157892617335845e-01,3.700841628070351330e+00,4.929103945925175090e+00
-3.064979558650504199e+00,6.224573586669788217e-01,3.837383789936194667e+00,3.043598218850279480e+00
-1.877754925714787193e+00,3.119708681761216851e-01,3.991407447357192328e+00,1.659540872150381707e+00
-1.220672003326534361e+00,-5.986177564925122541e-01,4.535259882182571367e+00,1.722215733799856485e+00
-1.287764396667791633e+00,-1.484816698771463495e+00,5.506670583634053706e+00,3.127957992684631705e+00
-1.634839172956342956e+00,-1.650286869125523470e+00,6.455905008484362995e+00,4.837055850022230707e+00
-1.575178549550155349e+00,-8.084878184507395815e-01,6.672565338905899424e+00,5.561766251253191129e+00
-6.485309870495535867e-01,6.863024319511944471e-01,5.689743824543196382e+00,4.584731954687665478e+00
1.074722311918662854e+00,2.049596199263799878e+00,3.726976039073141678e+00,2.268830361896398973e+00
2.987026018276434769e+00,2.583644472755344257e+00,1.692547774653310411e+00,-1.131616838934678126e-01
4.306167059571081701e+00,2.138842487029971373e+00,6.272145894729836968e-01,-1.276552608360335794e+00
4.612787035619364318e+00,1.182667944568800422e+00,9.394040963953161905e-01,-9.471888049725792902e-01
4.086520308050005212e+00,4.032702221528102760e-01,2.053963339155429946e+00,-8.804524603438414199e-02
3.181075472881980559e+00,1.466169916273549756e-01,2.817355198686168460e+00,-4.887087287829678522e-02
2.100517155478915043e+00,1.815371467030254260e-01,2.362252518573977333e+00,-1.414902430619945584e+00
6.865268577169542086e-01,3.552231174901578775e-02,7.462908053590960877e-01,-3.601830992504817530e+00
-1.158776111152664434e+00,-4.121390161018815279e-01,-1.104240120632965727e+00,-5.438627723874266628e+00
-3.003909894585238050e+00,-6.904464354145084526e-01,-2.056628032760522640e+00,-6.071054813889488422e+00
-3.901692250747418100e+00,-1.343752666473689295e-01,-1.551926563936105730e+00,-5.435649987629138202e+00
-2.945011398914688883e+00,1.432582539025954338e+00,3.235708831478941588e-03,-4.130494782819601696e+00
2.106746449367179891e-02,3.382121177265154266e+00,1.480144625545375847e+00,-2.977158607408383340e+00
4.047692286756985780e+00,4.655695916736838136e+00,1.775207139022176639e+00,-2.606620883177851233e+00
7.428708520356097189e+00,4.524637015112311644e+00,5.808147383099604433e-01,-3.246816732355481960e+00
8.642864408848714319e+00,3.089681214705931378e+00,-1.381511145946233921e+00,-4.730968443006021040e+00
7.298490836287310657e+00,1.143582514370421910e+00,-2.873643820499202750e+00,-6.606187179074664684e+00
4.386436311854531311e+00,-3.883436254363639706e-01,-3.030722616420827187e+00,-8.233662016466475109e+00
1.641113907082456080e+00,-9.283818386066620132e-01,-1.957726929701232521e+00,-8.965505458051978849e+00
4.844940582654203576e-01,-3.896532397289096949e-01,-6.050881865850303853e-01,-8.504635067349974875e+00
1.265949372418427199e+00,9.148877887511555063e-01,-5.433859479400456743e-02,-7.211157038400362040e+00
3.195814298539203513e+00,2.431599562535227133e+00,-7.594156969978460570e-01,-5.917038648614872720e+00
4.908488162805480393e+00,3.555675472426513828e+00,-2.278513090471366187e+00,-5.248752816262079790e+00
5.312153005929380889e+00,3.841187076288084423e+00,-3.641085323851198208e+00,-5.079853760758915371e+00
4.267070881601466859e+00,3.155284791457512394e+00,-4.026520050390632655e+00,-4.670266365930987540e+00
2.665002123766921471e+00,1.715432734125360348e+00,-3.246156536346927801e+00,-3.325701742668162542e+00
1.813117416821813377e+00,2.658427426216775774e-02,-1.744274460797484938e+00,-9.388698685515305398e-01
2.554715783544569518e+00,-1.269207490928278448e+00,-2.247352557561538289e-01,1.973719269532220544e+00
4.771567268746486512e+00,-1.657744280162822825e+00,7.774203528055128043e-01,4.630619339332629814e+00
7.541719427484645522e+00,-1.060348599230579003e+00,1.121335031002378191e+00,6.435374816650935692e+00
9.700495364552566002e+00,5.487591299376465975e-02,1.007077599865092266e+00,7.262361263864803185e+00
1.040404033810869677e+01,9.417547805893209389e-01,7.281410720072606368e-01,7.408705501350430822e+00
9.468488964513312567e+00,1.080178199586985244e+00,4.178935918974366337e-01,7.228881075158167135e+00
7.388192567225075003e+00,5.192269158467578416e-01,-9.160909807003941169e-03,6.758152031562306483e+00
4.995929214918009009e+00,-2.093448095599201031e-01,-6.680230131955691153e-01,5.695482079359264205e+00
2.925592986665690010e+00,-5.106550956932532914e-01,-1.458550126797507174e+00,3.770078947050262919e+00
1.260010136754234233e+00,-1.535717100693259340e-01,-2.046915881886045785e+00,1.126158354735619094e+00
-3.673150235174078571e-01,5.724288441241398573e-01,-2.127235931350548004e+00,-1.621789950636469912e+00
-2.366147493816136205e+00,1.055077482641478159e+00,-1.703907944421955367e+00,-3.688113937397297537e+00
-4.859317402615717540e+00,7.890836713732943819e-01,-1.113087878265414554e+00,-4.572037409289726462e+00
-7.610665985734151207e+00,-2.418200880779765582e-01,-7.873078540501970979e-01,-4.428880567791937395e+00
-1.012616432834761682e+01,-1.511483715219495094e+00,-9.977884337978064622e-01,-4.090826859961723905e+00
-1.185270727076431818e+01,-2.294654793806032433e+00,-1.746311208957162187e+00,-4.565342828063473135e+00
-1.247475386337596603e+01,-2.179323917273756184e+00,-2.790049847400482008e+00,-6.240587688480326634e+00
-1.215536596784513179e+01,-1.372144229573747820e+00,-3.737072178562047764e+00,-8.451603303601739725e+00
-1.143988918163386614e+01,-5.479259981871607010e-01,-4.220431474505837777e+00,-9.904691895787607336e+00
-1.082089564274117244e+01,-3.298480496395924666e-01,-4.122920295894037856e+00,-9.677988456602212963e+00
-1.038167917476795132e+01,-7.968453183455548317e-01,-3.685408808576088546e+00,-7.921828971079944104e+00
-9.881381710109183203e+00,-1.427886645033642044e+00,-3.349991002405281026e+00,-5.673693075064083935e+00
-9.133890070595862554e+00,-1.539674542381134215e+00,-3.433849814863729755e+00,-4.037099477499619837e+00
-8.228201268398553481e+00,-8.374610569528284643e-01,-3.905792641540154264e+00,-3.449799837698822813e+00
-7.394280451816792166e+00,3.929770975194840643e-01,-4.425229098248493642e+00,-3.554143572103673154e+00
-6.738643323094440696e+00,1.564326144574678112e+00,-4.577404305383336869e+00,-3.661970684673287124e+00
-6.149979166120424168e+00,2.222444353980921328e+00,-4.147974780419025009e+00,-3.391927808073479600e+00
-5.436268467761919077e+00,2.262825375914473636e+00,-3.295541751955298082e+00,-2.940240555531727917e+00
-4.545205339391919175e+00,1.847186654005311013e+00,-2.494647725225142665e+00,-2.739831323205118352e+00
-3.679691703810367365e+00,1.205326044566630062e+00,-2.219915134198754192e+00,-2.845277802768519493e+00
-3.189505458371776569e+00,5.130103149672788909e-01,-2.578330077185489344e+00,-2.722166403441209859e+00
-3.280767852743138313e+00,-1.099914036600234402e-01,-3.221496244689282751e+00,-1.747975232535831536e+00
-3.778609488145306283e+00,-5.423011090780365251e-01,-3.639727970244525324e+00,6.109204683347355114e-02
-4.191026458572854274e+00,-6.299097021055286572e-01,-3.561518216096158707e+00,1.897756506132430854e+00
-4.054900311476446362e+00,-2.498453841827370236e-01,-3.095222343810804411e+00,2.799770712927772909e+00
-3.267920125376102547e+00,5.455422910068630227e-01,-2.537444295606555933e+00,2.459878437877175195e+00
-2.152924149720889080e+00,1.437948779309787817e+00,-2.085207030088611635e+00,1.450554699407720083e+00
-1.278675224062452598e+00,1.950778223449230575e+00,-1.720951919908656258e+00,7.075194077784403568e-01
-1.200433986520143659e+00,1.727427273866132262e+00,-1.328208971708346953e+00,7.574135822562223508e-01
-2.196926939899406239e+00,7.663024011644961053e-01,-8.741350850586143695e-01,1.317457667572961677e+00
-4.050641034665716234e+00,-5.748336647229003171e-01,-4.531399676860625725e-01,1.571460164367920243e+00
-6.047532205971483776e+00,-1.777420537875445516e+00,-1.566874504251783706e-01,9.125259736574048430e-01
-7.353566919528840451e+00,-2.394065002905885198e+00,4.897608225541057181e-02,-4.656792929393860914e-01
-7.592715489904703574e+00,-2.218294569435359076e+00,2.513043210481974432e-01,-1.702798702400694530e+00
-7.169339001524707378e+00,-1.403304769692579779e+00,3.974378762105060248e-01,-2.069705096866294447e+00
-7.037449331848488754e+00,-4.760712428679147457e-01,2.632268252676374654e-01,-1.643820774577037902e+00
-8.050140369289552567e+00,-1.014267448874827116e-01,-2.826882595626788452e-01,-1.113388254683463030e+00
-1.029793550803410440e+01,-6.150979172003210316e-01,-9.835508206554595123e-01,-9.073791803831162683e-01
-1.285815901964070029e+01,-1.671399945524218777e+00,-1.266594399248032188e+00,-6.710728588076243506e-01
-1.421777585524244714e+01,-2.403193179456371453e+00,-7.176520238691868059e-01,2.451153025023613263e-01
-1.325005549205271294e+01,-2.082814744912463212e+00,4.744756628271789567e-01,1.799284351979496099e+00
-1.011107467433625651e+01,-7.663735017021061635e-01,1.557331652934182742e+00,2.916304336476177372e+00
-6.290044232588473783e+00,6.710030989534677692e-01,1.739185000982323315e+00,2.289355068025466622e+00
-3.663353534373642084e+00,1.207685820461636084e+00,7.610318083108531528e-01,-3.649140861484733156e-01
-3.277669363250233392e+00,5.086147380516398142e-01,-9.358933417140229416e-01,-3.799849693132365758e+00
-4.805573774838910239e+00,-8.082848860824882742e-01,-2.533820043818561185e+00,-6.039769773873323366e+00
-6.971642543061404851e+00,-1.700230121416331563e+00,-3.357566937500751525e+00,-5.847512789064112759e+00
-8.471384449145743289e+00,-1.543615115593981679e+00,-3.205248939799478336e+00,-3.585132521950353368e+00
-8.694388715113431587e+00,-5.823674629877575448e-01,-2.328451773414879078e+00,-7.716327896483180515e-01
-7.860661871740352247e+00,3.352496348938976412e-01,-1.190544879909599008e+00,1.127230112897463998e+00
-6.593238064745936100e+00,4.583585516681504268e-01,-2.376762493755147643e-01,1.542546306178357529e+00
-5.304694568141507638e+00,-3.072588778220797234e-01,2.085077418442627395e-01,7.497479673467399852e-01
-3.937102955144235583e+00,-1.419317582636059116e+00,9.590936078241714749e-04,-6.388524271667783694e-01
-2.302188682747792647e+00,-2.242974940160982644e+00,-7.642432412072445169e-01,-2.009938951880806624e+00
-6.240032346598217705e-01,-2.586381205253223126e+00,-1.726961994599046868e+00,-2.868826286331314090e+00
4.037236314861365472e-01,-2.706350160159181950e+00,-2.420476037169756900e+00,-3.044319023577302108e+00
2.027340893439728009e-01,-2.826562921695281894e+00,-2.575159919164674349e+00,-2.917672342703619304e+00
-1.084865205046517955e+00,-2.752823864840912904e+00,-2.314968903363706421e+00,-3.238805151535367965e+00
-2.660467884337873290e+00,-2.064579129122121604e+00,-2.029112422190755716e+00,-4.453092216988922658e+00
-3.764143599801083262e+00,-7.006944706557834968e-01,-2.018112732355727079e+00,-6.160439132926684991e+00
-4.313448985328841800e+00,7.208318711164387604e-01,-2.247598406705024310e+00,-7.345330926397875437e+00
-4.890688793594093475e+00,1.271024438458372652e+00,-2.413092040327909249e+00,-7.219063002708540289e+00
-6.109736121403148701e+00,4.913118004111888260e-01,-2.210878789300648073e+00,-5.877831152146883120e+00
-7.934523726428097667e+00,-1.124000002259204267e+00,-1.580642172897839037e+00,-4.215002070136512735e+00
-9.582711007607768394e+00,-2.420052555930602090e+00,-7.749482230615835077e-01,-3.228652122234823896e+00
-1.017670607231650415e+01,-2.444245152070664062e+00,-2.239988423601751155e-01,-3.277409409471947033e+00
-9.593119974985429010e+00,-1.166564605922157938e+00,-2.475327340454616942e-01,-3.785351391081396955e+00
-8.658336952860292257e+00,5.283066501275992533e-01,-7.817430528347060203e-01,-3.607910645674166528e+00
-8.404852811542031787e+00,1.520545221789693979e+00,-1.351394400397689655e+00,-1.859616142489055823e+00
-9.073291763950802391e+00,1.215245881103982795e+00,-1.369498400828618401e+00,1.372322856896261323e+00
-9.842023239004891622e+00,-1.618958607903978608e-01,-5.654321683565320944e-01,4.976770262876511808e+00
-9.524795452113144378e+00,-1.819228220640293658e+00,7.892884401838959896e-01,7.465206652092538420e+00
-7.553706300126934003e+00,-2.921932018029372635e+00,2.030467320156603250e+00,7.844160224141433879e+00
-4.429615511571530995e+00,-3.046554405701585200e+00,2.512415855673304943e+00,6.173839697932679726e+00
-1.407200632727277245e+00,-2.352789605198867928e+00,1.997895378804480870e+00,3.525206180201623685e+00
2.682591347934985548e-01,-1.409772999047778974e+00,7.839722719547096430e-01,1.349137346033684848e+00
1.125623334171456102e-01,-7.827444784544839163e-01,-4.917383009920009429e-01,5.935396403606004734e-01
-1.247889290886020852e+00,-6.400823969093987209e-01,-1.213514794238772510e+00,1.153157714560541391e+00
-2.372074059031316295e+00,-6.603470422241943805e-01,-1.083716893336208908e+00,2.074571972622089699e+00
-1.855333532712343914e+00,-3.298375316221648368e-01,-2.146990275089744882e-01,2.326841186025971009e+00
7.696116711387835929e-01,5.715605232124415513e-01,9.592912458605298287e-01,1.478892516255427392e+00
4.673851379964635733e+00,1.666521192198602286e+00,1.868769170344374286e+00,-1.731202552247173565e-01
8.127767690991134941e+00,2.122094081852059944e+00,2.053234052329372172e+00,-1.914702734931960526e+00
9.396616670567361496e+00,1.185642519619942270e+00,1.403015143928635577e+00,-3.005478876757692763e+00
7.682560474519347871e+00,-1.231839772172628633e+00,2.472804124870205678e-01,-2.990598817747138760e+00
3.642356721589409929e+00,-4.334824421244562132e+00,-8.307311096892152635e-01,-1.898371329227283688e+00
-9.181981891771556770e-01,-6.779201240024367081e+00,-1.346641055891863559e+00,-2.184945713666680278e-01
-4.168829477309330400e+00,-7.403549799667476172e+00,-1.167516546332302063e+00,1.375569900991846284e+00
-5.469803038203636447e+00,-5.922110738272919228e+00,-5.113858675360266615e-01,2.342725748686534715e+00
-5.645971285020799257e+00,-3.136101536948811663e+00,2.219432604123129371e-01,2.396089344767626361e+00
-6.035678659021062487e+00,-4.993441910990988331e-01,6.400668085878437052e-01,1.485540943016809168e+00
-7.215884412932221714e+00,7.157789505877096836e-01,5.193835263401971325e-01,-1.895090240048674934e-01
-8.592844383123258822e+00,1.329492037897559986e-01,-7.356264686095406735e-02,-2.179051153620937598e+00
-9.098571576694828522e+00,-1.583525395244952616e+00,-7.830095799222626107e-01,-3.929565085954228820e+00
-8.179654473007989424e+00,-3.221896412020838429e+00,-1.155787959059464187e+00,-4.990920501290458056e+00
-6.207545839570154378e+00,-3.794556929242377308e+00,-9.341907530241035928e-01,-5.076371572976289492e+00
-4.148183641017665124e+00,-3.071012178751106880e+00,-2.429005512372603981e-01,-4.026626817755887267e+00
-2.879973546966752451e+00,-1.566389944448889127e+00,4.675540969873042130e-01,-1.922734203212950632e+00
-2.619213249699778423e+00,-7.356868536207385179e-02,6.860092561143383838e-01,6.895738487858413812e-01
-2.789213264223666666e+00,8.914416010728679618e-01,1.542716573998597906e-01,2.847251168939529009e+00
-2.457167145169915301e+00,1.360202171614438127e+00,-9.592386177464500285e-01,3.667070749393606111e+00
-1.066003255586037701e+00,1.761311983944511939e+00,-2.142605420063991684e+00,2.938154138204723598e+00
1.126605383110227399e+00,2.501520535524264233e+00,-2.836310093655790343e+00,1.311125355743247178e+00
3.280563985732449339e+00,3.600915655024741646e+00,-2.745896958859962211e+00,-6.007580947561225876e-02
4.641768175561060694e+00,4.653962260096591308e+00,-1.973715886237099371e+00,-1.985629452532970962e-01
5.042743075415306642e+00,5.137769603368108839e+00,-9.254953365769643669e-01,1.065425354068378905e+00
4.862393022171796808e+00,4.812605835882771466e+00,-9.609915021881930419e-02,2.920445960827831033e+00
4.588362280258439618e+00,3.893719545777824198e+00,1.433150466179285709e-01,4.094990017733724841e+00
4.419779306682110942e+00,2.879050586686570767e+00,-3.047370629345974580e-01,3.796999434768448811e+00
4.232197479304975474e+00,2.194609767518302501e+00,-1.214973392454746115e+00,2.310208941526455284e+00
3.859782511808790506e+00,1.933943149271108108e+00,-2.134017761810361513e+00,6.848587930131557755e-01
3.341582307625060366e+00,1.866724656551764117e+00,-2.602593863873477797e+00,-2.025859409561689140e-01
2.823033718213848076e+00,1.673041353718655033e+00,-2.386589876158967893e+00,-3.449563576103172879e-01
2.228019332493363258e+00,1.186902503287678323e+00,-1.580129312939365205e+00,-4.598844002942109044e-01
1.178931410213763797e+00,4.566047829782325373e-01,-5.347524218514904115e-01,-1.221195978658013992e+00
-5.866892626637066899e-01,-3.655568354175310897e-01,3.389518813730328928e-01,-2.589725365497939968e+00
-2.710713607697661676e+00,-1.135134289195237400e+00,8.065731240733450269e-01,-3.796922524102770868e+00
-4.268997989485637135e+00,-1.729470755729789033e+00,9.516118871212291275e-01,-3.959363800010646361e+00
-4.449696250687880550e+00,-2.038389256125728188e+00,1.095480070769221603e+00,-2.799228068053572382e+00
-3.197238004741701722e+00,-2.026972335006272274e+00,1.512432517129645992e+00,-8.684498575397429088e-01
-1.205540703995943597e+00,-1.814019009304622232e+00,2.167389804691213673e+00,9.001195321276278527e-01
6.471934024429466525e-01,-1.635177652133512405e+00,2.728459140187867060e+00,1.901790358593935304e+00
1.836711282601358519e+00,-1.692460797809776762e+00,2.855748995218975850e+00,2.213578566921167390e+00
2.309754458057487803e+00,-2.037275028437538271e+00,2.496367867712173005e+00,2.345448184030651806e+00
2.271609740259807442e+00,-2.585464427717782065e+00,1.918372777474693924e+00,2.688451584987841869e+00
1.959277483344693982e+00,-3.203221052155220683e+00,1.475162061318119111e+00,3.168024504599370239e+00
1.582666646647466147e+00,-3.740461335297586842e+00,1.326288085263772842e+00,3.363938603264916338e+00
1.376448780310678410e+00,-3.980634513711707179e+00,1.347238375599576266e+00,2.943077750477345322e+00
1.586085882429564275e+00,-3.616949295877392334e+00,1.279263104833241238e+00,2.020168350423969361e+00
2.304386604179345266e+00,-2.395934666029757132e+00,9.702255164621362837e-01,1.150556648459438058e+00
3.309642915939695396e+00,-3.997667880160223342e-01,4.884851583109747764e-01,9.551576112618845871e-01
4.160953636762431351e+00,1.799207702890054827e+00,1.422189789772566534e-02,1.661279778838037346e+00
4.547708092228162080e+00,3.375164178508368362e+00,-3.630894819574851384e-01,2.923519869669931825e+00
4.508267010600480518e+00,3.785805904414663026e+00,-7.077340253372946810e-01,4.080258575768376694e+00
4.199106691565166471e+00,3.159266051692510402e+00,-1.085045988848361898e+00,4.618669682964061884e+00
3.474853798167610197e+00,2.166294321778020393e+00,-1.383848968307717087e+00,4.417688353254672684e+00
1.887545999163962707e+00,1.499862917836581877e+00,-1.360460503153810841e+00,3.601541115223175105e+00
-7.522920623979718613e-01,1.436002520865457877e+00,-8.989634656180343075e-01,2.309747646214512340e+00
-3.870861513540862386e+00,1.804520591265660112e+00,-2.169670512105612292e-01,7.358276025380726670e-01
-6.344748360836947931e+00,2.282019377080638733e+00,2.081000303298161380e-01,-6.989258826402671154e-01
-7.310725354155297673e+00,2.685381665318763211e+00,-6.574502731424938795e-02,-1.464761910913580767e+00
-6.789432567185336609e+00,3.040035985630147763e+00,-1.157741811009631361e+00,-1.364423460190670401e+00
-5.551061157676612901e+00,3.437551071761131727e+00,-2.748706024340676013e+00,-7.875648599529414540e-01
-4.403237994625739837e+00,3.857742449430005216e+00,-4.185748998744789340e+00,-4.073232664569470529e-01
-3.557865879200220682e+00,4.121929196018482067e+00,-4.801847077872393399e+00,-6.012064664392380298e-01
-2.591556656055598928e+00,4.010129299941244341e+00,-4.334954607962987261e+00,-1.184141062024441915e+00
-9.987385998310945867e-01,3.438448004013428871e+00,-3.161679001488189034e+00,-1.665608943207271375e+00
1.151358168222503364e+00,2.555485090890907696e+00,-2.087232837312393841e+00,-1.712431159973427652e+00
3.061524790715773214e+00,1.679072840313446502e+00,-1.778406988027934510e+00,-1.372611435952137526e+00
3.749021032507103168e+00,1.096369243067635058e+00,-2.274443068160564962e+00,-8.934256203074598668e-01
2.813864498978513762e+00,8.482443951235557611e-01,-2.965548365899752348e+00,-3.417431575819734890e-01
7.181291390378894413e-01,6.684910676030728638e-01,-3.035712152229227634e+00,5.635479172276111060e-01
-1.660954427664186772e+00,1.719027003805559395e-01,-2.029596502345099474e+00,2.159441000660064169e+00
-3.741859523410966393e+00,-8.202624643256571924e-01,-1.716993090148279388e-01,4.326173696439003180e+00
-5.547369327003607076e+00,-2.089571252568295456e+00,1.748329242022992336e+00,6.344987379911520620e+00
-7.351081577956752433e+00,-3.152520915027131387e+00,2.866713545934640894e+00,7.438725910388495066e+00
-8.987772258142204151e+00,-3.614123593441005422e+00,2.824588967349990654e+00,7.570023942677888584e+00
-9.514107764833841685e+00,-3.431497891251214849e+00,2.037550395159807515e+00,7.667572230107674969e+00
-7.797790546381734522e+00,-2.871125799447489246e+00,1.425076360063773029e+00,8.882178594489744228e+00
-3.867471181171365124e+00,-2.249151209085344494e+00,1.768419847397489919e+00,1.138029955606692845e+01
1.844836064124812935e-01,-1.740009879560247663e+00,3.178765239027210754e+00,1.376064507384041491e+01
1.117514909454357941e+00,-1.427100573635970537e+00,5.087954320386305795e+00,1.386238235102899097e+01
-2.905354604204583246e+00,-1.474299055114200785e+00,6.753928643087585115e+00,1.056701336238591615e+01
-1.035398336325171620e+01,-2.128916781258768598e+00,7.840687780774603155e+00,5.056418907712058264e+00
-1.714861925155157252e+01,-3.434878522305353066e+00,8.561611027220406456e+00,1.590039377034911106e-01
-1.980263489942742794e+01,-4.921131521109698426e+00,9.270204424362638918e+00,-1.866021043090112963e+00
-1.799896244933179545e+01,-5.700184907503972553e+00,9.923347886346375546e+00,-1.103453883996242002e+00
-1.432458870252449046e+01,-5.053314980238828191e+00,9.994414024018501763e+00,3.780704310808719604e-01
-1.175123184944471788e+01,-3.010951809787127065e+00,8.968254698129143776e+00,6.150880280799546629e-01
-1.133778272002240151e+01,-3.585810302368328539e-01,6.933554194534466752e+00,-5.186941639720007435e-01
-1.192139387061470224e+01,1.925965171669028475e+00,4.660735341434079082e+00,-1.519738041008954932e+00
-1.155428270782179467e+01,3.242691463736615543e+00,3.064936466940110904e+00,-9.370851793145319464e-01
-9.185124558593212640e+00,3.498152605708657603e+00,2.552634644407474784e+00,1.275647066837268362e+00
-5.304499396435994996e+00,2.899160556037930991e+00,2.820468405102570575e+00,3.891343557892064542e+00
-1.346351977539994360e+00,1.783027614994615373e+00,3.211822116782461656e+00,5.543514555454185810e+00
1.424106874370624887e+00,5.928560112121811221e-01,3.261498109224429953e+00,5.642734420470553403e+00
2.620609111189069917e+00,-1.988667059881765176e-01,2.983721782544232148e+00,4.479629375893813936e+00
2.671395001480798559e+00,-3.217897980135530633e-01,2.739050886919158323e+00,2.814246975115605398e+00
2.294417798376134687e+00,9.858539666035215365e-02,2.853069933342736952e+00,1.454663315258619916e+00
2.045527577559929977e+00,6.161880635669196860e-01,3.318621303571419823e+00,1.001276240151556030e+00
2.178246575748706171e+00,7.686354835402028352e-01,3.817554992686060800e+00,1.692490253648744947e+00
2.714493499496512641e+00,3.519568909224188857e-01,4.019854918620781703e+00,3.314868937361097778e+00
3.571100253624680754e+00,-5.211331882712099128e-01,3.871329198481386236e+00,5.233731370843464070e+00
4.672550277672281815e+00,-1.547472298762851750e+00,3.596285890056640344e+00,6.609207680057849643e+00
5.987097440274840920e+00,-2.402744402217604325e+00,3.427464948156422331e+00,6.775833479938135007e+00
7.439466799369223615e+00,-2.863629045524194616e+00,3.352701320529043905e+00,5.616375652805489338e+00
8.804424735813405789e+00,-2.865130329227288719e+00,3.139906853128000552e+00,3.670789234875452944e+00
9.775294210510296011e+00,-2.485067480132737927e+00,2.597335546514346394e+00,1.839733468102727754e+00
1.020593291755500331e+01,-1.863653175272096396e+00,1.786212040801326673e+00,8.395188394529990994e-01
1.026729630672395110e+01,-1.126431356159241837e+00,9.837418178882634257e-01,7.869179054917077032e-01
1.033528022413136682e+01,-3.784338516097264793e-01,4.676466473487052578e-01,1.211497750229095560e+00
1.074051584975711293e+01,2.687856864482051633e-01,3.384164656876912369e-01,1.465045008557481321e+00
1.160558844538527978e+01,7.290974941388558284e-01,5.035733285179003760e-01,1.206632892947156588e+00
1.280420446437710602e+01,1.011296864515396132e+00,7.847370580209072077e-01,6.089996794322549700e-01
1.398193675876887809e+01,1.193829097204806233e+00,1.038573168979513683e+00,1.443977302575615296e-01
1.468448266832990257e+01,1.278157115684743994e+00,1.213354247460590063e+00,1.235521079382519427e-01
1.461540052274025570e+01,1.102819280618147157e+00,1.330307440422427767e+00,3.986606307251898129e-01
1.381565847297336269e+01,4.907882168156054714e-01,1.432352304577287461e+00,5.569911524212363130e-01
1.253356283623266343e+01,-4.794358988199322047e-01,1.544916303489855869e+00,4.477310405617188072e-01
1.091123472164160901e+01,-1.405490312221768789e+00,1.654746513420707332e+00,4.413236429500928537e-01
8.877845897504700545e+00,-1.858221217423716043e+00,1.696627234638071524e+00,1.036836161395813027e+00
6.382006810742731240e+00,-1.794709825539161585e+00,1.562312881964879274e+00,2.194908762786250023e+00
3.648176868020380770e+00,-1.651648974640965495e+00,1.148709459950538303e+00,3.165438431348488457e+00
1.130682211106320612e+00,-1.976667808923146419e+00,4.186248136059985137e-01,3.060279769153960494e+00
-7.562817887539377004e-01,-2.921678111094300867e+00,-5.727573919369615130e-01,1.608659234609121746e+00
-1.825606286158868441e+00,-4.058243540844052255e+00,-1.685331673953309961e+00,-6.170605519552300189e-01
-2.103962990284764523e+00,-4.670068758622529792e+00,-2.698948217799479909e+00,-2.639120013417794119e+00
-1.735216998184196058e+00,-4.267652397769270856e+00,-3.336313367907164373e+00,-3.748984965557925708e+00
-9.012033951418355615e-01,-2.914550645828417608e+00,-3.387928158638366938e+00,-3.936088198869631238e+00
2.358951534497517044e-01,-1.137439315082393154e+00,-2.926976917513825160e+00,-3.834315422480688795e+00
1.562181284868472186e+00,4.666272828651176763e-01,-2.400858316506414791e+00,-4.206407078137929467e+00
3.010968717453541110e+00,1.591921473066956860e+00,-2.381561987931750668e+00,-5.270028343788371927e+00
4.581361968770084836e+00,2.286079649603038888e+00,-3.083207138382682899e+00,-6.406298074298204526e+00
6.346318719108673179e+00,2.716667829737447803e+00,-4.085599649369522801e+00,-6.604432195952452567e+00
8.295985999019041657e+00,2.894110747783556814e+00,-4.600215122031147352e+00,-5.330475132901033142e+00
1.004533318061524483e+01,2.630509636344397162e+00,-4.112368784927718401e+00,-3.034077458500048952e+00
1.080802011566454190e+01,1.785124918815796935e+00,-2.842142267561790447e+00,-8.346394518932130913e-01
9.942766470919695010e+00,5.366727403693414278e-01,-1.596491652932086724e+00,2.883190686883463361e-01
7.686672097889316824e+00,-6.484981047977349533e-01,-1.117582546428317780e+00,1.009990628273492036e-01
5.267937757738496707e+00,-1.369085927243915313e+00,-1.478698008886535353e+00,-8.655847698876868446e-01
4.126909696278666217e+00,-1.598354556947886307e+00,-2.041847849020030026e+00,-1.736405182197259922e+00
4.901488241141267466e+00,-1.618813977592293840e+00,-2.000285174056517512e+00,-1.768823966003362447e+00
7.058292407368879751e+00,-1.681150276865306159e+00,-1.024366742571039213e+00,-6.178624384778721446e-01
9.392653885823616378e+00,-1.772503001903436459e+00,5.235433626027887755e-01,1.624866897426460399e+00
1.088239172488925277e+01,-1.688693966480044661e+00,1.910277213287393749e+00,4.479269722292009703e+00
1.122262358912371027e+01,-1.252755320558643026e+00,2.535401911016586407e+00,7.131961908683304152e+00
1.071551001411402027e+01,-4.581817834191134753e-01,2.216019314321677314e+00,8.602251032397456143e+00
9.675885970531295399e+00,5.001414378908832781e-01,1.168732484721654252e+00,8.156421880311569339e+00
7.906454237180655653e+00,1.251048605121388935e+00,-1.314300579962625892e-01,5.842368859027047279e+00
4.845171600003836510e+00,1.343634013386858950e+00,-1.077487105185350957e+00,2.725196032630599507e+00
4.505724879508632985e-01,4.575749359480725253e-01,-1.084174331908519084e+00,5.217534625898530010e-01
-3.958825257445308221e+00,-1.337569764171971487e+00,1.658212762119717631e-01,8.078935313319507427e-01
-5.980442905626825123e+00,-3.446177124308992479e+00,2.468756911975219737e+00,4.238338513581657807e+00
-3.735128956825590762e+00,-4.889838054964027236e+00,5.027853444167887709e+00,1.004387577729450065e+01
2.339344081695744482e+00,-4.751084613343011576e+00,6.683233119198765948e+00,1.594609268209342368e+01
9.135450936465023375e+00,-2.742850985830730615e+00,6.412982906343808409e+00,1.881580963784805860e+01
1.254953427750882256e+01,4.406773288158989388e-01,3.914158170068602782e+00,1.624188442658954656e+01
1.009793109595096539e+01,3.333530653416929557e+00,-7.489925133048559724e-02,8.250488896252807791e+00
2.593273313162618887e+00,4.503357310355834642e+00,-4.029056408491475949e+00,-2.267586140714273668e+00
-6.314812644228114280e+00,3.488378435268011390e+00,-6.430995910010455674e+00,-1.106265515829102775e+01
-1.239979627518857974e+01,1.144383251256531731e+00,-6.599034306110197257e+00,-1.490332142447138786e+01
-1.333576252064066381e+01,-9.533627935249020524e-01,-4.958750376251924941e+00,-1.305970805115963351e+01
-9.693230508460857209e+00,-1.628830359646132209e+00,-2.616386572680403866e+00,-7.120871258945371984e+00
-3.919068682306326323e+00,-8.476815398486325925e-01,-6.269654806766731259e-01,2.299563940208098900e-01
1.641364459372661511e+00,4.878816673471216281e-01,5.081488334869221912e-01,6.464535583772867966e+00
6.005065020997324865e+00,1.421964927731195205e+00,8.544884561090642094e-01,9.981003645201868224e+00
9.330136688106213327e+00,1.675333550117849901e+00,6.970150565101315143e-01,1.039354336679722657e+01
1.186967877772809388e+01,1.640200583851169069e+00,1.892176376071650901e-01,8.430902473254841212e+00
1.328539034285556752e+01,1.819857879878238771e+00,-6.943934412956559443e-01,5.494122768780877131e+00
1.288151491276793159e+01,2.358081079248885548e+00,-1.896228074774686245e+00,2.982730057060480000e+00
1.039983972718321326e+01,3.039603691782658768e+00,-3.026034462786810764e+00,1.640896268741328212e+00
6.604916023347110254e+00,3.574456663713331928e+00,-3.472296010687870194e+00,1.289064670101004895e+00
3.118895009284343711e+00,3.786473884744050444e+00,-2.853669868002502774e+00,1.185883146107278074e+00
1.546659014941029531e+00,3.600821961906211399e+00,-1.384059847859126169e+00,7.901674891996607331e-01
2.470712757809545579e+00,2.995873815413074404e+00,2.406896424718845962e-01,2.373256410349431078e-01
5.022386163189255015e+00,2.034641341094760580e+00,1.354183762396588220e+00,4.659196073160407764e-02
7.333663027135153278e+00,8.967858254422076403e-01,1.761501450346896203e+00,3.974303993682818947e-01
7.566175888091216883e+00,-1.968488932446283979e-01,1.751494757136418556e+00,8.205824312718454916e-01
4.891468510617996479e+00,-1.115276855965372294e+00,1.748323866757953704e+00,6.658635186892680746e-01
-8.768656077781546154e-02,-1.842443414216994979e+00,1.954626069155291468e+00,-1.957818959151194638e-01
-5.658112004281948160e+00,-2.352610530162996039e+00,2.262379912324806952e+00,-1.204858147941871849e+00
-9.904297071981764233e+00,-2.512071260230027470e+00,2.433035405098907589e+00,-1.608252967841317771e+00
-1.173459249833157614e+01,-2.195929903206979450e+00,2.341080490785994783e+00,-1.088507971382659756e+00
-1.140034741646861960e+01,-1.530013510265413545e+00,2.067030531463676990e+00,-5.552914542830933789e-03
-1.014266574285002953e+01,-9.353067334208216010e-01,1.781774243349314224e+00,8.439862290861505079e-01
-9.239653711770003497e+00,-8.253128381277533565e-01,1.550181362697569343e+00,7.453299705352542937e-01
-9.211230454895281028e+00,-1.226086058208568641e+00,1.249917788478182690e+00,-4.308147277251113683e-01
-9.748283953462616225e+00,-1.727565745854174217e+00,6.926933007258859742e-01,-2.071102312649077515e+00
-1.023617700196987812e+01,-1.846945597434807240e+00,-1.530074494401534313e-01,-3.213380372260488116e+00
-1.027671054616544488e+01,-1.471454771560941843e+00,-1.034665127370469007e+00,-3.270180703626160756e+00
-9.799779095059131251e+00,-9.738931308601288528e-01,-1.510135796178597722e+00,-2.492679673456509093e+00
-8.850631158671333765e+00,-8.880342297064177659e-01,-1.224383474037513020e+00,-1.765687543637916024e+00
-7.390589651872715216e+00,-1.417956331655700231e+00,-1.870073415309802256e-01,-1.923180209010654007e+00
-5.334761332617057761e+00,-2.216876466164341863e+00,1.163417367252802759e+00,-3.151073737611047587e+00
-2.774665332018382280e+00,-2.651122097539516886e+00,2.197846856304542129e+00,-4.874800378038643522e+00
-1.152586812928374782e-01,-2.334558867836374230e+00,2.488707123225891493e+00,-6.123574403416551348e+00
2.113371437821948806e+00,-1.472536185454532021e+00,2.044643741304319917e+00,-6.119699578328010148e+00
3.679056694471172229e+00,-7.136786354724231618e-01,1.200294083880072193e+00,-4.775498044357600058e+00
4.896633382189445882e+00,-6.095798371932491522e-01,3.056234613164018898e-01,-2.784194409812745796e+00
6.404699097202943392e+00,-1.099187918738240732e+00,-4.638649773415894906e-01,-1.182264329445668061e+00
8.641472220168928686e+00,-1.457006105519220052e+00,-1.048693734762655039e+00,-6.756449380056452902e-01
1.147919855353088892e+01,-8.325650310562395795e-01,-1.383984946460664167e+00,-1.257617701635798113e+00
1.428049203219878294e+01,9.880581044539644697e-01,-1.431589803397982807e+00,-2.351871532935793319e+00
1.626049875381769638e+01,3.256449876314885916e+00,-1.319248766681737184e+00,-3.230206356102242715e+00
1.689120979056331961e+01,4.735598925473031962e+00,-1.352456190205453268e+00,-3.362449965744001013e+00
1.616613077159615131e+01,4.625588564310735507e+00,-1.800199779864805505e+00,-2.600028898825447854e+00
1.461553233389098239e+01,3.161268075886489726e+00,-2.640167661054970250e+00,-1.203006713765233382e+00
1.301145541716588916e+01,1.401232681942157221e+00,-3.534061883318535546e+00,3.259354860222957173e-01
1.188660957519465455e+01,4.269365184145056391e-01,-4.086154481785349901e+00,1.528025403340503408e+00
1.121571199770781035e+01,5.981126810910464275e-01,-4.152109167734120199e+00,2.171026548113309307e+00
1.053583925918385766e+01,1.385095765537746493e+00,-3.909977763997717570e+00,2.236070678830901493e+00
9.386816051461540411e+00,1.836641237381313685e+00,-3.638611699639747954e+00,1.849132206319240801e+00
7.677601516562482686e+00,1.310770169786669603e+00,-3.434005838815124445e+00,1.239281198310657972e+00
5.730443634121731300e+00,-4.295421630236274241e-02,-3.143567304709414589e+00,6.289903083104626536e-01
4.053817584144068675e+00,-1.363147422634135131e+00,-2.570882559609517948e+00,7.552077705742757385e-02
3.000742530938561803e+00,-1.661326957659233328e+00,-1.739830332418680792e+00,-5.010718289984271712e-01
2.471049931457325766e+00,-5.330407638461753805e-01,-9.645402747495548379e-01,-1.054149287378814970e+00
1.881301170742742723e+00,1.493736299845227267e+00,-6.649436900168799180e-01,-1.289338770667803891e+00
5.479083935537586436e-01,3.258966823130939883e+00,-1.083413607897342867e+00,-9.971137749104354020e-01
-1.749174127463116957e+00,3.746582704085338111e+00,-2.103032845666752415e+00,-4.954444386830809122e-01
-4.535170293799599683e+00,2.775739129957208728e+00,-3.262507675582347666e+00,-5.163973127300833799e-01
-6.984936256786332898e+00,1.093736572434238719e+00,-3.954681539938005752e+00,-1.498643307521887014e+00
-8.519917666627918607e+00,-1.763004348385937003e-01,-3.733962587926306309e+00,-3.071372050253800445e+00
-9.129428606722347794e+00,-3.015717773378847610e-01,-2.587118767289030785e+00,-4.375941853321775987e+00
-9.206735949069775771e+00,6.256025745921874881e-01,-9.819553102988379800e-01,-4.887047311498440294e+00
-9.105998790326866654e+00,1.850949894175953014e+00,3.783320559696138896e-01,-4.827708228121777800e+00
-8.799662380080606638e+00,2.552008007760337982e+00,9.483708628510766347e-01,-4.794836991119070468e+00
-7.945452031461097242e+00,2.396865169520744576e+00,6.312868747565452132e-01,-5.092104349143780517e+00
-6.377350531800579425e+00,1.655728391768836572e+00,-1.864948232189512223e-01,-5.471549082919944240e+00
-4.584073956686077977e+00,8.429689477421375976e-01,-8.574911913071221470e-01,-5.458914150200942395e+00
-3.561850611446910619e+00,2.670335992007131787e-01,-8.527259595138699799e-01,-4.889530005526238732e+00
-3.953125773423612266e+00,-9.788253411525379977e-02,-1.045555577262279462e-01,-4.169249935233374948e+00
-5.229947778764585387e+00,-3.597218215975515054e-01,9.376856271735863890e-01,-4.017091571263335936e+00
-5.845186233504771955e+00,-4.085069206354845495e-01,1.638026023302727063e+00,-4.849294737955564649e+00
-4.395156349144441421e+00,6.522332692677663968e-02,1.649561756347989405e+00,-6.332339820481942105e+00
-8.067587327921290630e-01,1.232420255476494697e+00,1.122711305423813588e+00,-7.599281206969413560e+00
3.499951258363193762e+00,2.843305779785071596e+00,4.856865192239642193e-01,-8.020828794213464619e+00
6.595851494490726274e+00,4.333897402461728277e+00,5.757514263379632374e-02,-7.796449728156294334e+00
7.364665803541314837e+00,5.232326639454544903e+00,-1.361878239380250322e-01,-7.758405103665633185e+00
6.202144428022867473e+00,5.462470092082827300e+00,-2.554872774712484418e-01,-8.585852535129276930e+00
4.668443702829972786e+00,5.283977159878854302e+00,-4.413090077213553397e-01,-1.018130245707620496e+01
4.370738801972537502e+00,5.000746922220558055e+00,-7.178026079497590306e-01,-1.171639191891360809e+01
5.836470028339629579e+00,4.748091811797830353e+00,-1.033277881329319969e+00,-1.224004877716161133e+01
8.172598524576960344e+00,4.486740629865966667e+00,-1.352440717093941425e+00,-1.139081152016349918e+01
9.772727043240585942e+00,4.091739937156070539e+00,-1.693644277376233687e+00,-9.754045277939482617e+00
9.522220888679438389e+00,3.423112113203524487e+00,-2.060502517921834365e+00,-8.597913553117049190e+00
7.561558775824048340e+00,2.409544870172127595e+00,-2.339262268268035072e+00,-9.097041420995134686e+00
5.095015803765766904e+00,1.185006563504729993e+00,-2.322466187457259856e+00,-1.155893660529415001e+01
3.529098685929957124e+00,1.658813787644561055e-01,-1.915978946547034267e+00,-1.520276945744497787e+01
3.627023591795245139e+00,-1.012331551282347614e-01,-1.344327215062678160e+00,-1.861197028378089158e+01
5.171927185605417421e+00,6.962268892397189823e-01,-1.090954132802413934e+00,-2.053730186675120706e+01
7.225135184437629476e+00,2.332965931596731934e+00,-1.555556338914958481e+00,-2.060478079765635684e+01
8.751098246615404364e+00,4.099702032129970419e+00,-2.722315257180627945e+00,-1.952970682246055745e+01
9.186106279788843310e+00,5.223559886438827959e+00,-4.132376902249065509e+00,-1.855398886957722837e+01
8.555362147288711583e+00,5.318563606248877029e+00,-5.146357788718696646e+00,-1.828097203126697678e+01
7.126427898532998739e+00,4.499939419714791278e+00,-5.248549143743854728e+00,-1.780469386171480650e+01
5.038446635574278964e+00,3.138540487550813385e+00,-4.215556217478912515e+00,-1.515223096923608459e+01
2.314971946116772372e+00,1.556775658337139934e+00,-2.159113483939978817e+00,-8.983321800652477762e+00
-8.561228555524221795e-01,-8.342690839348684828e-02,5.041626467925947042e-01,-9.896998631174416805e-02
