3.640797988326568646e+00,2.171711696132494929e+00,7.961016233285876931e-01,2.912122662112635929e+00
3.038320565059946077e+01,4.009991905419002300e+00,1.095104901428537403e+01,2.755318706396364448e+01
4.685193637419290980e+01,5.930904608040588499e+00,1.797254619311846113e+01,4.255715056631812132e+01
4.990425590098774933e+01,7.616240969409010297e+00,2.031969074046554624e+01,4.480597955263686316e+01
4.424729605991110049e+01,8.233018103161290568e+00,1.856438864121436794e+01,3.851868566455134868e+01
3.706925795104531574e+01,6.859248930208416084e+00,1.471770080513672596e+01,3.057869697108497675e+01
3.259665628213785027e+01,3.367577789291166468e+00,1.107335950582871220e+01,2.554291047324474917e+01
3.112897521179139915e+01,-9.029915398132688509e-01,9.255875496661206014e+00,2.430487613565362892e+01
3.136086004477537870e+01,-3.548078098050220230e+00,9.678324799049550009e+00,2.563860229223099552e+01
3.222119481558780762e+01,-2.665596889729548558e+00,1.144539901773420887e+01,2.777148864684702190e+01
3.301963645446304696e+01,1.547195120356057663e+00,1.288820349862026760e+01,2.907266401461143346e+01
3.337597764072186379e+01,6.666151579549974393e+00,1.272235255702174506e+01,2.872360356707547879e+01
3.360272755287838464e+01,9.711466917498011497e+00,1.110756008012324614e+01,2.736971366567586017e+01
3.453326880688485545e+01,9.270858743006895608e+00,9.548517139600686932e+00,2.670634439489520418e+01
3.653391722504466088e+01,6.290993686576873856e+00,9.489179591770385613e+00,2.805798222033088862e+01
3.898369470101538070e+01,3.037770039532208255e+00,1.094360801697485286e+01,3.140271505585008072e+01
4.084715444854526822e+01,1.343816185807138242e+00,1.271044269267079230e+01,3.557677779946104835e+01
4.128775422847250098e+01,1.574167894631015807e+00,1.397852609894096254e+01,3.890892504871035129e+01
3.958856006503874170e+01,2.742922016943385888e+00,1.536209817045746462e+01,3.971731002358998097e+01
3.522114855013835921e+01,3.284010307432208897e+00,1.795527359773564768e+01,3.708508533946480412e+01
2.866081992310839865e+01,1.942579371022602919e+00,2.141972849036502424e+01,3.183020940568554025e+01
2.182060676249467690e+01,-1.462236538567564414e+00,2.346036179242564756e+01,2.641528734702700376e+01
1.701610837281018362e+01,-5.726125995036746907e+00,2.160554506832077593e+01,2.328388286954166375e+01
1.542608535622595944e+01,-8.798767945138422419e+00,1.568201831293731274e+01,2.316382551450718097e+01
1.671519309729472980e+01,-9.056039607342027509e+00,8.570701357023345679e+00,2.503511946375455111e+01
1.975273377524451490e+01,-6.434716154099920260e+00,4.400341904586589692e+00,2.735569970980161614e+01
2.320455208535970826e+01,-2.473303583495239710e+00,5.545568915858980041e+00,2.898597447358197599e+01
2.583460973509550129e+01,8.643867534050373447e-01,1.075105245191815584e+01,2.943021850016671337e+01
2.716788108347267894e+01,2.647008694705354159e+00,1.589765010048719773e+01,2.902289758344056381e+01
2.802807437544597136e+01,3.453327283382687796e+00,1.702553005518911178e+01,2.889971724490942151e+01
2.973685056994391829e+01,4.428951824948418547e+00,1.342270163786195525e+01,3.004168612014682083e+01
3.243796557089366672e+01,5.833103711875280872e+00,8.249509159126194646e+00,3.199190235778812763e+01
3.463046004250205101e+01,6.560350336024356466e+00,5.993986977204330380e+00,3.290991717126359362e+01
3.463559426461300461e+01,5.195315121486681065e+00,8.808935867437501344e+00,3.122884748802675148e+01
3.221282932247223840e+01,1.582446536008244031e+00,1.485550878221940962e+01,2.713466147320361443e+01
2.860792164661385684e+01,-2.667042341289949103e+00,1.994519247003675844e+01,2.241751292082915370e+01
2.549792231729971803e+01,-5.250491972178605415e+00,2.084129187777482528e+01,1.922666850103535197e+01
2.409672872463319138e+01,-4.831835032179671252e+00,1.741510717629599725e+01,1.891679963997930258e+01
2.458860016702675821e+01,-1.850400101186108648e+00,1.224435729047605648e+01,2.129718999856407891e+01
2.573049662079190725e+01,2.051326567220470132e+00,8.481944955465101188e+00,2.438926464432704222e+01
2.534387828255551511e+01,5.338324550108831446e+00,7.877492331155579564e+00,2.533824100886036135e+01
2.200879230659395702e+01,7.558255905303254529e+00,1.020409747357411945e+01,2.238993401395329741e+01
1.640185768053808957e+01,9.347915820433629008e+00,1.400046948337797303e+01,1.619575255091270094e+01
1.059593438939656451e+01,1.165452036602957797e+01,1.769595410413688441e+01,9.006949588217326053e+00
6.136346923386921226e+00,1.493017997374150951e+01,2.030085185306399964e+01,2.770124562522640943e+00
3.177690494865237802e+00,1.895321397870534597e+01,2.150769240847317931e+01,-1.762575670918832715e+00
1.159384426312550342e+00,2.324785527081841963e+01,2.153176199151106474e+01,-4.623329431411661972e+00
-5.549718879396807747e-01,2.750935778357409944e+01,2.095112652677450882e+01,-6.329107105673354994e+00
-2.808945421965051814e+00,3.158427092045699069e+01,2.048463390027551512e+01,-8.110746338897447671e+00
-6.524585917371066301e+00,3.517672731931745744e+01,2.062413663788181140e+01,-1.155827427691158249e+01
-1.187474018724360825e+01,3.778768177273705220e+01,2.134976919442170384e+01,-1.738866757814376030e+01
-1.799972800840682652e+01,3.908021750783138515e+01,2.224559473607873628e+01,-2.476331281622749003e+01
-2.395940509137826524e+01,3.931162478634379909e+01,2.292224637619590055e+01,-3.208698464576153242e+01
-2.960532426189245570e+01,3.932493746176347571e+01,2.327821219049400270e+01,-3.823709466085525577e+01
-3.515664645437615832e+01,4.001042247409982622e+01,2.336797976898322560e+01,-4.292034609582198357e+01
-4.038760445961387546e+01,4.168532885198079185e+01,2.317704914910592606e+01,-4.642006918394866943e+01
-4.483149915179893696e+01,4.392983710245869133e+01,2.265501986244670363e+01,-4.949044388649048187e+01
-4.851075700907407651e+01,4.596243652033390958e+01,2.188320863486720569e+01,-5.306860987431599597e+01
-5.181744539151652873e+01,4.713877567444762917e+01,2.101285630549049799e+01,-5.736808565083443057e+01
-5.476143608901194426e+01,4.716414914636378342e+01,1.999198390167523698e+01,-6.131109472122223281e+01
-5.691241973095727502e+01,4.605661939373590030e+01,1.851791890027664067e+01,-6.340908056319435815e+01
-5.803744233257196328e+01,4.416737731533921618e+01,1.643180233246502553e+01,-6.323303724183885066e+01
-5.819503543019124692e+01,4.228601238099256676e+01,1.415383623967893456e+01,-6.160399760447140238e+01
-5.719191868266454293e+01,4.144283883454160389e+01,1.257375072796011217e+01,-5.943523058741325826e+01
-5.467239155174421938e+01,4.216891724855347690e+01,1.233941117224849648e+01,-5.698220712646984509e+01
-5.100914128998233821e+01,4.369479341933818972e+01,1.312761418388992141e+01,-5.426869102876958806e+01
-4.745168140313958105e+01,4.399787846789518397e+01,1.357135177837544404e+01,-5.152498129262666282e+01
-4.490542698228683349e+01,4.102512373012953617e+01,1.203475124247942674e+01,-4.880899680216723624e+01
-4.294690648313765280e+01,3.425485056259121563e+01,7.782093671868588913e+00,-4.565824363821374732e+01
-4.041762589346581080e+01,2.525410047564163563e+01,1.690217987478005002e+00,-4.154092853579953726e+01
-3.655355809977237413e+01,1.667987004063466472e+01,-4.159464997261418162e+00,-3.635246280553889164e+01
-3.108472887792198236e+01,1.054041376795242257e+01,-7.835440739034265079e+00,-3.014821973739339356e+01
-2.375555390115474097e+01,7.135065189825162690e+00,-8.806274864609477504e+00,-2.278861682569147007e+01
-1.459984230398940319e+01,5.384071567913809808e+00,-8.058881377105819865e+00,-1.436890350918938530e+01
-4.606863304120777158e+00,4.013931328617999839e+00,-7.087470770978321788e+00,-5.742463420475912628e+00
4.650599574951587378e+00,2.470685910893206216e+00,-6.736300181280741484e+00,2.036195008724230426e+00
1.226906910693091923e+01,8.957573913974476998e-01,-6.832613281738157518e+00,8.851341154143785417e+00
1.849634724127601260e+01,-5.811636831048437868e-01,-6.705913295478147518e+00,1.564803919851772207e+01
2.396225410296345260e+01,-2.429926145797576709e+00,-5.992323258750464454e+00,2.328603411110759325e+01
2.894554870126387769e+01,-5.563564763667680602e+00,-5.054085409213307400e+00,3.154587241526984798e+01
3.343596182053126853e+01,-1.050041443016784726e+01,-4.738319629976747827e+00,3.922571323450313230e+01
3.724612665773433662e+01,-1.656959415811735425e+01,-5.711918680692153139e+00,4.480235358028586035e+01
3.977336994122485692e+01,-2.196740346518204134e+01,-7.910154845214655950e+00,4.704640315913944448e+01
4.027713252816703005e+01,-2.480672958490414715e+01,-1.048970161064661255e+01,4.572525852859868678e+01
3.892080338015750129e+01,-2.440741317017585743e+01,-1.223236023422155405e+01,4.217761213791419550e+01
3.714447984502364619e+01,-2.180688330430859168e+01,-1.207927363421897482e+01,3.878397693980377881e+01
3.643300805626973471e+01,-1.911620824025952814e+01,-9.586864076800509338e+00,3.725591882262325072e+01
3.689357787697819191e+01,-1.825814942283387055e+01,-5.252366440211048371e+00,3.740629511511282601e+01
3.748441393781317288e+01,-1.995966777409541137e+01,-5.586274727273409235e-01,3.777598845726225818e+01
3.742321271715167086e+01,-2.351068819079208794e+01,2.513744620468423729e+00,3.723753301257441706e+01
3.687264887916777667e+01,-2.725833809138977415e+01,2.464406117438700416e+00,3.574063366424456945e+01
3.643479210147647507e+01,-2.948549989553167450e+01,-8.143903240852677916e-01,3.390234893315977160e+01
3.658260683396363788e+01,-2.923057942030578005e+01,-5.872954135848458712e+00,3.249052891818755029e+01
3.752106973903750031e+01,-2.666270569257138590e+01,-1.048842883758226030e+01,3.216785906088664149e+01
3.892584041192733935e+01,-2.285888584348749220e+01,-1.292210397822217338e+01,3.303500903479478268e+01
3.971058100522169099e+01,-1.917817472729985440e+01,-1.281439709353148615e+01,3.426508118128088398e+01
3.876544060162097338e+01,-1.664189259006855792e+01,-1.108530216295130444e+01,3.474696980371553678e+01
3.632027422418784823e+01,-1.563271736863680417e+01,-8.925242256029902066e+00,3.437036484400847058e+01
3.408632714497207417e+01,-1.595977580426096765e+01,-6.756863494779065782e+00,3.427413757776771774e+01
3.357956689385686389e+01,-1.715271417781776364e+01,-4.163605739065529221e+00,3.553481103249846740e+01
3.456692775489846525e+01,-1.879072232789138752e+01,-8.580679317253481209e-01,3.789623912864230704e+01
3.548771886347534377e+01,-2.066257941825722000e+01,2.416549847079974001e+00,3.998995059033810406e+01
3.507978888815708984e+01,-2.263103451666389532e+01,4.224299537362560919e+00,4.045834068732175126e+01
3.324537201882025528e+01,-2.431937190897873435e+01,3.819821454816433537e+00,3.868160976246024774e+01
3.076529770854721590e+01,-2.498982445326564772e+01,2.030773317423438584e+00,3.500573685704678439e+01
2.881422430480697372e+01,-2.389792170104985303e+01,4.642864131473112832e-01,3.090288020358314114e+01
2.853103074207617595e+01,-2.093117678850978791e+01,-2.354764811649901202e-01,2.859274054610750682e+01
3.025249136563703090e+01,-1.694759565170199878e+01,-1.078178338401445391e+00,2.960979114246945798e+01
3.295410478419324818e+01,-1.340504602768641362e+01,-3.381781115659631798e+00,3.338723985590216614e+01
3.492925316638146427e+01,-1.148211415021153137e+01,-6.748746018712446393e+00,3.753006679102708887e+01
3.522989429893731028e+01,-1.133854480416512978e+01,-8.731560236107771544e+00,3.961830977006430032e+01
3.418978178388725553e+01,-1.206974805774101789e+01,-6.897147541772290502e+00,3.868022708016857791e+01
3.266090744772272103e+01,-1.239887785551595201e+01,-1.337081196143933060e+00,3.530464263790752000e+01
3.132528033077234042e+01,-1.161570892938402366e+01,5.020143806048610102e+00,3.103653205147593042e+01
3.074848873305426267e+01,-1.008541218218887536e+01,8.735518459250979362e+00,2.765241410307838521e+01
3.123370170539971014e+01,-8.954286756312017204e+00,8.536031609962348554e+00,2.611550567943453416e+01
3.213085167540784681e+01,-9.266149922908031300e+00,5.822194878889035863e+00,2.564448124677108964e+01
3.193132808424223512e+01,-1.114186044516437946e+01,2.896420037541438397e+00,2.424103178369486500e+01
2.975414499185275474e+01,-1.363528257318682257e+01,1.023724788942696806e+00,2.071565315596027190e+01
2.643421405791560019e+01,-1.536563199859206286e+01,1.278395873799794413e-01,1.603045235826348502e+01
2.353750379492766953e+01,-1.540654442091677190e+01,-1.711005863193598153e-01,1.228304886153999398e+01
2.156744328891809559e+01,-1.372073586307410764e+01,2.104887149440968219e-01,1.063967031450095391e+01
1.982808004121515211e+01,-1.089163060682749418e+01,1.438003679628656606e+00,1.071810678298288266e+01
1.792411000512039720e+01,-7.580021698730670998e+00,2.961311782377848534e+00,1.171367105614806725e+01
1.661927884170580683e+01,-4.301827886374406162e+00,3.563962156776972368e+00,1.342294566009888079e+01
1.701949135692352044e+01,-1.622129406132386986e+00,2.443658165670877125e+00,1.608763612307878077e+01
1.939448118908442709e+01,-3.078783017933988120e-01,1.708741577598107686e-01,1.976887327885563650e+01
2.288472427683427313e+01,-1.018627190175006136e+00,-1.628699703100700891e+00,2.402460465355913755e+01
2.585005652924407116e+01,-3.669552023861616608e+00,-1.685157284185275328e+00,2.780589402199333193e+01
2.648050414384611173e+01,-7.061511602015984934e+00,-2.436843210725911646e-01,2.965373907721269120e+01
2.389222688972139963e+01,-9.289683897866778395e+00,1.153366841251829866e+00,2.862788671698051246e+01
1.916304376804964704e+01,-8.868608467086739111e+00,1.092672510419771648e+00,2.537722497118436138e+01
1.481004410123420278e+01,-5.854438692349914319e+00,-3.659408097812617555e-01,2.184660170116163158e+01
1.264553388879031637e+01,-2.027686296645490494e+00,-1.689098980924349291e+00,1.952146505329593040e+01
1.232393716106554749e+01,2.420454615282343902e-01,-1.283061501527333226e+00,1.823459635681106761e+01
1.232587492760606196e+01,-2.528756168883218858e-01,9.660019296169602976e-01,1.697767525271781608e+01
1.196187960613524481e+01,-2.615991679124691771e+00,3.512652913774419794e+00,1.545693848816683769e+01
1.183091695712259117e+01,-4.671576258344549260e+00,4.526790329609593933e+00,1.432451947247221469e+01
1.260384856377835128e+01,-4.992656985186260776e+00,3.479609876077581543e+00,1.412824928058205387e+01
1.411280542988856013e+01,-4.288021791146269912e+00,1.448724114809261776e+00,1.461305435276989506e+01
1.564736438343529379e+01,-4.670757424176501083e+00,-2.954247089481179533e-03,1.498807330578726749e+01
1.651848664489671137e+01,-7.301947134391276961e+00,-1.811171404855644040e-01,1.440673483510708408e+01
1.627032422268698042e+01,-1.066815969815809950e+01,3.798880437719417413e-01,1.231081129691204445e+01
1.497751524277204105e+01,-1.140829692047474708e+01,7.177470105321855920e-01,8.953504028533902925e+00
1.351366284137428764e+01,-7.240970762373610370e+00,5.476789595300408653e-01,5.681163303409070942e+00
1.290068251454690618e+01,6.137606449894369431e-01,6.241857305439145742e-01,4.049889274759840951e+00
1.307060382334304194e+01,7.866792173081758932e+00,1.968739858798333575e+00,4.296729621352715078e+00
1.282770660191923362e+01,1.026007716352318866e+01,4.582044288327905335e+00,5.065352250210628071e+00
1.147421371994542660e+01,6.758309079631099614e+00,6.863734526816660519e+00,4.957611753464665760e+00
9.981796799693466227e+00,2.264801654003555376e-01,6.530732146807507910e+00,4.039282714495036508e+00
9.917093219337898446e+00,-4.832417373804162253e+00,2.513838488580768971e+00,3.513880169165670697e+00
1.139933778555355559e+01,-5.581716527770675285e+00,-3.749582655480895088e+00,4.217832282041005243e+00
1.265194217419646705e+01,-2.677396091200169082e+00,-8.894695786705769436e+00,5.772245757111711839e+00
1.151235544949941669e+01,5.934376311844611340e-01,-9.799782913154457376e+00,6.919935012517228756e+00
7.094495206335769133e+00,1.007372646108130931e+00,-5.688284316742393543e+00,6.309645871255201932e+00
3.546975676183928838e-01,-2.190770185534673509e+00,1.429187788712069196e+00,3.306812853102418348e+00
-6.285843215108142701e+00,-6.918805759272316891e+00,8.154946020859586753e+00,-1.264458866930742609e+00
-1.007115643939957295e+01,-1.003720045226956259e+01,1.172643552969030978e+01,-5.184504893269266113e+00
-9.691760841983388275e+00,-9.788740838645635378e+00,1.125524020783180035e+01,-6.323488541093322368e+00
-6.478773372331727565e+00,-6.999496173203461957e+00,7.705111956825857256e+00,-4.436717897982442871e+00
-3.380436626209328832e+00,-4.167746436647910002e+00,3.057000699167818691e+00,-1.253549131191899813e+00
-2.259391187049478500e+00,-3.255049777442609038e+00,-7.196739559523093188e-01,1.330661222108815656e+00
-2.288446431825308824e+00,-4.079301322444174538e+00,-2.534546268839103611e+00,2.871911965908570341e+00
-1.104874856462978450e+00,-4.737197873587038366e+00,-2.602242312090347731e+00,4.184587308140211626e+00
2.769185186160591172e+00,-3.653525573752276490e+00,-2.110262926038777742e+00,6.047780947391645512e+00
8.696149529636851838e+00,-1.245322877704429176e+00,-2.197837708510657073e+00,8.369519914008014538e+00
1.444252926664189829e+01,4.959762143320123884e-01,-3.016883933594839196e+00,1.022198355053622087e+01
1.747843939156332027e+01,8.046351682213467860e-02,-3.767889523132263996e+00,1.035475736229552801e+01
1.637254686054891550e+01,-1.922728714169716024e+00,-3.696196673746372507e+00,8.041192480951147914e+00
1.182929280341317124e+01,-3.468914388712352803e+00,-2.987940989929974478e+00,3.904598578849738821e+00
6.384041080080724129e+00,-3.101495653995680613e+00,-2.594140267375903530e+00,-2.947848009667339286e-01
2.422250971797180963e+00,-1.328113122951784852e+00,-3.211141308629025026e+00,-3.189979085209014187e+00
2.536491598768115807e-01,6.069772893582250917e-03,-4.553557857676834963e+00,-5.069357867389218342e+00
-1.618933177109252775e+00,-4.690662949478801025e-01,-5.639865065845758529e+00,-7.229561796937221452e+00
-4.446501962588619961e+00,-2.512247204187873173e+00,-5.671760689988690096e+00,-1.019380581174284828e+01
-7.912662188248846817e+00,-4.695718745444497522e+00,-4.592371696386400970e+00,-1.306022546989454725e+01
-1.072553264493729941e+01,-5.627988975110292280e+00,-2.951107350683798369e+00,-1.455782815580004552e+01
-1.179457149751635292e+01,-4.728788153248624226e+00,-1.427730416609188868e+00,-1.415635742319147816e+01
-1.068145511622376453e+01,-2.203839016405479967e+00,-4.843327283459992749e-01,-1.206364773961703385e+01
-7.717208176546630050e+00,1.240833059128568783e+00,-2.870476274636515890e-01,-8.857814221211125272e+00
-4.257130242387268559e+00,4.551889916819241932e+00,-7.972992900909184888e-01,-5.569067108627843155e+00
-2.283437901976316464e+00,6.595027839426191640e+00,-1.882158570018077848e+00,-3.609050308287579334e+00
-2.970086040201918021e+00,6.770831582637406143e+00,-3.318090944607055448e+00,-3.957408545480396889e+00
-5.668346733530806425e+00,5.540760199297943167e+00,-4.706869671525360843e+00,-6.461809037489526730e+00
-8.672117146814260380e+00,4.174702085608373636e+00,-5.526304846053045061e+00,-1.018848713203726142e+01
-1.075327881632706806e+01,3.749039933813166581e+00,-5.466376202218601321e+00,-1.416414070796997571e+01
-1.156790104184387324e+01,4.279694924499303887e+00,-4.787774871454003822e+00,-1.742457455906918895e+01
-1.103492522612891058e+01,4.813562350213133278e+00,-4.218367078477029963e+00,-1.879602267697547902e+01
-9.228931873718536849e+00,4.380332687768623501e+00,-4.330917472788280875e+00,-1.746156541063876233e+01
-6.903757622784743475e+00,2.897268410309137732e+00,-5.018812840929587793e+00,-1.384272484787136825e+01
-5.264895349684871384e+00,1.191548382487673585e+00,-5.706575191491840116e+00,-9.387316577563163733e+00
-4.829351540042676305e+00,1.666138497518222794e-01,-6.099415112375435655e+00,-5.365696991665646287e+00
-4.968194661184058170e+00,-2.510099356745880417e-02,-6.532394379877038304e+00,-2.265559977284749227e+00
-4.826828366887407462e+00,1.835774620469252105e-02,-7.346801343199345524e+00,-2.990584251220242407e-01
-4.253501278273004615e+00,-3.241557154924404882e-01,-7.942553210257033314e+00,2.309166828188111975e-01
-3.601999431588951417e+00,-1.126775915094219371e+00,-6.794611862890606702e+00,-5.835583964175208305e-01
-3.166020860427075867e+00,-2.096462746814527822e+00,-2.819433047200914366e+00,-1.949681109261548695e+00
-3.200936010680889954e+00,-3.107052624648892092e+00,3.119594340226112372e+00,-3.068217518185115456e+00
-4.005083974173075489e+00,-4.288624177513375990e+00,8.217465114237681334e+00,-3.887177293598202077e+00
-5.427481742842699575e+00,-5.566978597199675249e+00,9.525558394766406423e+00,-4.829415140336576151e+00
-6.660758661505302491e+00,-6.384901167220533580e+00,6.076309792713432856e+00,-6.119106755066741066e+00
-7.168512947540193636e+00,-6.152007401323985825e+00,-4.293953069004278200e-01,-7.831154200527485898e+00
-7.601087702467465235e+00,-4.947905960586058249e+00,-6.802505422413515745e+00,-1.025089038993506918e+01
-9.066636139062172361e+00,-3.508279401850527890e+00,-1.031972369726161709e+01,-1.344877731649823538e+01
-1.147654229668256498e+01,-2.341987846734714829e+00,-1.000724862561507322e+01,-1.649563726536893427e+01
-1.326430468019637843e+01,-1.022274788152228053e+00,-6.665469964965553551e+00,-1.776590850428704016e+01
-1.293291700293259261e+01,1.322310503383131497e+00,-2.065260447839713631e+00,-1.633169343033131682e+01
-1.045368168976750667e+01,4.676891593054323337e+00,1.958992346643098292e+00,-1.284016784730637895e+01
-7.119930978113563569e+00,7.457308545240072029e+00,4.138393318218172467e+00,-9.058980372059060926e+00
-4.624524374549892514e+00,7.432215695674480926e+00,4.067973778233503701e+00,-6.944078474881983709e+00
-4.373127531716815675e+00,3.583754463010995206e+00,2.166241999939630070e+00,-7.951687890938102576e+00
-6.814707381605332515e+00,-2.717022235375219807e+00,-6.866726049370691642e-01,-1.226725899470166326e+01
-1.074358892938112930e+01,-8.272805905653171976e+00,-3.648569430586305895e+00,-1.809029488495439253e+01
-1.367984896818295582e+01,-1.001490222541236363e+01,-6.267421342113497218e+00,-2.221836687885029704e+01
-1.370276271084019371e+01,-6.970495907472912478e+00,-8.523085224081912159e+00,-2.221662588217379053e+01
-1.098230968505310834e+01,-8.626892769860137200e-01,-1.059971445368290510e+01,-1.823991807927219000e+01
-7.285508876638345122e+00,5.051799978658412904e+00,-1.253255152818147344e+01,-1.262194817442302153e+01
-4.269890062892403471e+00,8.028236899400237547e+00,-1.389750240979796381e+01,-7.909158242288199858e+00
-2.591054712141565908e+00,7.306841144223707118e+00,-1.376531163613455355e+01,-5.409820128149899432e+00
-2.150777810728658590e+00,4.125110020824362955e+00,-1.113143645428076844e+01,-4.962964945032050323e+00
-2.349538904840215547e+00,5.315196471113838861e-01,-5.739452327380977437e+00,-5.251844922341565081e+00
-2.175631019126925025e+00,-1.975686915996341941e+00,1.243077017257089523e+00,-4.509672866293719551e+00
-9.478454193645993175e-01,-3.054121709353340375e+00,7.340712511620823832e+00,-1.907195589076846165e+00
7.049925508925114492e-01,-3.147619341561216810e+00,9.826904252897799452e+00,1.319460553225474619e+00
1.212438161694984640e+00,-2.680842475961365601e+00,7.210720003341084094e+00,2.620480494426725038e+00
-2.134806832051457381e-01,-1.619454577488189440e+00,3.331389095757879559e-01,4.557177363025162742e-01
-2.660853122191729536e+00,2.525104603898230549e-01,-7.663179408802534454e+00,-4.269143130875535874e+00
-4.659094010367645033e+00,2.753495585201575224e+00,-1.279906655003571458e+01,-9.153163952042811857e+00
-5.816498108758196395e+00,5.145460575759346789e+00,-1.259280686708239294e+01,-1.233577767775659950e+01
-6.946427311320491071e+00,6.620521296742184703e+00,-7.761831794568970544e+00,-1.356975505729068310e+01
-8.962524662885860138e+00,6.920370798498617582e+00,-1.850192692942623784e+00,-1.397613806755643218e+01
-1.206098881952414814e+01,6.435375209759354398e+00,1.164841490860756945e+00,-1.520737552931026215e+01
-1.554417173244266515e+01,5.720021817592208180e+00,-4.988717556632584760e-01,-1.828043720963235685e+01
-1.784869976954231063e+01,4.991610161599401962e+00,-5.568186174470047156e+00,-2.242186831378340983e+01
-1.717002544224745719e+01,4.147774582740294314e+00,-1.104783357302357238e+01,-2.520011107210117984e+01
-1.305396271762427141e+01,3.197254724301643591e+00,-1.436026315608703641e+01,-2.455399392046724927e+01
-7.522524838579755624e+00,2.505213962880405543e+00,-1.456204974702203714e+01,-2.088548825423481503e+01
-3.861519849948780614e+00,2.526994834943535828e+00,-1.212591637317531834e+01,-1.674325397095649137e+01
-3.825455888861133413e+00,3.405842047428160768e+00,-8.110866728404758419e+00,-1.436576619649847686e+01
-6.217412862829790221e+00,4.971946324764529024e+00,-3.684221025097661251e+00,-1.387292728838136568e+01
-8.206701958276033437e+00,7.038462263338182368e+00,-1.005624271099186534e-01,-1.376869942753497789e+01
-7.668494273963912811e+00,9.398417032753416223e+00,1.412838163131709068e+00,-1.260889468744579567e+01
-4.457623518952751773e+00,1.140232215425247553e+01,1.894227280448682604e-01,-1.006720495552111139e+01
-3.778118492805422335e-01,1.180459047077308377e+01,-3.254964160789494798e+00,-7.045323541610629903e+00
1.700043099655123680e+00,9.472074209017788959e+00,-7.135866348634654521e+00,-5.126513522180252025e+00
-3.672608310156944555e-01,4.510791789775811189e+00,-9.140610146402782021e+00,-5.373012840038389193e+00
-6.023946210823474701e+00,-1.356517626699710544e+00,-7.668013399606198988e+00,-7.098611912778073574e+00
-1.198722180763059875e+01,-5.788249276036378177e+00,-2.836741602849413013e+00,-8.161223590970688946e+00
-1.493538438445037464e+01,-7.504404096954128356e+00,3.409119571745003796e+00,-7.046167279280316720e+00
-1.433435481537543055e+01,-7.219221414507142498e+00,8.314803202128407733e+00,-4.475036592593288454e+00
-1.232929357671494053e+01,-6.994566419249515832e+00,9.990064269173899447e+00,-2.418525329161735904e+00
-1.115824678206927345e+01,-8.526682399378602284e+00,8.668045275048314124e+00,-1.649691874286217219e+00
-1.121547797906784538e+01,-1.174574860320231195e+01,6.485236265408673262e+00,-8.446679012525716290e-01
-1.134057334932610850e+01,-1.484435528399457738e+01,5.750303089873160189e+00,1.876412061901068462e+00
-1.014213690505514798e+01,-1.574647372506119325e+01,7.043329864569586540e+00,6.947834213333066167e+00
-7.002060119496624324e+00,-1.387746620539850539e+01,8.790088428880045157e+00,1.279029042282737727e+01
-2.673702764470804016e+00,-1.072942631704636973e+01,8.683350015615388884e+00,1.665920071805533809e+01
7.108229050613561473e-01,-8.590347370108231573e+00,5.680049368044366886e+00,1.613165559659548620e+01
9.227820355943933128e-01,-8.442404023254079348e+00,8.913940953468310058e-01,1.069538039238354798e+01
-2.406712607924481606e+00,-8.994681443190474468e+00,-3.233765311004097143e+00,2.505390935107632000e+00
-7.310283370812652670e+00,-7.925073539315933502e+00,-4.601493761865498300e+00,-4.795287323275470470e+00
-1.128246552220111987e+01,-4.260062474267804156e+00,-2.676995219284021843e+00,-8.612762823933159950e+00
-1.326181562305358241e+01,4.346592492003927832e-01,1.523073258513233608e+00,-8.897780380825706104e+00
-1.364264504734412320e+01,3.278214697647920062e+00,6.280263710461960969e+00,-7.245917334729480963e+00
-1.303564841698591970e+01,2.530302554384606939e+00,9.965111162005268142e+00,-5.093664932469093465e+00
-1.180711253600119548e+01,-1.052385541707109518e+00,1.132206242070544100e+01,-3.102910548074382380e+00
-1.049657202416107182e+01,-5.031800914649009471e+00,9.619332052522420184e+00,-1.611474471155362354e+00
-9.701883478703429375e+00,-7.228590460227461989e+00,5.136962673330489615e+00,-7.306680227172197561e-01
-9.358854934602121034e+00,-7.004604747137995524e+00,-3.554741582487525586e-01,-2.303674496272904715e-02
-8.759910443667664026e+00,-5.143892549610871612e+00,-4.082594771307005210e+00,1.167050268513235789e+00
-7.480888012249725882e+00,-2.927107254454460961e+00,-3.935111398595930066e+00,2.838304706497731367e+00
-5.798727981142966392e+00,-1.335036797994479718e+00,-1.056656082303052135e-01,4.245295418640102625e+00
-4.080586484340951614e+00,-7.719797393044642853e-01,4.916370063333117102e+00,4.831346269385640824e+00
-2.355064772259563899e+00,-1.148999398066138822e+00,8.194542513878772638e+00,4.821776474316196825e+00
-7.336114210196649221e-01,-2.078309110958348693e+00,8.467971377004106515e+00,4.760078372499467747e+00
3.647965732767736724e-01,-3.071620144502079874e+00,6.741175721843874591e+00,4.951246153679147888e+00
8.814729398886685940e-01,-3.669739116540799095e+00,5.048907407159262561e+00,5.608178527901348076e+00
1.549913185938264215e+00,-3.426002945571666292e+00,4.715444747979088191e+00,7.010821470955705514e+00
3.069128600464181567e+00,-1.851877315656508483e+00,5.564127184876834775e+00,9.001294258080170252e+00
5.048592549748176950e+00,1.365942762248622877e+00,6.362243951630571992e+00,1.059259783562180246e+01
6.243574732662361626e+00,5.809194511187516063e+00,5.763342152288541520e+00,1.059840695323801718e+01
5.687411302819761261e+00,9.975846059582798020e+00,3.047253042078748031e+00,8.622112991388803493e+00
3.251433082833320221e+00,1.184233111212471989e+01,-1.464740358406702692e+00,5.198281318978532184e+00
-5.505654388352223538e-01,1.025306741959699330e+01,-6.284944351118954664e+00,1.244213807232558811e+00
-4.675079468575058073e+00,6.007645345017437855e+00,-9.173175379541126162e+00,-2.235251346298301467e+00
-7.684105366158536121e+00,1.503193124785191070e+00,-8.276734216012414436e+00,-4.272568648667914637e+00
-8.640158438755497272e+00,-9.766076579952864822e-01,-3.491534674214501255e+00,-4.573106023669284426e+00
-8.115021641614065473e+00,-9.640424612792959369e-01,3.034425015859536945e+00,-4.124616063637266627e+00
-7.711974715303203887e+00,-8.623765802350144560e-02,7.948236942056067456e+00,-4.509811588946837979e+00
-8.268722254622643320e+00,-6.612519736575906970e-01,8.780203734598828191e+00,-6.261994963403058279e+00
-8.958947500561802002e+00,-3.676770804437809570e+00,5.578977228870505733e+00,-8.231928859546364663e+00
-8.416643827334384653e+00,-7.713995444242941701e+00,7.765678494452116221e-01,-8.773023147984845949e+00
-6.279319768870653462e+00,-9.739903673048120325e+00,-2.686369985769454960e+00,-7.230885115642661454e+00
-3.324027440417743229e+00,-7.322463556063006251e+00,-3.472004793574457349e+00,-4.211530770992527373e+00
-6.423804703479470968e-01,-6.621481998841607375e-01,-2.461193278120527683e+00,-1.003687080864728243e+00
7.654548818714232983e-01,7.158685457883477987e+00,-1.519819856246849454e+00,8.818577623299905799e-01
4.962833224671983623e-02,1.200101542106072117e+01,-1.751324754768619929e+00,2.162852915253360153e-01
-2.925801784779935577e+00,1.130182453910240170e+01,-2.847771502903729157e+00,-3.044913957990399656e+00
-6.932959818358034099e+00,5.723522027797423917e+00,-3.849605227583703382e+00,-7.325276829163501091e+00
-9.811162201997783328e+00,-1.191784480722285267e+00,-4.270368389596495895e+00,-1.039288487659445259e+01
-9.813461988152043958e+00,-5.095447451290374907e+00,-4.452659034737928678e+00,-1.092853883679512883e+01
-6.565358938309119097e+00,-3.418067932832145051e+00,-4.975769229871787935e+00,-9.103425985781111507e+00
-1.184992989182060530e+00,3.050670444816616200e+00,-5.840852399113575899e+00,-6.040962074467809195e+00
3.936874485885699215e+00,1.063897670524948147e+01,-6.284603594080678590e+00,-3.253825504123435408e+00
5.880744059171655991e+00,1.513221059284631131e+01,-5.436982612560370853e+00,-2.259215687545731654e+00
3.029867497275619659e+00,1.441664518675408146e+01,-3.204738396460677929e+00,-3.666976750482222602e+00
-3.139606738383911910e+00,9.562477822925115944e+00,-4.851914219100368908e-01,-6.175636163599232731e+00
-8.639123231364887801e+00,3.676131573342964032e+00,1.549778002194812432e+00,-7.087296173649042963e+00
-1.002589320091761138e+01,-4.245898123937058011e-01,2.374006807039810596e+00,-4.486425658383941695e+00
-6.897891261474532243e+00,-1.879681442981753881e+00,2.273463974344791527e+00,1.115564899764618811e+00
-1.425579270272562482e+00,-1.707081627805861368e+00,1.691457181572566526e+00,7.379654374792158578e+00
3.816039887475963344e+00,-1.413912931070832935e+00,6.668074181120845489e-01,1.194691272801056314e+01
7.074806303668417229e+00,-1.722347093016789010e+00,-9.133001014111148397e-01,1.348279632906585945e+01
7.405805503039292859e+00,-2.427883043673500829e+00,-2.660033514132295274e+00,1.177892066287508754e+01
4.846766132475368138e+00,-3.103518727270840216e+00,-3.611162530269782067e+00,7.869028644244645321e+00
8.507427120506581009e-01,-3.596361647264886940e+00,-2.975995091879674259e+00,3.978619835800547566e+00
-2.309561489734055950e+00,-3.829410099833591818e+00,-8.903194125388546043e-01,2.399577634465589693e+00
-3.088099101487103759e+00,-3.468209128073622249e+00,1.634574838564206933e+00,3.847281829485716287e+00
-1.466196616057827917e+00,-2.132983326666797019e+00,3.478028651932139503e+00,7.058029488448957167e+00
1.638162304976418238e+00,3.850029127067103318e-02,4.146343643970764603e+00,1.003114700393790848e+01
5.129275687779702331e+00,2.251628049089599237e+00,3.905114601181537193e+00,1.140462171843907946e+01
7.864831047835337152e+00,3.613030378961140876e+00,3.304665885772483325e+00,1.081153465150761939e+01
8.917310950489218513e+00,3.808160737719277211e+00,2.557286216027021997e+00,8.675623341322358684e+00
8.356182348204759691e+00,3.202042616247701812e+00,1.365433945627225754e+00,6.056110784456508078e+00
7.420627621046849143e+00,2.322953062342831387e+00,-5.738525690967128945e-01,4.195671639122183549e+00
7.389887724417674164e+00,1.304950848555634479e+00,-2.928144802276666958e+00,3.632074475025820703e+00
8.432110619260233975e+00,-1.508428789240237877e-01,-4.802922205016755264e+00,3.799740375508183998e+00
9.823169234542019623e+00,-2.265102009109146497e+00,-5.591121751545695240e+00,3.713279725593821023e+00
1.088086325447595470e+01,-4.617836873933057973e+00,-5.600985355615796912e+00,2.829247043620285673e+00
1.117682120068833562e+01,-6.135113298267358850e+00,-5.627893493188911300e+00,1.070410122868330038e+00
1.019596388151889066e+01,-5.791250470094212233e+00,-5.969284151741885758e+00,-1.524058786271635269e+00
7.583621233382126903e+00,-3.512733597733029178e+00,-6.122072693695744583e+00,-4.624352125242529254e+00
3.785083073278818322e+00,-4.539477241463771851e-01,-5.531188488400412773e+00,-7.340852281187373762e+00
-1.502543607750984334e-01,1.705533357427135410e+00,-4.426267300654103565e+00,-8.798811857889846877e+00
-3.530178285847364705e+00,1.882426050821871533e+00,-3.678929263348051037e+00,-9.029364089367541979e+00
-6.353197031564237207e+00,1.774962125296746518e-01,-3.798900537554561030e+00,-8.796385042904139695e+00
-8.706937510751892262e+00,-2.460740319366967466e+00,-4.216940427840773609e+00,-8.512633382077661182e+00
-1.047561030351845979e+01,-5.012589746332419161e+00,-3.723669329035496744e+00,-7.863949902230637612e+00
-1.180589263536242051e+01,-6.863943778382942895e+00,-1.685143576068161453e+00,-6.604030215343266619e+00
-1.316279258447618261e+01,-7.731894264980549103e+00,1.201495105439345901e+00,-5.107997614466859737e+00
-1.449791135597020109e+01,-7.373036180808780315e+00,3.385365196354818806e+00,-3.821104852160078558e+00
-1.493161291113163358e+01,-5.540398034675277472e+00,3.663688401368992320e+00,-2.655257049736293062e+00
-1.385182323838373541e+01,-2.328830812653101656e+00,1.931085300863838672e+00,-1.353286825231919455e+00
-1.196451961515247220e+01,1.425547454013850857e+00,-1.042193489295978548e+00,-8.667926322301702791e-02
-1.063252924791323828e+01,4.245869857116578494e+00,-4.235298476983378357e+00,7.484916240310025559e-01
-1.036766235746504528e+01,4.823524364622187477e+00,-6.681345832801842022e+00,1.038783539536548783e+00
-1.051759692152340087e+01,3.029203155534157421e+00,-7.508374258653633504e+00,8.218924300607689526e-01
-1.020970816308757989e+01,2.526650102071713033e-01,-6.213417318915170462e+00,-1.926575550920092694e-02
-8.919238866879066308e+00,-1.370714908587821634e+00,-3.115780610753577040e+00,-1.303410679556269436e+00
-6.245305767664629748e+00,-4.244813611602799019e-01,6.681519949269334457e-01,-1.962547841804814786e+00
-2.062635556870345610e+00,2.653973602403987275e+00,3.961757722917452540e+00,-6.932208943120167222e-01
2.739675209675616063e+00,5.719716359155789576e+00,6.240897793092115897e+00,2.547061392799024659e+00
6.315981229283150533e+00,6.486829389606839413e+00,7.506239021220047825e+00,6.142741946709881162e+00
7.199800858355574817e+00,4.433436472544249440e+00,7.570991368289560874e+00,8.128363594872675790e+00
5.367629819914805367e+00,1.352788613755979030e+00,5.829421584903363929e+00,7.589575867098728779e+00
1.813995563875300254e+00,-1.579281905960029375e-01,1.966590958392109290e+00,4.797047514955631975e+00
-2.426991294488980433e+00,1.015499448868687704e+00,-3.194673432452762807e+00,6.482115294832988539e-01
-6.472905566942700695e+00,3.632359061004041489e+00,-7.796424159036942747e+00,-3.606798876845681345e+00
-9.367908891806994376e+00,5.441383440549233619e+00,-1.005407480141127685e+01,-6.624390071313119854e+00
-1.045702282662603366e+01,5.283790385086597041e+00,-9.370313754815454033e+00,-7.706991323336255029e+00
-1.000736962896634985e+01,3.843801431925050416e+00,-6.520121933511513035e+00,-7.339050355406202542e+00
-9.048541349551438628e+00,2.504774055241867803e+00,-2.912311365097381088e+00,-6.672259709436863417e+00
-8.631069915682845206e+00,1.745050932131085863e+00,2.979835369349067009e-01,-6.527623295772852607e+00
-9.462097326430855659e+00,8.066606439285289865e-01,2.515624931205261205e+00,-7.053973756069549239e+00
-1.183305886153783426e+01,-1.155446417392614444e+00,3.396604977504893874e+00,-7.954805054744324089e+00
-1.513396494882965371e+01,-3.821528649663686661e+00,2.554122416529249762e+00,-8.466318186780526389e+00
-1.750247917799852004e+01,-5.711097661807784220e+00,-1.467980396584729619e-01,-7.334538866024074899e+00
-1.687615523876040768e+01,-5.384991767360093995e+00,-3.931802567184268682e+00,-3.686427600075354416e+00
-1.293422937446065468e+01,-2.634256783112223665e+00,-6.985460515003749649e+00,1.722607224563163619e+00
-7.675975891517123451e+00,1.348599670558737307e+00,-7.365971215444134579e+00,6.591064452067310953e+00
-3.779524572532808602e+00,4.783043467251243186e+00,-4.362899192424546158e+00,8.754828339961479244e+00
-2.601563742907895271e+00,6.362448227853548133e+00,9.160771185326501698e-01,7.643951254175107124e+00
-3.744698823922059550e+00,5.881775225136551377e+00,6.281952905265300480e+00,4.180579781119434735e+00
-5.850871879627782768e+00,4.177398810222911152e+00,9.837920800033190361e+00,-8.763358299994095102e-02
-7.367909408123719750e+00,2.517788069445240584e+00,1.081787425717166862e+01,-3.507077880118145252e+00
-7.185408278094322476e+00,1.830347883178457424e+00,9.417841918322258365e+00,-4.829475948019017473e+00
-5.401123272436913147e+00,2.223191591322674743e+00,6.163072608057253987e+00,-4.160764398479518178e+00
-3.392086541912299857e+00,3.084761405945128043e+00,1.620794501914555541e+00,-3.278352547304885789e+00
-2.527356839177891779e+00,3.652097670827771925e+00,-3.340359023639178915e+00,-4.256615078903342564e+00
-2.830228824052750003e+00,3.584070539288549906e+00,-7.294302052782098755e+00,-7.562141570874326035e+00
-3.374099314881502387e+00,3.074278835969647350e+00,-8.669222758416461616e+00,-1.176471495062909156e+01
-3.825071221863965309e+00,2.457851675340828823e+00,-6.799141643619541320e+00,-1.498351832465828082e+01
-4.878573956289412372e+00,1.766572301723428717e+00,-2.721817075327219726e+00,-1.620252362547024561e+01
-7.093067248497082922e+00,7.560482461685008593e-01,1.229868127568404024e+00,-1.542944677780028684e+01
-9.991067725705116587e+00,-5.820515953074886228e-01,2.967525771817898672e+00,-1.342453232879656788e+01
-1.260301606667413488e+01,-1.615473156776622288e+00,2.083139005529693666e+00,-1.152196677357223820e+01
-1.435317620836711328e+01,-1.372135724064131868e+00,-6.867508512126614673e-02,-1.099706437491954070e+01
-1.508461761656535494e+01,5.751455789711625854e-01,-1.654542106125492351e+00,-1.199510423404588977e+01
-1.474296762701603214e+01,3.484084269801179357e+00,-1.794005421295152836e+00,-1.326824341436543442e+01
-1.351920148436176916e+01,5.798958441317983770e+00,-9.191381814273662521e-01,-1.327838075764637260e+01
-1.192852382026996594e+01,6.272548682275588483e+00,5.162721290379266442e-02,-1.140183603780493726e+01
-1.022942937657095541e+01,4.870651820524020792e+00,7.915296967887487378e-01,-7.998252626865421711e+00
-8.032366911955515221e+00,2.687812704984489987e+00,1.864548795989075414e+00,-3.865177882621602556e+00
-5.015211450317727859e+00,1.027757987365927494e+00,3.996388551520889010e+00,-8.243285655995057082e-02
-1.823902802774426402e+00,4.856043429976419357e-01,7.026144925490151572e+00,2.083462236611606677e+00
3.322398007539936748e-01,7.412362604744401340e-01,9.606647257977513732e+00,1.942769744627086181e+00
9.304307071146877828e-01,1.086457681731652913e+00,1.009886761766095198e+01,1.270669326224301843e-01
4.686559025385102495e-01,1.117938433099194606e+00,7.953037844009988255e+00,-1.905658292910402896e+00
-3.526294094603964480e-01,9.915674774032933181e-01,4.299631417651379905e+00,-3.159910282543634263e+00
-1.125354279253239609e+00,1.106626793001439513e+00,1.150686887401138225e+00,-3.550320798965068469e+00
-1.355221398561716528e+00,1.609722823022551763e+00,-1.004209754233468394e-01,-3.222601444869864995e+00
-3.657257918051040613e-01,2.215014473840646758e+00,4.134840665204015386e-01,-2.112771693012813756e+00
1.960218763429284916e+00,2.471409330229207058e+00,1.405798049152716223e+00,-3.748100580203668208e-01
4.771021028506677197e+00,2.153252395849539536e+00,1.649862652950215169e+00,1.331486977870717459e+00
6.982484852373394446e+00,1.374573260691938081e+00,9.906221081442886378e-01,2.352083665806036894e+00
8.121535675831804468e+00,3.959822622812473325e-01,3.996196007331614952e-01,2.492074651222844217e+00
8.186671220655222569e+00,-5.525877515774644255e-01,1.110646765764188082e+00,1.734230246162263400e+00
7.210638110732408457e+00,-1.221417575291885882e+00,3.547896142266097286e+00,3.265973680699743587e-02
5.551123196398268789e+00,-1.247300362313473965e+00,6.869915141411438775e+00,-2.128413617879023167e+00
4.243201921468127580e+00,-3.135396780359435698e-01,9.440710423924221217e+00,-3.406122488699309780e+00
4.248900292618071894e+00,1.472421788566761869e+00,9.837422348175753228e+00,-2.590814710450869196e+00
5.304400051241755953e+00,3.378793131996657539e+00,7.703413057960442067e+00,5.647350203178170408e-02
6.078543005406478628e+00,4.372140619260457939e+00,3.980405758791870419e+00,2.951250114807495439e+00
5.546549851043311996e+00,3.847158816954953320e+00,4.336651312228360089e-01,4.694776092129195888e+00
3.761399067551627340e+00,2.179303596686626321e+00,-1.316508460585231965e+00,5.082215140715742763e+00
1.371423623563233107e+00,5.357756367950449183e-01,-7.466180859548154913e-01,4.792291137486426322e+00
-8.814270300446038764e-01,-9.044499721075693194e-03,1.309649682485061861e+00,4.732239984557555346e+00
-2.043281528928105661e+00,6.662008206373470909e-01,3.390797811782467086e+00,5.730040128682563072e+00
-1.209844614862992218e+00,1.657691707086918154e+00,4.582823195723539023e+00,8.088872891370650464e+00
1.442746639100783934e+00,1.830088527047683655e+00,5.114141993673784192e+00,1.097356099349345016e+01
4.318497743587141890e+00,7.768616577652684985e-01,5.852438894463601216e+00,1.270129929196641960e+01
5.714513329932044527e+00,-8.815727252185439067e-01,7.239126538706640801e+00,1.219220655580977919e+01
5.338764377325309063e+00,-2.058846311695452513e+00,8.714803416128679814e+00,1.002221140675606570e+01
4.234505604653461042e+00,-2.041131024183896692e+00,9.158002733141604068e+00,7.821229905484267775e+00
3.607355248651608726e+00,-8.485697866252549515e-01,7.865770450369229394e+00,6.919213207636036422e+00
4.198396637088054995e+00,1.063287516205198902e+00,5.168421765252052325e+00,7.789600331506844277e+00
6.317946103570692529e+00,3.270825537183490894e+00,2.238443999188209244e+00,1.023424569586632948e+01
9.571085493263076671e+00,5.482514155305953985e+00,3.835361718098701522e-01,1.336397719646033622e+01
1.254348342983608333e+01,7.292055603159786514e+00,3.441403045566934771e-01,1.556334845176971626e+01
1.358946994032469213e+01,8.041002104617952284e+00,1.879624718110926684e+00,1.529932659518834548e+01
1.229997022639240178e+01,7.084577712631771718e+00,3.767301234936842658e+00,1.231738181527706999e+01
9.820319852235659397e+00,4.278079369234257356e+00,4.354539890625147791e+00,7.798644871730467720e+00
7.629583313785186505e+00,2.611477979436221952e-01,2.583075442756211704e+00,3.369730821486499828e+00
6.489001920809088553e+00,-3.729720423628569037e+00,-1.108367078669096006e+00,3.460271903747626498e-01
6.615967236332474855e+00,-6.460161367194062976e+00,-4.792995062704174636e+00,-2.434767101695144986e-01
8.035921851752675593e+00,-7.348248935203075760e+00,-6.191873237515106432e+00,2.151652592364399208e+00
1.016145629628259073e+01,-6.668355399312649645e+00,-4.212690663312608663e+00,6.784856255491485300e+00
1.154979617200811859e+01,-5.057267837157515267e+00,2.633212316456332580e-01,1.143028691796002505e+01
1.089591039793621974e+01,-2.745729286573452832e+00,4.974583353725622992e+00,1.371255777500455508e+01
8.294274139140986435e+00,5.897458851345593889e-01,7.792280896982632932e+00,1.274137122899338692e+01
5.153562376526636513e+00,5.009531270297030936e+00,7.967056202551531463e+00,9.389481632614245399e+00
3.016161401399553466e+00,9.416926042069494684e+00,6.225745906401741081e+00,5.364563053385770885e+00
2.804944862044421949e+00,1.186839485950825868e+01,3.886768518124060101e+00,2.376621943956048533e+00
4.871739479858538502e+00,1.115093888132214595e+01,1.929059554664498410e+00,1.787178109296144513e+00
9.021917814273594516e+00,8.140353001208548989e+00,7.200277416157307986e-01,4.229439268205824831e+00
1.438981186758934960e+01,5.447992477462761940e+00,2.760632227517050286e-01,9.266528282140576778e+00
1.982205848756179023e+01,5.517055019628018364e+00,4.864617939672292724e-01,1.564451646246630112e+01
2.453520351644170461e+01,8.837689521489219047e+00,1.072099377244122298e+00,2.189574051431281987e+01
2.805618379989624600e+01,1.374407377086523141e+01,1.558463842629297380e+00,2.655295596542725534e+01
2.966517353884434982e+01,1.773440513787188877e+01,1.493794007620790065e+00,2.824003343789987497e+01
2.871079114630704865e+01,1.908853697742434008e+01,7.046991280954316705e-01,2.650402562190920719e+01
2.579915154529934540e+01,1.768582753743057978e+01,-7.072083365648194064e-01,2.282679185466211891e+01
2.295503666541220156e+01,1.478838203464940548e+01,-2.518223667899825990e+00,2.002404123973558114e+01
2.190966290109108172e+01,1.217760149996913555e+01,-4.342163586229906613e+00,1.988580227090373143e+01
2.246266552171719511e+01,1.116748439116824088e+01,-5.416677653973615669e+00,2.151856990556827043e+01
2.298979409833632204e+01,1.197259015435379048e+01,-4.695820824796138382e+00,2.236431480092529966e+01
2.227738507365649667e+01,1.376553566139189577e+01,-1.561295599631801201e+00,2.066101062298986690e+01
2.035944775102119308e+01,1.535383640095635371e+01,3.274932611664791882e+00,1.665202224120018926e+01
1.789141501694400915e+01,1.594048851279521628e+01,7.613884407397211618e+00,1.184774931589942426e+01
1.548461836146495862e+01,1.543726507331493991e+01,8.904203444784887012e+00,7.789448685824123864e+00
1.364539645515595723e+01,1.429195578947271095e+01,6.092077721699509674e+00,5.388696877749656444e+00
1.261167092895577646e+01,1.312529909091973224e+01,7.247853269309391111e-01,4.668945851662003044e+00
1.196779288473556946e+01,1.233887356696540039e+01,-3.839009039562207182e+00,4.810833406240541343e+00
1.090428073593052005e+01,1.173257775570355577e+01,-4.762576705805821931e+00,4.813770124049379540e+00
9.112439225104223439e+00,1.040299450094717137e+01,-1.809134821268371329e+00,4.353399703352601513e+00
7.056319700677347484e+00,7.300693728929189774e+00,2.600060492225373832e+00,3.825552322457432375e+00
5.217136566414104060e+00,2.288981698813035148e+00,5.424230823097460075e+00,3.629729876855667392e+00
3.548339581452076175e+00,-3.193345591104823633e+00,5.370475326563368235e+00,3.867428454136874194e+00
1.926481208958316760e+00,-6.724428587433100013e+00,3.600669848147244334e+00,4.749934658326627535e+00
6.260764646253300647e-01,-6.549698052480703581e+00,2.380584108203892768e+00,6.591886477352623785e+00
-9.291601330601573228e-02,-2.984796242964657509e+00,3.066214316985480970e+00,8.974913442132748997e+00
-4.974243410431958279e-01,1.690629742295908677e+00,5.156423684781041850e+00,1.044552519083019604e+01
-1.011884203515262204e+00,4.823754518001534208e+00,6.974066415869281776e+00,9.713025536399168658e+00
-1.639842757835345388e+00,5.141116350041643024e+00,7.169390942506357334e+00,7.042173954178847950e+00
-2.240917100838193399e+00,3.296302943780045958e+00,5.784259325967352261e+00,4.047928972347731857e+00
-3.055584361105354141e+00,9.995210489326458170e-01,4.144305505294985537e+00,2.255061529679354582e+00
-4.263747534370798675e+00,-3.478666838222230773e-01,3.755045368343142620e+00,2.185633887784546037e+00
-5.165247696020959900e+00,-4.481742899964956672e-01,5.058725975379393169e+00,3.483731431262569789e+00
-4.609569969645758825e+00,2.861477885149257827e-02,7.006083509774506446e+00,5.201720131122256952e+00
-2.422611258103114729e+00,1.401656812234911009e-01,7.828513962960053085e+00,6.044211039967394505e+00
2.351822721217725065e-01,-6.574251689379019270e-01,6.462639188612925523e+00,5.215643626162961510e+00
2.186288863956321382e+00,-2.223568265315640335e+00,3.471529287140310061e+00,3.440817895139762772e+00
3.335385772599870347e+00,-3.877357008132543914e+00,6.299766860486225584e-01,2.618146050630492550e+00
4.173381869579377401e+00,-4.804462135344581775e+00,-5.442741367193680846e-01,3.998104114879957649e+00
4.866860176839248986e+00,-4.466697453363940973e+00,-6.136115027459099203e-02,6.962254345420789470e+00
5.427241102973096254e+00,-2.791170097220514457e+00,6.053388481184992509e-01,9.833233645952097035e+00
6.262780962816819397e+00,-1.006607913934662590e-01,-1.273706035597054476e-01,1.144884143569428936e+01
7.721630044717897157e+00,3.032984445362860715e+00,-2.518350365652519685e+00,1.156707185661364257e+01
9.202209841631786347e+00,5.825872880319727720e+00,-5.211304232308028084e+00,1.025897395281113589e+01
9.440467198182382447e+00,7.290214154197048657e+00,-6.234084576377664888e+00,7.709842648166046253e+00
7.775224670547723704e+00,6.475060509912766271e+00,-4.400349917140666811e+00,4.556193589191164683e+00
4.650660369232713087e+00,2.975834215438373231e+00,-1.237795388045452860e-01,1.716977903676709660e+00
9.156998235643015738e-01,-2.623716188582071229e+00,4.749808556365465506e+00,-3.252206797907016833e-01
-2.751811626240376452e+00,-8.748625076288341518e+00,7.926759731733224790e+00,-1.703228643828770039e+00
-5.662613025682690093e+00,-1.334480210378360709e+01,7.978748018401788933e+00,-2.578851393720108742e+00
-7.101701075692963272e+00,-1.472890177218959451e+01,5.241209228276591858e+00,-2.823364891891540385e+00
-6.931462225431675783e+00,-1.247440000576428432e+01,1.603440866210899873e+00,-2.401615210578390780e+00
-5.835460320474040508e+00,-7.870245232415051362e+00,-7.611228592024685824e-01,-1.628785246318713353e+00
-4.658263537095985285e+00,-3.451307242429226374e+00,-7.172293274653104289e-01,-8.072408823700598646e-01
-3.790800905137845067e+00,-1.586410806377036575e+00,1.519550597641638578e+00,9.744345029234205424e-02
-3.292232265408641112e+00,-2.953763108287554395e+00,5.059242183206550614e+00,1.296007634512855944e+00
-2.995232170515898407e+00,-6.067246108416298966e+00,8.990148871659874530e+00,3.066585821900908559e+00
-2.123650938291380630e+00,-8.291841807664757980e+00,1.230856161619150946e+01,5.875720160368791412e+00
4.691671674015429616e-01,-7.600218825719335491e+00,1.362101231363988951e+01,9.900276127177901841e+00
4.783264672384511584e+00,-3.811967753700293837e+00,1.159878587435036046e+01,1.388989119218830126e+01
8.613425961384908902e+00,1.410389820519348358e+00,6.207466163790259728e+00,1.507035022455716700e+01
8.907161310763077822e+00,5.635504342681259438e+00,-5.421273714931531540e-01,1.114192881900286380e+01
4.417880688161437419e+00,7.095321799123120776e+00,-5.515907487800409292e+00,2.470052085577528977e+00
-3.396513255521936614e+00,5.673086160715496540e+00,-6.680904662818626605e+00,-8.260909040371316792e+00
-1.201725199396388355e+01,2.873664662187195518e+00,-4.787348419677289080e+00,-1.858184335762842565e+01
-1.977985008144294454e+01,7.733864502256398987e-01,-2.892474125641937732e+00,-2.790476746870340108e+01
-2.624087324221098072e+01,6.525186291896548640e-01,-3.941223599661019428e+00,-3.676898834528534366e+01
-3.166475884273245001e+01,2.276304079720428142e+00,-8.356336002454581191e+00,-4.532200760117542160e+01
-3.675523752765381857e+01,4.291803071492547694e+00,-1.362998823643316726e+01,-5.301490806044262882e+01
-4.235056208977918857e+01,5.332804369298355773e+00,-1.623660640475078409e+01,-5.929437793265343970e+01
-4.868673638107525647e+01,4.908942297506261099e+00,-1.429816372698705607e+01,-6.407358330509032385e+01
-5.505081324745755467e+01,3.429162246931557245e+00,-8.915728166997718418e+00,-6.772477029667396664e+01
-6.045772853776190914e+01,1.523616988489888469e+00,-3.263585095104872380e+00,-7.089013214404012331e+01
-6.438891353810402052e+01,-5.735301176798169864e-01,-3.301203187094678970e-01,-7.395570655722545439e+01
-6.653245865235834344e+01,-3.000002732605630218e+00,-1.081527823746804673e+00,-7.628335188973906611e+01
-6.622665043543962327e+01,-5.761702423523186845e+00,-4.231474624004131435e+00,-7.621392284796112904e+01
-6.286724293938607389e+01,-8.407509862732887029e+00,-7.458484400047570517e+00,-7.237185945412055332e+01
-5.684949514409385785e+01,-1.026666588870285679e+01,-8.990482172911244518e+00,-6.500977900024284395e+01
-4.959806406983629756e+01,-1.095189060877683396e+01,-8.478911130242957839e+00,-5.582086164629549074e+01
-4.263833494480819297e+01,-1.057670605290777921e+01,-6.752690337328542292e+00,-4.659300687567997556e+01
-3.701158182927670026e+01,-9.566863372186272585e+00,-4.864993635075340883e+00,-3.839693456435662000e+01
-3.339678589374095452e+01,-8.418507150358800928e+00,-3.306471731297897065e+00,-3.180787127277137571e+01
-3.198224859408089316e+01,-7.628189445511791789e+00,-1.977595271004899624e+00,-2.711999788784227405e+01
-3.188814935325237698e+01,-7.578316085282331471e+00,-6.941729329575192509e-01,-2.403301051266124233e+01
-3.128203620424775266e+01,-8.185722508924214935e+00,5.027582104727504886e-01,-2.157349232866437205e+01
-2.858260141090490336e+01,-8.662637249544044238e+00,1.555988942096643290e+00,-1.869404711130819763e+01
-2.344956279062843407e+01,-7.948422236078466874e+00,2.650959626750009512e+00,-1.484632206300179114e+01
-1.658267197725573183e+01,-5.712032413570139688e+00,3.951101247177124076e+00,-1.003135417717749789e+01
-9.107003774216900993e+00,-2.966748785006842137e+00,5.032002354940758870e+00,-4.813268684929642660e+00
-2.423179474410763756e+00,-1.434104082717049478e+00,4.885279680591771978e+00,-4.650828816533257859e-01
2.069681694807157690e+00,-2.006619384473564693e+00,2.853652905370731574e+00,1.558747594964885685e+00
3.970934725185376823e+00,-3.751719311812206747e+00,-3.569737721485002346e-01,9.536126975075399637e-01
4.488447232133209397e+00,-4.555463368539664160e+00,-2.836002506925248579e+00,-8.150009930788107981e-01
5.411069947179018236e+00,-2.938661160599606248e+00,-2.929998320220524644e+00,-1.724042768867076081e+00
7.408166674238576555e+00,5.948593379720855667e-01,-6.828836548175245547e-01,-9.801018453121886909e-01
9.707339356863794677e+00,3.885770935139436499e+00,2.176905004997475412e+00,6.694610198721280270e-01
1.126602112341193340e+01,4.785543299924452043e+00,3.707828451715792450e+00,2.084355419122229325e+00
1.166099099980238307e+01,2.716837952335253270e+00,3.290298972336648031e+00,2.621479003892619009e+00
1.092331231703378869e+01,-1.051931003486650251e+00,1.914867152394315042e+00,2.111364604526472011e+00
9.348692136610722514e+00,-4.439271373736552562e+00,1.216119759440615677e+00,8.416403867530631855e-01
7.779244457744137087e+00,-5.994230136488716276e+00,2.267298206808092687e+00,-1.666844660383644261e-01
7.330690861482419329e+00,-5.758461756675727905e+00,4.994961444835469777e+00,3.878962539072168259e-01
8.212357063094229304e+00,-5.044149012834196810e+00,8.293441681690637779e+00,2.743605689931514657e+00
9.182008412350192827e+00,-5.295304088920002705e+00,1.052821288310418879e+01,5.493478869032134781e+00
8.720099066828588263e+00,-6.831606395322084246e+00,1.026615173592921870e+01,6.833016523126489439e+00
6.534720643735060008e+00,-8.509271737974929195e+00,7.116364073395649470e+00,6.232727074727681504e+00
3.516825881260776221e+00,-8.706618350669925732e+00,2.231857684544526599e+00,4.590956132852347160e+00
5.717504122912837605e-01,-6.821985382536032816e+00,-2.106618030873582903e+00,3.084256793238302041e+00
-1.911243411122724334e+00,-3.878536670565500888e+00,-3.798643190748505205e+00,2.350252499628176839e+00
-3.693713911372685565e+00,-1.667712208189915613e+00,-2.248342105083187992e+00,2.511745330762970685e+00
-4.574105684657083337e+00,-1.303166933769845937e+00,1.284299967463663927e+00,3.305102575784514496e+00
-4.717877564092956000e+00,-2.536457039968745164e+00,4.520945234192880413e+00,4.137127477206064441e+00
-4.514002055151447479e+00,-4.294468519917444382e+00,5.573820424256773265e+00,4.550833692344293802e+00
-3.993056634318293607e+00,-5.722485881089593995e+00,4.063226153853342737e+00,4.749959060790013510e+00
-2.919295848100015967e+00,-6.722506120881512892e+00,1.306856600971724625e+00,5.246955765457120613e+00
-1.548474574555323668e+00,-7.638056463478312352e+00,-6.094754545342572216e-01,5.960177221090900979e+00
-6.302137332820906268e-01,-8.568057029853958895e+00,-3.821223350086770942e-01,6.191736196872612119e+00
-3.444175145159194540e-01,-9.055971773256871415e+00,1.491676823235319693e+00,5.651275823755340433e+00
1.708479629681787793e-01,-8.457878134694777117e+00,3.201617939060261708e+00,4.938207794613982848e+00
1.756193184526397832e+00,-6.597187289940164234e+00,3.313662485651433176e+00,4.692895864124571048e+00
4.135990192941018329e+00,-4.033994860773885804e+00,2.096403307335591215e+00,4.767595972672984850e+00
6.388284331553665929e+00,-1.692321977582102344e+00,1.148270571271284179e+00,4.667816750528716696e+00
8.117692370365807264e+00,-2.361520100723265292e-01,1.653502514371497201e+00,4.379994878863522345e+00
9.536918507408730150e+00,2.447760404081600616e-01,3.000242355079143941e+00,4.173773639541194846e+00
1.062305020079678997e+01,8.173279185401889635e-02,3.173954090884809620e+00,3.829294706188302033e+00
1.089910297512971660e+01,-3.240096359399505244e-01,6.215328046316633825e-01,2.713832524414039327e+00
1.007232252356676305e+01,-7.340816655041122463e-01,-4.140803443146411134e+00,6.683683648087861418e-01
8.348905455758734107e+00,-1.082945046015158175e+00,-8.698586570379333693e+00,-1.605166289986208472e+00
6.091212123169840176e+00,-1.355728388857869282e+00,-1.060041781430373753e+01,-3.068679441578897382e+00
3.663873432695581300e+00,-1.501165444458191001e+00,-9.271126083404718443e+00,-2.995741530032231204e+00
1.594928745227428335e+00,-1.478395970835485684e+00,-6.268815835498864786e+00,-1.345774293014304401e+00
2.390114511584689738e-01,-1.355172778599333494e+00,-3.715122305595604857e+00,9.223344096727968955e-01
-8.481371341829684329e-01,-1.276926245825293016e+00,-2.461602432778458471e+00,2.037269945449426967e+00
-2.491316103106973490e+00,-1.282026758622445861e+00,-1.754440454691600593e+00,7.879469774133858184e-01
-4.526951662158225531e+00,-1.183529657586060102e+00,-5.892827724510825149e-01,-1.930875643467163894e+00
-5.561933922399095565e+00,-7.312755170875651078e-01,7.634496616576764705e-01,-3.606084823235411019e+00
-4.721296081343846929e+00,3.109155944908686270e-02,7.059855725885284539e-01,-2.711568769590146033e+00
-3.164305858543886352e+00,5.566864116693160947e-01,-2.108502430010140483e+00,-4.697729219749675611e-01
-3.105148029268265386e+00,-5.830338725849724957e-03,-7.027872036551669588e+00,4.766967345978482262e-01
-5.442990343274312970e+00,-2.282693821927024747e+00,-1.126032216759746518e+01,-1.138732334198174545e+00
-8.859167437478429719e+00,-6.146887850605746273e+00,-1.180539333742060926e+01,-4.171959208688600818e+00
-1.101641022992904517e+01,-1.050381139170163713e+01,-7.977338564020615586e+00,-6.427339083394267405e+00
-1.006237783883387671e+01,-1.354253012486480223e+01,-2.230637939657835300e+00,-6.377200868085095564e+00
-5.310018664732823801e+00,-1.347129626759977938e+01,1.654238979716136981e+00,-3.803873409212872314e+00
2.409793687131442042e+00,-9.557151741466238803e+00,1.525507840435907925e+00,2.851542262296973829e-01
1.064539096190046230e+01,-2.922944356069637539e+00,-1.668781578137435773e+00,4.061922831276355339e+00
1.636574568380685690e+01,3.644097660666208771e+00,-5.102468106128762670e+00,5.851128924452551061e+00
1.792279936611081936e+01,7.130003288086098401e+00,-6.636284266252475028e+00,5.248218395065008757e+00
1.604065661305988755e+01,6.189294982596869055e+00,-6.259567201115132207e+00,3.178375874184877325e+00
1.282202879470969492e+01,2.065375730133619747e+00,-5.309333653715989421e+00,8.114211793745027546e-01
1.011772919281513516e+01,-2.317643805425192660e+00,-4.656507333801262583e+00,-1.208581108126946413e+00
8.849005909374955792e+00,-4.475827397919266204e+00,-3.860796838028137667e+00,-2.445982589780239636e+00
9.070911737873519343e+00,-4.020130101680209123e+00,-1.991895829840964360e+00,-2.333437616181730068e+00
9.990633034423964887e+00,-2.544307282419476124e+00,1.001107196292647217e+00,-7.129722951345129900e-01
1.030720203931894829e+01,-1.984035626699467203e+00,3.933329861298688002e+00,1.652319165984060367e+00
9.304748101656665327e+00,-2.974209488190004969e+00,5.416579406419996801e+00,3.683121237442694262e+00
7.614512380410680237e+00,-4.581991284016933008e+00,5.175156382244749942e+00,4.953749820187518083e+00
6.439513962645651013e+00,-5.425070392037296685e+00,4.232892033504423779e+00,5.661560913294014341e+00
6.136218727853080424e+00,-4.969073973015507129e+00,3.709309892773351436e+00,5.921128143070883532e+00
6.032548506848880443e+00,-3.843315199079997413e+00,3.443735715104313311e+00,5.697756249997013356e+00
5.444988120280511268e+00,-3.111899210133148408e+00,1.975330967561509832e+00,5.296643462372498945e+00
4.172627531879409268e+00,-3.389567651684932237e+00,-1.879190302095550713e+00,5.191018685601061833e+00
2.034823438324993017e+00,-4.589251600761337535e+00,-7.304394668658403589e+00,5.252642793173422753e+00
-1.165036982203533134e+00,-6.237624680865596183e+00,-1.144035291314312097e+01,4.805482499030368615e+00
-4.820964726386105959e+00,-7.795641477215785820e+00,-1.134727572553494390e+01,3.707113638438389369e+00
-7.387833011384097759e+00,-8.769687023762839928e+00,-6.376043601529456595e+00,2.815424465762642381e+00
-7.714161855996059636e+00,-8.867212803104393970e+00,1.118996198084547533e+00,3.001442182063921660e+00
-6.187653817548285140e+00,-8.247011148677133363e+00,7.339502140702194311e+00,4.140697041396435907e+00
-4.073802032439106213e+00,-7.465607215928052653e+00,9.579953344383936198e+00,5.515660440825405075e+00
-2.042151195232185579e+00,-6.949136731973801773e+00,7.775911163787175617e+00,6.844524025715594817e+00
1.369410672231570758e-01,-6.523401806851684803e+00,4.053323464268099308e+00,8.371429611642918545e+00
2.753129389610564637e+00,-5.621385909567742978e+00,8.957153082639125463e-01,1.014373493965042172e+01
5.702741599527083594e+00,-4.005185367698084420e+00,-4.852830291907607174e-01,1.174824271466996883e+01
8.789159950913214558e+00,-2.192277047325759121e+00,-4.047334965966701281e-01,1.273281312405898547e+01
1.184318684255684850e+01,-1.088747885456766928e+00,2.251950629400888970e-01,1.289101173697600622e+01
1.449057461440946959e+01,-1.200279992065832912e+00,8.188927080512876655e-01,1.221460532029834134e+01
1.632974626208424240e+01,-2.207212752582214943e+00,1.171740246069666647e+00,1.099410744123385619e+01
1.741160939426663390e+01,-3.258267923632013563e+00,9.769801608190157305e-01,9.883352777036551018e+00
1.802940333818574103e+01,-3.614607404567477644e+00,-2.403116980444776341e-01,9.334346007233863318e+00
1.796712191756843779e+01,-3.040287396289717226e+00,-2.498095104906379316e+00,8.924137806542526974e+00
1.660292828837045320e+01,-1.730390965413598492e+00,-4.848836530879391482e+00,7.788525612544415111e+00
1.404026037559930451e+01,-4.599474899957588236e-02,-5.845052212516953283e+00,5.897829940487129718e+00
1.153030427927182977e+01,1.639074641532313636e+00,-4.724351423259444793e+00,4.382810940950118805e+00
1.026891843056513665e+01,2.980024471984745293e+00,-2.155383795957491522e+00,4.281900439470758712e+00
1.013431180094128869e+01,3.731601041768651150e+00,2.071698412554703050e-01,5.360632078309667037e+00
1.004650184273973323e+01,3.795644934743410470e+00,9.378694433903557170e-01,6.481932018362499548e+00
9.216898584823457696e+00,3.089131861730324502e+00,-1.944049147075391781e-01,6.750947195381081123e+00
7.565780113078734104e+00,1.367017510696255211e+00,-2.147172150389219158e+00,5.933515574056868580e+00
5.309773642168734042e+00,-1.605749876406552978e+00,-3.340255151303254788e+00,4.214921952516174741e+00
2.896861713886188294e+00,-5.494373758856735179e+00,-2.688472494588906692e+00,2.222113231600706840e+00
1.260842807594289461e+00,-9.078148252178310784e+00,-2.856737711630210064e-01,1.123587955532119986e+00
1.385145181147867444e+00,-1.082271741982302160e+01,2.697516351876627638e+00,2.001684544178239378e+00
3.383555378592142837e+00,-1.007034348129596779e+01,4.800542616104715776e+00,4.928671886922268541e+00
6.420918756126228644e+00,-7.724347901665539418e+00,5.155602912419089634e+00,8.972962445549931942e+00
9.579896409302941507e+00,-5.608881502532595320e+00,3.904729506004942952e+00,1.306205696229209323e+01
1.231200636264954795e+01,-4.961103638000354366e+00,2.020679275412350151e+00,1.642202483726742912e+01
1.405468832359076714e+01,-5.423274106858974264e+00,7.245530037553490343e-01,1.833318478606853930e+01
1.423787968634666967e+01,-5.466323205209059566e+00,7.589186851640766784e-01,1.830418902755398847e+01
1.314032239178590444e+01,-3.852737893608354725e+00,1.851748676799416238e+00,1.688455064168891440e+01
1.213274823017203019e+01,-8.591088178010964915e-01,2.796793949277686320e+00,1.570517789351347737e+01
1.237275402645702549e+01,1.738675064814277915e+00,2.294107383909499642e+00,1.606486154950661671e+01
1.347788045364588960e+01,1.901705975831641027e+00,2.140909718678142559e-02,1.760235556723973360e+01
1.401722812166489440e+01,-1.100115294238251273e+00,-2.979139523938154621e+00,1.869634352417918777e+01
1.312359392708015804e+01,-5.914963045309813872e+00,-5.038740322558634688e+00,1.796054719927678178e+01
1.111411386476320828e+01,-9.818014654711971545e+00,-5.164822750421879327e+00,1.507551309795323924e+01
8.741901229653361582e+00,-1.056418562358704527e+01,-3.779342931783891135e+00,1.062002936927071950e+01
6.515021221349430292e+00,-8.028041578684005586e+00,-2.230821252604325622e+00,5.797242565445200668e+00
4.729244926917054670e+00,-4.224134039810846453e+00,-1.568835741135090833e+00,2.173768172496222117e+00
3.451766323866427122e+00,-1.585371426260401284e+00,-1.792136058481974104e+00,8.104105509210908220e-01
2.242857987925091390e+00,-9.707868052740986631e-01,-2.251333972584702359e+00,1.238142078038454219e+00
4.606680981535166142e-01,-1.186984291055757312e+00,-2.602044439132513709e+00,1.691433142943973067e+00
-1.840353688944560639e+00,-4.223062050654926569e-01,-3.120067760283034453e+00,7.163724188938755955e-01
-3.747402112701266219e+00,1.782401626406195261e+00,-4.027087350629397378e+00,-1.572346125965914387e+00
-4.546773131648341959e+00,3.872779707339800037e+00,-4.754482000085879179e+00,-3.871762307756274613e+00
-4.577698535362602072e+00,3.559166196061649856e+00,-4.232609616391590279e+00,-4.995834890087658131e+00
-4.702347575695329240e+00,-6.558472718007436753e-02,-2.082419510423420217e+00,-4.718609222573265427e+00
-5.263955513090557758e+00,-5.405977453920877807e+00,5.878895736635485481e-01,-3.781883337605389972e+00
-5.930275157523574592e+00,-9.263934820721798857e+00,1.807994428777467188e+00,-3.359920744603094089e+00
-6.230305541468095676e+00,-9.116934514683194379e+00,3.613479947570692463e-01,-4.113697519740457942e+00
-5.797379802619003542e+00,-4.988165507961139333e+00,-3.091572987984151144e+00,-5.332994847689143114e+00
-4.391887094128250624e+00,5.531362224463415300e-01,-6.428511101690550511e+00,-5.285299038992391729e+00
-2.268415756295336649e+00,4.228357714552094748e+00,-7.665126362425009887e+00,-2.921197317433042340e+00
-3.405921964294359450e-01,4.290491944003200331e+00,-6.409416242114319928e+00,8.753794921087145742e-01
6.772135647333563657e-01,1.519252895934749548e+00,-4.061228329306295848e+00,4.148632631910861512e+00
1.294483565801020752e+00,-1.642856922389795749e+00,-2.684357615592271706e+00,5.836960539402651804e+00
2.803982535326359216e+00,-3.000210998789597738e+00,-3.441983825494666860e+00,6.426188795042737212e+00
5.716412059552222757e+00,-2.038630417602296241e+00,-5.754746797915561096e+00,6.844331886021302935e+00
9.178323406934373097e+00,1.058282675404612627e-01,-7.800648072849937442e+00,7.435787582758657699e+00
1.204087089696309931e+01,1.870559072632153041e+00,-7.972388537185763902e+00,8.124720206386411903e+00
1.384268953522050971e+01,2.509978542768579235e+00,-6.143508700120245081e+00,8.812544174320048995e+00
1.446773828739561907e+01,2.369061274887636070e+00,-3.723459906121661334e+00,9.134996920584601554e+00
1.359947279627097849e+01,2.187483886064241823e+00,-2.481909161242405126e+00,8.329617959301346630e+00
1.123595236414881526e+01,2.264487879220042466e+00,-3.153050082877320470e+00,5.940159800465592888e+00
8.368703654092044530e+00,2.256966532794866254e+00,-4.957110123904342025e+00,2.463016207024845361e+00
6.377036260171307980e+00,1.650604499430355476e+00,-6.322417806978243959e+00,-1.111663884836966876e+00
5.766481885243564420e+00,3.559560591800375318e-01,-6.118003071513906654e+00,-4.177465334057552049e+00
5.999682164482485369e+00,-1.092869146485691667e+00,-4.459225290833906286e+00,-6.533725224743476723e+00
6.453234324746751405e+00,-1.852015668851365593e+00,-2.627433961138063268e+00,-7.852879287351270499e+00
6.953333897326543500e+00,-1.336332039961125373e+00,-2.252358319060830283e+00,-7.802616509985779381e+00
7.386299894214253037e+00,3.735788373002352225e-01,-4.242098970002389002e+00,-6.703613732985007623e+00
7.419571395678285164e+00,2.588598651917752846e+00,-8.038206798272689468e+00,-5.502567355019082562e+00
6.793640637417750483e+00,4.469949281176691436e+00,-1.168747020417701954e+01,-4.950648399480848560e+00
5.432901866419422632e+00,5.492540139646543196e+00,-1.286295563949119192e+01,-5.160419935824060111e+00
3.192286225632097629e+00,5.580286694188735019e+00,-1.036434850111951711e+01,-5.915029134167288483e+00
1.066240080854175543e-01,4.963632621822851476e+00,-5.143133905549118090e+00,-6.831307365552729216e+00
-2.868710574179263784e+00,4.008481043133616417e+00,4.522251365108059806e-03,-7.112973814344678125e+00
-4.046720956484677778e+00,3.084182999848024576e+00,2.110376812164305171e+00,-5.851535575654186694e+00
-2.547320376845793266e+00,2.374330041692447324e+00,2.102898352331020182e-02,-3.070628125601136738e+00
6.415075087332804404e-01,1.710185611834978969e+00,-4.783727112329281717e+00,-6.876259382131981457e-02
3.615140315491522038e+00,7.100979904032095336e-01,-9.235680740327126159e+00,1.828510897053978956e+00
5.351155221423819164e+00,-7.208480379671883265e-01,-1.079480541076752864e+01,2.722999999129748439e+00
6.209752617225859694e+00,-1.965697321751418425e+00,-8.969360625030150302e+00,3.980067709546827093e+00
7.047539832806787530e+00,-1.887902084637404609e+00,-5.155727641031544017e+00,6.755906902879948106e+00
8.470051304387103741e+00,3.282130539606289421e-01,-1.236088303685242140e+00,1.098305546019826195e+01
1.072319307554833046e+01,4.312731326262611020e+00,1.644200513967768451e+00,1.552644644473792113e+01
1.351230058639087694e+01,8.405493077379984967e+00,3.183833749979143146e+00,1.883760302318951929e+01
1.582348250164285908e+01,1.057178707382630023e+01,3.306333484565549430e+00,1.967215398606976251e+01
1.661323441867736861e+01,9.762367897751854429e+00,1.862375739789864149e+00,1.791957942810581983e+01
1.596305039832169825e+01,6.676593984877921883e+00,-9.669823108465085415e-01,1.493471577589870058e+01
1.507472811573142835e+01,3.278545738926550435e+00,-4.251022418411777970e+00,1.253859227367136775e+01
1.488348084186447018e+01,1.412806083354483322e+00,-6.652016470392926983e+00,1.141540823882323252e+01
1.512143174252505240e+01,1.582834959367305672e+00,-7.338773806083598750e+00,1.079165819362122036e+01
1.495026054885354050e+01,2.757835486244641476e+00,-6.526152956967761654e+00,9.736721343392444439e+00
1.393276707715422624e+01,3.240237884942255508e+00,-5.114248163104909040e+00,8.205133041666643479e+00
1.198488384159470677e+01,1.918691720117617461e+00,-3.904603813773113608e+00,6.533522929903694987e+00
8.978574743576809070e+00,-9.288023490264241122e-01,-3.195609664368045166e+00,4.577576898242731396e+00
5.129216402453055323e+00,-3.797580424173518043e+00,-2.941490513804004170e+00,2.046534672909812169e+00
1.492504180704108396e+00,-4.993487256804237440e+00,-3.026150739439056103e+00,-5.697188986544853284e-01
-6.969184537999489892e-01,-3.824973815139240063e+00,-3.308292904022007708e+00,-2.079894764866608625e+00
-1.202845975600050021e+00,-1.049280182252842364e+00,-3.584603133385110052e+00,-1.608125997415287500e+00
-7.783332037319183883e-01,1.759208213313536495e+00,-3.698048210054640350e+00,8.522772570201878617e-01
-7.225364032880098042e-02,3.329705222837512135e+00,-3.648060296832135396e+00,4.695025884423302820e+00
8.041794902704425541e-01,3.324049250684760093e+00,-3.450306785438981283e+00,8.902691063078906453e+00
1.621768838558510728e+00,2.059680136581138576e+00,-2.921405972260950445e+00,1.207929495909245787e+01
1.777706734887366080e+00,-1.407592582717118457e-01,-1.839384150985469146e+00,1.310801398965816844e+01
1.117530024025396473e+00,-3.138594368052859185e+00,-4.619104592592367942e-01,1.219482782407005139e+01
4.749395652636508869e-01,-6.538705010957758468e+00,2.756031717226741229e-01,1.083461307314120603e+01
8.914512086718394679e-01,-9.293634454630932851e+00,-5.981821144286176839e-01,1.035056920273479797e+01
2.559145604435456356e+00,-1.004327440410801842e+01,-3.050386523233696412e+00,1.065987872097792177e+01
4.832197729014286125e+00,-8.044954347925427740e+00,-5.686498217953157130e+00,1.063751549679288999e+01
6.912858294303656947e+00,-3.826786165089935743e+00,-6.651069349810808440e+00,9.364028752413746659e+00
8.163492157244888858e+00,1.094827447658788477e+00,-5.159822408342993327e+00,6.841148109050880777e+00
8.197898046803992145e+00,5.199221649603021689e+00,-2.316776427143542261e+00,3.969997152422313658e+00
7.321396878237184325e+00,7.783753547610337442e+00,-3.623103618461933628e-01,2.241655633529297642e+00
6.699651079043622559e+00,8.985668559947855627e+00,-8.505518359079869972e-01,2.987046201609605767e+00
7.423663853325908946e+00,9.158278215937514233e+00,-3.295824664743366661e+00,6.162695051292028658e+00
9.338583862500946964e+00,8.350300890105630813e+00,-5.527777613188332495e+00,9.857472756013391901e+00
1.122900781404949200e+01,6.465692467796226417e+00,-5.493633568137108014e+00,1.157303766559151370e+01
1.210042166791545171e+01,3.870244035228838975e+00,-2.922961052697747864e+00,1.022608394951386224e+01
1.176922687030189607e+01,1.602754023327813693e+00,5.510928263673134930e-01,6.745649997695898570e+00
1.031200250859626877e+01,7.281489032842137776e-01,2.733681491987244083e+00,2.922128436610136770e+00
7.780580044387342298e+00,1.418074716671120949e+00,2.356141005748266792e+00,1.739734187795870524e-01
4.776553343520944850e+00,2.790279174602837475e+00,-4.348913314591165702e-01,-7.330166703049176835e-01
2.583264018696929565e+00,3.734480151761631284e+00,-4.598213611938545498e+00,2.847390302188942401e-01
2.097856568156797330e+00,3.834963299844047047e+00,-8.929757601433777836e+00,2.329494953526234813e+00
2.933249109774167973e+00,3.433039784423241425e+00,-1.236247075175418431e+01,3.780078511044730138e+00
4.005457134882555614e+00,2.898956683947835788e+00,-1.390413228815220847e+01,3.550419510191470174e+00
4.689800711377296594e+00,2.053665520133820532e+00,-1.272528772921440243e+01,2.072943876751560666e+00
4.981041269919812997e+00,4.393478897746537215e-01,-8.639264352423662530e+00,7.591025046081119054e-01
4.933770217537444047e+00,-1.872878993103693102e+00,-2.593568971963129854e+00,6.746168872193305521e-01
4.636817473140932400e+00,-3.907449713370888311e+00,3.409859132331602982e+00,1.969002014247780874e+00
4.572736208430487004e+00,-4.406840258069199656e+00,7.087622683714390526e+00,4.176361386260818875e+00
5.276111620901806631e+00,-2.950544976438080891e+00,6.901114003669149177e+00,6.493081051263961179e+00
6.549491753005408867e+00,-4.619664026015773417e-01,2.784663813850951630e+00,7.960411151588575152e+00
7.573693116248664481e+00,1.463644964087572387e+00,-3.729667512088565839e+00,8.054013149219599654e+00
7.896935190497768708e+00,1.824133860731050216e+00,-1.004835588505078903e+01,7.196685923003677487e+00
7.815952685881438100e+00,9.276101208121250163e-01,-1.357814706796189341e+01,6.246060863186983170e+00
7.726945366381163360e+00,-4.120461112731441111e-03,-1.292203296911799626e+01,5.476836679355315596e+00
7.739391025078847797e+00,1.164212213935846563e-01,-8.602030646646849021e+00,4.590476214790760956e+00
8.137137359083093102e+00,1.471644330995325767e+00,-2.807020026713627825e+00,3.739240463984553120e+00
9.494017260775329703e+00,3.378824350556504097e+00,1.801650557306569089e+00,3.797317857407715991e+00
1.178705472593203751e+01,4.925514994055565587e+00,3.529954307373071476e+00,5.240393230368647792e+00
1.387319337954943421e+01,5.576520056966828953e+00,2.400547520444536342e+00,7.312138180296112289e+00
1.447174892185790362e+01,5.338730751551263864e+00,-2.461890546418228354e-01,8.787039658437088008e+00
1.342508476962072805e+01,4.573556248933454249e+00,-2.909571502066359283e+00,9.142566624356438965e+00
1.149349047738756724e+01,3.782496709957400505e+00,-4.924399736800558536e+00,8.462122704742125023e+00
9.211465578231674556e+00,3.492646299446058311e+00,-6.571776336415743991e+00,6.598314655533068063e+00
6.589989158819253845e+00,4.103455957723831204e+00,-8.355665778513222008e+00,3.219151316935855434e+00
3.763840455546848762e+00,5.605269560507418092e+00,-1.021815936062548325e+01,-1.359829501827296117e+00
1.175315962446474627e+00,7.367019911494727680e+00,-1.144248126826453138e+01,-6.040125788382809446e+00
-9.622603812738829143e-01,8.312052138090782805e+00,-1.121857812253734288e+01,-9.730129314564562648e+00
-2.741873565926076228e+00,7.532623098807605722e+00,-9.208330826086569942e+00,-1.179542990339115249e+01
-3.947962179488003542e+00,4.972754270695787682e+00,-5.667957406679028587e+00,-1.175500474583117239e+01
-3.986139070613758051e+00,1.670295686562152326e+00,-1.328573128438671258e+00,-9.258198534594715312e+00
-2.745585261595035576e+00,-6.792623446163634782e-01,2.642840460709447115e+00,-4.741448786395255688e+00
-1.045396207425326018e+00,-6.571547324125474043e-01,4.769315451722381916e+00,3.325734255082931634e-01
1.598176187269315096e-01,1.922658509644994851e+00,3.890189925071414034e+00,4.319512386154077177e+00
6.667485853751324854e-01,5.630020864253478585e+00,1.334422748006112713e-01,6.330116421174757591e+00
8.021286888660849046e-01,8.061074996243318580e+00,-4.706776157608456579e+00,6.251806620873288978e+00
7.542372451429728564e-01,7.383186673981282588e+00,-8.154200749051410568e+00,4.378585231383834042e+00
6.159795950151063515e-01,3.815346636462590979e+00,-8.822869161842909591e+00,1.486174279428790435e+00
7.469694259259375135e-01,-2.452078018736091325e-01,-7.331798415398463220e+00,-1.111449049894954744e+00
1.455303364916084030e+00,-1.856922782158497487e+00,-5.418382055131924169e+00,-2.292804968529749576e+00
2.451362991341576425e+00,2.344418343135161176e-01,-4.211244985772892413e+00,-1.989304062347475144e+00
3.212934678794853394e+00,4.639784324405816562e+00,-3.490919613773137531e+00,-9.701956604411493545e-01
3.829167844460339420e+00,8.482965352470623444e+00,-2.542216279261054535e+00,1.176996067971237958e-01
4.853228435067702407e+00,9.660090143174109301e+00,-1.404248919626419401e+00,1.069942599748459289e+00
6.277269475565526946e+00,8.316614799117715506e+00,-1.042802633628765907e+00,1.660920027173542479e+00
7.325336673666929421e+00,6.454911627603164170e+00,-2.321780014827302008e+00,1.557627230072519575e+00
7.488766215403869886e+00,6.163855758480892177e+00,-4.942939164805043362e+00,8.503868898953220734e-01
7.176670177690422037e+00,7.971141381121880087e+00,-7.439243399571931370e+00,9.355628941281983468e-02
7.014528411514993067e+00,1.059684116336853066e+01,-8.194638878623109690e+00,-4.384970106034920545e-01
7.014682345981944955e+00,1.219528895214456021e+01,-6.576851879187940675e+00,-1.043550185422195797e+00
6.819358210930584363e+00,1.193322025269346476e+01,-3.329459511059832622e+00,-1.870308560291016997e+00
6.242814491827576973e+00,1.051662344268222782e+01,-6.504617716824429019e-02,-2.469065177818762447e+00
5.048468195060124231e+00,9.332218155890016575e+00,1.689724911784606043e+00,-2.553499616070070033e+00
2.689032099368934503e+00,9.218211635315201491e+00,1.303756657186107448e+00,-2.758245828503941954e+00
-9.067549540093351457e-01,1.011584322548911707e+01,-6.705277934380439175e-01,-3.952335809622307572e+00
-4.456376291147599922e+00,1.174223898765104046e+01,-2.800539385364146039e+00,-5.977407346825075685e+00
-6.146837355244231915e+00,1.425741241389534153e+01,-3.496499336059277319e+00,-7.752450282629059330e+00
-5.677387024440884389e+00,1.801178795331988880e+01,-1.828662715501934599e+00,-8.701428325726698887e+00
-5.020725626171262057e+00,2.266946640769248589e+01,1.950974038913548148e+00,-9.559494419302783541e+00
-6.844045335871046021e+00,2.684899917611109998e+01,6.497161206099418607e+00,-1.161716749065317877e+01
-1.231599542882812237e+01,2.891895616247560596e+01,1.011423869694208300e+01,-1.550598606327905848e+01
-2.034850690439024135e+01,2.832696510797407541e+01,1.178548759610873553e+01,-2.075081802842383993e+01
-2.848086217036012613e+01,2.623160357561086897e+01,1.181784194243958197e+01,-2.610965575796361904e+01
-3.447799759879110582e+01,2.483222198994592844e+01,1.157569787808783701e+01,-3.034007576579326937e+01
-3.778823603580124768e+01,2.590858298118335412e+01,1.242855497654266728e+01,-3.319395187056827012e+01
-3.992703781303369226e+01,2.962829722400064725e+01,1.470408793308405038e+01,-3.588783511666323989e+01
-4.306815807214599090e+01,3.437502473988786278e+01,1.746566975730842231e+01,-4.008385022524427654e+01
-4.782826197363005605e+01,3.766037469535011439e+01,1.925777453962078667e+01,-4.601787569803455824e+01
-5.269440503648790042e+01,3.758461849754242223e+01,1.921147098479513460e+01,-5.199284814576776625e+01
-5.594475241734161131e+01,3.399028739336198868e+01,1.767548748365814859e+01,-5.611697377677418785e+01
-5.768583950216110168e+01,2.855234994735583243e+01,1.591966630522982307e+01,-5.821133672384537761e+01
-5.940230937570327541e+01,2.367548469517423726e+01,1.517015487107653549e+01,-5.952040399488539180e+01
-6.182641672322004922e+01,2.091647704350915049e+01,1.580107349502551095e+01,-6.082642317759093231e+01
-6.408182987238120631e+01,2.004887997918818954e+01,1.738586004842433397e+01,-6.150429160921535043e+01
-6.494082019537577821e+01,1.944712013602217127e+01,1.947730762135985927e+01,-6.039476447659866665e+01
-6.414918153224884634e+01,1.748044874190679110e+01,2.223675464794496648e+01,-5.700508639469960315e+01
-6.229999912009411389e+01,1.381067355943967456e+01,2.618543283130829735e+01,-5.178739907234513140e+01
-6.010952678800202875e+01,9.538556104506005440e+00,3.125656795883766392e+01,-4.584671860943304011e+01
-5.821065760570382253e+01,6.099776188977174662e+00,3.608308090294567450e+01,-4.057667052390555540e+01
-5.705275445846847049e+01,3.904835472117012873e+00,3.837949158924921989e+01,-3.694880820795671639e+01
-5.637653014019173980e+01,1.918348275871183839e+00,3.641494288659855982e+01,-3.462244732552040460e+01
-5.503944144835396202e+01,-1.515797386456932072e+00,3.056684126230602772e+01,-3.198219428364614458e+01
-5.188310900317429741e+01,-7.349070244833477261e+00,2.362491441191640007e+01,-2.743930670219807411e+01
-4.672518081922711985e+01,-1.499741761903091053e+01,1.930992956432129048e+01,-2.063727143388850038e+01
-4.027601646170582228e+01,-2.248658568927310952e+01,1.987658176786607456e+01,-1.236252305202195068e+01
-3.336971932999136925e+01,-2.744880172154025288e+01,2.451778155394084280e+01,-3.777798549320650512e+00
-2.661400352308916339e+01,-2.846116710441144448e+01,2.980081080773321744e+01,3.911599744755048569e+00
-2.042217168176209441e+01,-2.597756666945250004e+01,3.190757164622072395e+01,9.592022726228575991e+00
-1.478826648704849056e+01,-2.216061875956822647e+01,2.915047964199801456e+01,1.286434094691992236e+01
-9.168109413783980699e+00,-1.955381618305430891e+01,2.301616221985895194e+01,1.456202280226370327e+01
-3.159614803782776260e+00,-1.945611642808153974e+01,1.698679715240642452e+01,1.613140361572782666e+01
2.733581982145980582e+00,-2.120433638817208077e+01,1.397388130248167570e+01,1.838250876271633061e+01
7.560200543091667669e+00,-2.288495640279166210e+01,1.428538348508209843e+01,2.108595098707226256e+01
1.112999010592251103e+01,-2.288033400527532280e+01,1.568936365786894527e+01,2.359137073127716633e+01
1.414125580494989975e+01,-2.108392884052980421e+01,1.542628035888916926e+01,2.530994222564315166e+01
1.698309195989438791e+01,-1.895241320308820576e+01,1.238876410077588552e+01,2.569152475802712488e+01
1.909492448130123066e+01,-1.840141825728681368e+01,7.682658793109295559e+00,2.450261112095487093e+01
1.989240326066142117e+01,-2.030639885276875845e+01,3.368190581229148162e+00,2.245244133973493206e+01
1.978232226314805331e+01,-2.365496360892690220e+01,7.229231967369222911e-01,2.098404391150476656e+01
1.973311185692633529e+01,-2.604690005504788530e+01,-5.235037329831093711e-01,2.095580137466630788e+01
2.016194005200789618e+01,-2.533528953350096202e+01,-1.631033012788683401e+00,2.177874775523249085e+01
2.071723863250385378e+01,-2.125998068792748796e+01,-3.658624182607901343e+00,2.216649260215394435e+01
2.089144938325972589e+01,-1.576137600202982725e+01,-6.543884348680929719e+00,2.145862909480026204e+01
2.039015159007314892e+01,-1.163573817556620327e+01,-8.986426712751743651e+00,1.995347540135769648e+01
1.921241908457042058e+01,-1.057295128122528993e+01,-9.216229635041509383e+00,1.841174195465112717e+01
1.800060372494462868e+01,-1.213793000375393838e+01,-6.262477178401707256e+00,1.777254816074104582e+01
1.808960986178628261e+01,-1.441214379752787522e+01,-9.066656072132346367e-01,1.894494285324074312e+01
2.032531973209782450e+01,-1.559306961566847427e+01,4.457317910600909983e+00,2.195126189365738867e+01
2.362584698259410487e+01,-1.514888697085329028e+01,7.110230168218303781e+00,2.516011910911242921e+01
2.546094173009287331e+01,-1.370572849412053174e+01,5.647115112235468359e+00,2.618377175454739358e+01
2.427134577277211847e+01,-1.206294632391109012e+01,9.128581934563804179e-01,2.409010343430579582e+01
2.107993938899196706e+01,-1.041329641962102848e+01,-4.396680637935543423e+00,2.047279673345238393e+01
1.839052936023729856e+01,-8.432495017140157145e+00,-7.312327239415935765e+00,1.803118728528398407e+01
1.782801757806394605e+01,-5.942986456514443461e+00,-6.413539108720840431e+00,1.824500316098596286e+01
1.911224688583521925e+01,-3.351307987412272205e+00,-2.653879439017851283e+00,2.046240923487128427e+01
2.084532081159467154e+01,-1.424228686547944323e+00,1.455678864498938907e+00,2.276565430494137132e+01
2.176446604843874510e+01,-7.100558480460137378e-01,3.686345385162140165e+00,2.342707606474218096e+01
2.152417332474058043e+01,-1.228771343283909578e+00,3.458894287213964081e+00,2.200751313598687986e+01
2.086180696996371253e+01,-2.670487407940561830e+00,1.702074209600092480e+00,1.962792986827412278e+01
2.091968358240300319e+01,-4.739460676136088679e+00,-3.822852729995678822e-01,1.801376551519296143e+01
2.191656943391214796e+01,-7.165056084623265598e+00,-2.270620824896246948e+00,1.776926597764068561e+01
2.254471045942210949e+01,-9.409342601078927615e+00,-3.961972222594184245e+00,1.760749424118008477e+01
2.114774621996718196e+01,-1.060441438162421690e+01,-5.271828956162101676e+00,1.563055215559434785e+01
1.746420035184875630e+01,-1.006034409020249143e+01,-5.700787685934477267e+00,1.129499710180945904e+01
1.275120008320355858e+01,-7.939277227204875054e+00,-5.130017093105632142e+00,5.794354783343270476e+00
8.265537168869503404e+00,-5.323006557718971798e+00,-4.406454536019007051e+00,7.241132785909609737e-01
4.246237751494349233e+00,-3.486223342230843070e+00,-4.868648920871491370e+00,-3.069160410212819823e+00
4.514816297182854266e-01,-3.074523733684722426e+00,-7.077154301674690728e+00,-5.443073124254687478e+00
-3.066533377895658496e+00,-3.948789329996818420e+00,-1.001413581862726687e+01,-6.599158621424690452e+00
-6.097133836330536738e+00,-5.634550409517523839e+00,-1.161928685562513230e+01,-7.076764092664481254e+00
-8.531909368471538357e+00,-7.706743530715009172e+00,-1.020878666009886082e+01,-7.441161215665189843e+00
-9.935948963884547069e+00,-9.751886494435844099e+00,-5.589855939252028172e+00,-7.439198350635227719e+00
-9.393934300147268601e+00,-1.120553092515920390e+01,8.087499892253190437e-01,-5.896226271356461268e+00
-6.594231757821661155e+00,-1.147815421898220833e+01,6.590778950811385428e+00,-2.103352968681983626e+00
-2.924508231462371377e+00,-1.033711315124182128e+01,9.376980553410382058e+00,2.810669070410614534e+00
-7.660251741461686636e-01,-8.143184201256046251e+00,7.847841459620884308e+00,6.390106032283055626e+00
-1.541135973620981758e+00,-5.650047104217795990e+00,2.514524367574382246e+00,6.748315744452354714e+00
-4.739663637985541023e+00,-3.514194949058061290e+00,-4.285037529000984335e+00,3.783344522440864832e+00
-8.615998603013764523e+00,-1.983009516569857800e+00,-9.368188619613826873e+00,-1.043137762161115756e+00
-1.124824855834075166e+01,-1.058253789064762751e+00,-1.021144202008213853e+01,-5.454425326528857809e+00
-1.119348364035721310e+01,-8.819084108540703459e-01,-6.187593704691080276e+00,-7.153541466302829832e+00
-8.287000897316712411e+00,-1.794556922086401940e+00,1.042223625317847402e+00,-5.048882282060147553e+00
-4.375273092595889146e+00,-3.909692737597527223e+00,8.184121540948433804e+00,-3.920329139489066028e-01
-2.503942006151541833e+00,-6.696822277659852496e+00,1.187566661668083690e+01,3.741797490805765403e+00
-4.434522436862976313e+00,-9.139136402520914970e+00,1.054528466606413240e+01,4.803192633202819195e+00
-8.919067979291391168e+00,-1.038954496761765434e+01,5.455858759193463747e+00,2.736887583791696610e+00
-1.276467528828575304e+01,-1.026246679965318620e+01,-3.308314489542725501e-02,-4.162290175862954911e-01
-1.348464370499910281e+01,-9.083464348320580584e+00,-2.751561317057157563e+00,-2.553066912024440693e+00
-1.076958753683951819e+01,-7.148434039939620455e+00,-1.889352068256965556e+00,-2.951001676587244216e+00
-5.942576685039315798e+00,-4.452530994923677099e+00,7.206656909301626390e-01,-2.170790580661295266e+00
-7.205299596939591655e-01,-9.920874348279985488e-01,2.345477976152300137e+00,-1.144866756813078146e+00
3.642280553630995232e+00,2.739040783662912926e+00,1.474099685597471510e+00,-3.106525278502208498e-01
6.777826711003672955e+00,5.701608847870997643e+00,-1.416133991069743914e+00,7.586339137488949946e-01
9.027388115174229455e+00,6.923863989731534829e+00,-4.674749326830815122e+00,2.778581894309742228e+00
1.046626926465017426e+01,6.262685194104820496e+00,-6.775084848318430275e+00,5.416687582073473450e+00
1.013621174160899052e+01,4.527456859895101715e+00,-7.044010093968275044e+00,6.739866241081277742e+00
6.888603343292325043e+00,2.755930690334549737e+00,-5.661641980363822491e+00,4.769423664114380124e+00
1.199336827236966663e+00,1.340202705380711734e+00,-3.340857349029146217e+00,-1.432381419917322929e-01
