1.018165910122180495e+00,1.628003658453172298e+00,-2.312405605277139120e+00,-1.614128263912512518e+00
3.819540564066209676e+00,3.686180474400145624e+00,3.372705098700589765e+00,9.253876375100164253e+00
3.311723593304614965e+00,4.792086301595107400e+00,7.229140277278435889e+00,1.366183379050159452e+01
-7.954607130995168252e-01,4.499861744265589714e+00,8.607109306398101012e+00,1.027335587105726589e+01
-5.639846055883515064e+00,3.124821688893254734e+00,8.272246556084581925e+00,3.423564201603747748e+00
-7.984081315854936634e+00,1.552952057321915991e+00,7.593042714352359113e+00,-1.049982156265753197e+00
-7.092754298192812001e+00,6.793153310711860238e-01,7.459830996846313234e+00,-5.621749606900086071e-01
-4.945985752879606956e+00,8.798603997027768520e-01,7.833328081269447019e+00,2.997781390659989942e+00
-3.846356831052966552e+00,1.899120834432061811e+00,8.130024744897296429e+00,5.946467800181546970e+00
-4.077668616671979329e+00,3.131690626358919705e+00,7.907625683562285346e+00,6.323713219868725588e+00
-3.947016529857750644e+00,3.985974250897827975e+00,7.210897418432089978e+00,5.112778127916854487e+00
-1.825561565988828461e+00,4.134892377502657368e+00,6.411864727287976962e+00,4.689105679621386358e+00
2.177999444343989399e+00,3.653075940950949452e+00,5.841703599117446188e+00,6.477824835531758474e+00
6.489278400901234534e+00,2.992950232522881393e+00,5.573371038435617209e+00,9.968149267871320163e+00
9.594714711969091425e+00,2.694777918069723555e+00,5.469103894573994040e+00,1.352554811445354765e+01
1.108801416808539031e+01,2.955913117454585848e+00,5.361982489762259441e+00,1.581610049485530745e+01
1.147132064848158173e+01,3.445763268266520907e+00,5.182792864803560384e+00,1.652219188075255119e+01
1.134159468298073570e+01,3.596883645777185112e+00,4.957945456598982226e+00,1.609223036518690364e+01
1.087415883898555435e+01,3.128086590380920295e+00,4.745998210581346299e+00,1.517818623345505635e+01
9.865794935531662091e+00,2.313965326836927794e+00,4.602985688546013421e+00,1.432798332533458385e+01
8.060151079372634086e+00,1.769845397778077922e+00,4.575142742598107937e+00,1.387077729173694607e+01
5.448479372645119057e+00,1.965943215636747565e+00,4.664939228484029421e+00,1.373417150153941080e+01
2.392739057826291482e+00,2.879493442354762234e+00,4.779760556618415812e+00,1.332485868258658002e+01
-4.895210837876041721e-01,4.020339091070771254e+00,4.731914539575192258e+00,1.182363655561442606e+01
-2.630738677167100636e+00,4.746727222440966010e+00,4.307306947288620513e+00,8.823656222392052939e+00
-3.816220416449851438e+00,4.616108883832660048e+00,3.353278625501161514e+00,4.741227955934236071e+00
-4.269247096242869688e+00,3.585663884489923792e+00,1.863156730631978508e+00,5.932761606112593178e-01
-4.459768089572595073e+00,2.035436748335101242e+00,6.375402111436193064e-02,-2.621946098932527391e+00
-4.764425262735537459e+00,6.395080649044657672e-01,-1.563106141645378422e+00,-4.386523603872307220e+00
-5.204871998533106670e+00,7.172616781813004327e-02,-2.442860534992974397e+00,-4.707064789925636816e+00
-5.482620647098570998e+00,5.936901210978219323e-01,-2.229090467591503533e+00,-3.917165620721598795e+00
-5.340091906074873052e+00,1.778866669277407997e+00,-1.052636445821125033e+00,-2.514300048061305137e+00
-4.933462682268881849e+00,2.697879440866763900e+00,5.201041852194628889e-01,-1.095921704335409030e+00
-4.771647281261170548e+00,2.559293939252452965e+00,1.801046894555359934e+00,-2.493728003076340349e-01
-5.186151664340380663e+00,1.302502650439524512e+00,2.350307626548091111e+00,-2.806519158781555223e-01
-5.884851939983412272e+00,-4.221655729534677381e-01,2.185351186682056301e+00,-9.299774460189621506e-01
-6.134472444986725392e+00,-1.872760867115132122e+00,1.722624252734887618e+00,-1.427590814958882737e+00
-5.419452025928463534e+00,-2.800197053766021682e+00,1.477497222390318887e+00,-1.046654025618512840e+00
-3.889638684437994876e+00,-3.436953710095790981e+00,1.702897619002095242e+00,2.244233172064469817e-01
-2.187510387688314406e+00,-4.016451344431326120e+00,2.234663173993343133e+00,1.558039485331540686e+00
-9.093811778842451066e-01,-4.425940350866449435e+00,2.678170160526344379e+00,1.960220057965398555e+00
-2.005901372664584958e-01,-4.344953081181602172e+00,2.772231127530906836e+00,1.193092554355696500e+00
2.731981138420482291e-01,-3.634999058882017575e+00,2.598028517512906532e+00,8.238580468117191746e-02
1.029814762373158832e+00,-2.531025488966428760e+00,2.454703103675220266e+00,-1.159132305802318269e-01
2.341002129225314921e+00,-1.490795807897093317e+00,2.546048165799120522e+00,1.245590408406516802e+00
3.967785627288280992e+00,-9.207126728977448327e-01,2.789974526222952278e+00,3.658122621633806304e+00
5.343119812442528982e+00,-1.006617114656219281e+00,2.924955520993135938e+00,5.874775409027462203e+00
6.139225550914361840e+00,-1.660378183638197225e+00,2.797468358848107517e+00,6.959118403077372506e+00
6.699872174467836672e+00,-2.522913056797731368e+00,2.543063195415227629e+00,7.073018930729173981e+00
7.816239988534315231e+00,-3.081257277387567051e+00,2.465764929674909123e+00,7.262495136863647893e+00
9.948473800451349547e+00,-2.958151032204009212e+00,2.702260777949985648e+00,8.361631084913753398e+00
1.263271700765104377e+01,-2.216561981724871622e+00,2.992071787450270914e+00,1.005720432205947112e+01
1.471119634974198753e+01,-1.388293051197179384e+00,2.821400790580149032e+00,1.113927344249123053e+01
1.522708820906675875e+01,-1.134299958103470507e+00,1.862049212427749456e+00,1.077623152867938039e+01
1.418061354487216974e+01,-1.787640711488934553e+00,3.112552918005736524e-01,9.493469341727793775e+00
1.249510421150014317e+01,-3.132216193780045899e+00,-1.196983854590290663e+00,8.790499030510874334e+00
1.126578587390861763e+01,-4.544431050640506342e+00,-2.038129439189843684e+00,9.771340098141646280e+00
1.095447045459486546e+01,-5.350952335232600277e+00,-2.010739116157123085e+00,1.215092498061402715e+01
1.118996595990043375e+01,-5.175457042528880613e+00,-1.398999835608472520e+00,1.452390338623528443e+01
1.128252245975383872e+01,-4.113959015828782206e+00,-6.996560895424621673e-01,1.553146062045443543e+01
1.091968773743972498e+01,-2.665293994673773259e+00,-2.730100552713198847e-01,1.485924248750240118e+01
1.037056121894269189e+01,-1.447242463077306862e+00,-1.677988698360751429e-01,1.331735194707708558e+01
1.006027013920799007e+01,-8.543468329266504790e-01,-2.025352233204526509e-01,1.207764851879694668e+01
1.002541800595030352e+01,-8.692644953442896227e-01,-2.012941411709877060e-01,1.176733161129676652e+01
9.801979608416651502e+00,-1.150827132149995213e+00,-1.703229035641929123e-01,1.214112876313798495e+01
8.760133797539637612e+00,-1.327042411461952565e+00,-2.537117521884299509e-01,1.248622349040386936e+01
6.502170506730115207e+00,-1.251927907824729180e+00,-5.257101681762290646e-01,1.224389438078116932e+01
3.065186926670918854e+00,-1.009319074075974321e+00,-8.622819514571335997e-01,1.123451374859943819e+01
-1.060251303992170380e+00,-7.061374914819635862e-01,-1.054954175675081318e+00,9.442836405345808259e+00
-5.069456534854751339e+00,-3.438418700370615144e-01,-1.048861923601043022e+00,6.843901872726465996e+00
-8.166819475635364256e+00,4.305728201203425781e-02,-1.031474105662036900e+00,3.577324720908573230e+00
-9.941208086819791845e+00,1.809442893638888439e-01,-1.257396203641784060e+00,1.868988947091408948e-01
-1.051556543620937489e+01,-3.383588912803344728e-01,-1.780098608202164367e+00,-2.539425331057308721e+00
-1.036966755001685492e+01,-1.613233508162720042e+00,-2.353874840083099773e+00,-4.103567802133109232e+00
-1.003418595868956587e+01,-3.117924799737993524e+00,-2.597077232383105727e+00,-4.662888573262426561e+00
-9.878395383280608399e+00,-3.969152153434092778e+00,-2.278011144080974937e+00,-4.820053611538036797e+00
-1.002008681945414459e+01,-3.624681341682365332e+00,-1.503028603766822568e+00,-5.040796199862508153e+00
-1.032045496375770099e+01,-2.372899133242307279e+00,-6.719501006449047908e-01,-5.264991336620516549e+00
-1.049861347419699342e+01,-1.160257234796771897e+00,-2.286894202779866103e-01,-5.061601513719208967e+00
-1.033296408901338559e+01,-9.244450873231913057e-01,-3.829582945443192887e-01,-4.183009866290180234e+00
-9.742133019343070188e+00,-1.976423018721106262e+00,-1.009975735548438447e+00,-3.010225940197994721e+00
-8.614699394915522390e+00,-3.833297548269088750e+00,-1.780200002097536149e+00,-2.390952518146210792e+00
-6.608402526053993142e+00,-5.538185674276766335e+00,-2.352030557385031528e+00,-2.853943224522542010e+00
-3.281119815539100149e+00,-6.234244239736745463e+00,-2.441179069539213931e+00,-3.867596306955943142e+00
1.431726957485763840e+00,-5.642657859032709666e+00,-1.806014483847621310e+00,-3.985264084896563475e+00
6.821516874302766098e+00,-4.141594946791397724e+00,-3.416408330648753600e-01,-1.955799989386449500e+00
1.153090714571050057e+01,-2.420739283774949513e+00,1.699755876905683527e+00,2.169577661189219242e+00
1.422152644974098834e+01,-1.040204935733895830e+00,3.631523774176965258e+00,7.021256903169776464e+00
1.436856957520253530e+01,-2.747704746907388973e-01,4.639901333736356825e+00,1.099977210556733276e+01
1.261094138558361522e+01,-2.641821657409708091e-01,4.339527617509361335e+00,1.338678746637616612e+01
1.032927608218528626e+01,-1.130533450185345679e+00,3.130351481706038719e+00,1.450118696015152153e+01
8.707393911524109242e+00,-2.817522681904632176e+00,2.014231253263309540e+00,1.501436628325281220e+01
8.037473871570643524e+00,-4.838486060436867575e+00,1.953460141682603624e+00,1.531676790396467602e+01
7.858213387574092046e+00,-6.327262792926767077e+00,3.220555851035625583e+00,1.552186535031156289e+01
7.685589376362400138e+00,-6.485009086917601806e+00,5.202512841192580950e+00,1.583256004927187099e+01
7.505064605021627422e+00,-5.078451877343399978e+00,6.783072929660833417e+00,1.661264492965463546e+01
7.562005540329375997e+00,-2.599143832838886503e+00,7.019448229931281702e+00,1.796324441984876685e+01
7.828810524706693919e+00,-3.051995789678512566e-02,5.671952202590184733e+00,1.929492527218287989e+01
7.800370114985555325e+00,1.573242672030696454e+00,3.296165164872725040e+00,1.948900968415119905e+01
6.797656631767663882e+00,1.532537702445593508e+00,8.879606639047007421e-01,1.764693725658484880e+01
4.489813369196593129e+00,-8.254938426223094872e-02,-6.928192503969867744e-01,1.381949177651185323e+01
1.327297507628192097e+00,-2.343985892877314292e+00,-1.174804260462217531e+00,9.138711918435637571e+00
-1.315259549623781554e+00,-3.842471355918319897e+00,-9.124455791085969159e-01,5.325138202715393732e+00
-1.542752272877274899e+00,-3.448066961507880279e+00,-4.852424270656022220e-01,3.945809212758192519e+00
1.960243752230188763e+00,-9.671427171767411624e-01,-1.848675565708843838e-01,5.713175543277613677e+00
8.578119828938383762e+00,2.760323353445098160e+00,1.678143514833956296e-01,9.934435008676935297e+00
1.526483205789599396e+01,6.336869961877461321e+00,9.322022035642977267e-01,1.440821516710687433e+01
1.781754557919609994e+01,8.491915619054575259e+00,2.205362832108599402e+00,1.627222948784721623e+01
1.353220941807474986e+01,8.583032092512867806e+00,3.689685999249849857e+00,1.374270762530692735e+01
3.395226608605478980e+00,6.722455723615833101e+00,4.977658149975925816e+00,7.557753383925471802e+00
-8.086798279530107436e+00,3.564566926509057154e+00,5.910141018751197350e+00,6.934048842440845295e-01
-1.555521699549169767e+01,-3.482394067692518025e-02,6.633662084768320533e+00,-3.648819721771630942e+00
-1.602846075996106734e+01,-3.249197005599380628e+00,7.360774573161110723e+00,-4.073291891103289153e+00
-1.035932678919787442e+01,-5.355632900550493680e+00,8.131338727954080525e+00,-1.383040143928974564e+00
-2.173920432745924280e+00,-5.837860981611584954e+00,8.773086392648909992e+00,2.567264685646222233e+00
4.509422702246770776e+00,-4.656259462839998697e+00,8.998440518948864764e+00,6.127056315844860990e+00
7.183839448446120990e+00,-2.497310509431293735e+00,8.510730644911086884e+00,8.247708848664942138e+00
5.397177054663156781e+00,-6.335956184230842059e-01,7.115234116311889956e+00,8.343194964582201223e+00
2.913306039302902550e-01,-3.017590821963868630e-01,4.874295737851515042e+00,6.342924658268946025e+00
-6.098657888624239298e+00,-1.983620362239811863e+00,2.232149173741417858e+00,2.987705282710001242e+00
-1.148163832722842770e+01,-5.124085599700777927e+00,-5.063436682828394153e-02,-1.870556277518751753e-01
-1.401621185714590645e+01,-8.482293580385148246e+00,-1.215807823891317696e+00,-1.513019407211505740e+00
-1.302735461222913749e+01,-1.084360148294512527e+01,-9.267199920237423338e-01,-1.687846275781010041e-01
-9.275825172796574591e+00,-1.162522888393699816e+01,5.016193656883083385e-01,3.223557457956799155e+00
-4.457663477290390475e+00,-1.105419789112494122e+01,2.265276350186228083e+00,6.909712726796181315e+00
-2.380367943941280595e-01,-9.887819820554373251e+00,3.551475223456254771e+00,9.134246506854887926e+00
2.507176864931909055e+00,-8.897629399271821171e+00,4.004603049518745905e+00,9.317817189561770519e+00
3.845040559705132033e+00,-8.447170558605012758e+00,3.847799312519596171e+00,8.344673383533606881e+00
4.445728552540226808e+00,-8.401664917228634621e+00,3.603768055821119365e+00,7.703383689420262748e+00
5.078687639004193954e+00,-8.350662238214489719e+00,3.662973681890730138e+00,8.205189948732270366e+00
6.203177040299391543e+00,-7.901585777545727218e+00,4.019888415630409995e+00,9.346397211771371616e+00
7.801931057352565979e+00,-6.821726152574963287e+00,4.318645039683315368e+00,9.800782512755654707e+00
9.496970914238467287e+00,-5.039885204849666955e+00,4.125947083358738610e+00,8.615789689540887863e+00
1.083151331936383777e+01,-2.680454023500860039e+00,3.250168584880130940e+00,6.162345427067416281e+00
1.151835100756984254e+01,-1.745226761160022788e-01,1.927864472644817750e+00,4.048301458469902414e+00
1.153223381146715099e+01,1.752172730851880189e+00,7.409942144682958309e-01,3.957161632844708787e+00
1.104893600935551135e+01,2.398515186740628025e+00,2.598297317848860533e-01,6.282868449416783463e+00
1.030532464989994246e+01,1.575829498322146582e+00,6.336463169835029330e-01,9.742168033489232215e+00
9.506573724207944664e+00,-1.241808534799389435e-01,1.467101512959191334e+00,1.237683427041764084e+01
8.899340670922704533e+00,-1.551851095805303560e+00,2.120421486822607005e+00,1.308734139003250441e+01
8.935524289150096777e+00,-1.625450070412568504e+00,2.192755783417721815e+00,1.234299758744210607e+01
1.020436666142339632e+01,8.744073264535974499e-03,1.774615423081520982e+00,1.152012137556821436e+01
1.293301181929011179e+01,2.692804696112326646e+00,1.269070454949440707e+00,1.156962045496249125e+01
1.642948362881904600e+01,5.067610126936864745e+00,9.660942890093658919e-01,1.220473965526010574e+01
1.921274126305248231e+01,5.848815551092457099e+00,7.631348672187459048e-01,1.225439609374739192e+01
2.005436231162895311e+01,4.608604590670241308e+00,2.993272415974537193e-01,1.087490879341654981e+01
1.909932176606094245e+01,2.036633318986397434e+00,-5.933224408247843584e-01,8.631376666011366439e+00
1.787472504740023282e+01,-5.233784551284231812e-01,-1.544968776664292109e+00,7.421564315230400943e+00
1.796066479569427798e+01,-1.951970659654044482e+00,-1.806839506715691046e+00,9.007519745108597320e+00
1.947272608354287371e+01,-2.029812482564458787e+00,-8.691277527491083621e-01,1.322843492547076849e+01
2.081191173134575223e+01,-1.431450386894322024e+00,9.848588562565028237e-01,1.761996218179589491e+01
2.001290274651790213e+01,-1.055490274879600676e+00,2.711835261276430931e+00,1.911198218751299294e+01
1.654885933479702587e+01,-1.233483429504443230e+00,3.139608474165505481e+00,1.644181433159959127e+01
1.197732424976354260e+01,-1.491460496575782946e+00,1.702846969858172965e+00,1.107544925859053464e+01
8.759397765074227848e+00,-1.075096814834135550e+00,-1.234845793873795117e+00,5.839958854734758731e+00
8.197830112668473390e+00,2.687646552439253989e-01,-4.613652733000334294e+00,2.645271930063322952e+00
9.336573972177449221e+00,2.016784760502554175e+00,-7.236373346800965223e+00,1.340735986755658526e+00
9.899034671482285219e+00,3.329032845065362789e+00,-8.308540238034149539e+00,4.642871292225183577e-01
8.438004614219916988e+00,3.710142765223461758e+00,-7.706766058817880349e+00,-1.073379612742519251e+00
5.653013092284299823e+00,3.203859709619861995e+00,-5.904749786843798809e+00,-2.931463954716164277e+00
3.644444730828321877e+00,2.062014997720573728e+00,-3.680092313987068930e+00,-3.736865787036917741e+00
3.935006212638206602e+00,4.110004275710429922e-01,-1.810447224162490931e+00,-2.468596605428663437e+00
6.213731226030268395e+00,-1.676154771037175584e+00,-8.611803614920773287e-01,4.831573876163398062e-01
8.856849563524498592e+00,-3.871123219613300748e+00,-1.015528778591745729e+00,3.577701216985517352e+00
1.051026076716579638e+01,-5.511299885773009777e+00,-1.938037436928774060e+00,5.439818903045869902e+00
1.121277175766804213e+01,-5.940326491443800094e+00,-2.830854504144875605e+00,5.984652296055125831e+00
1.217841346062990660e+01,-4.997522799691084039e+00,-2.815643807656480480e+00,6.393031833023148813e+00
1.453566736773998436e+01,-3.226323959177630041e+00,-1.469681937076296352e+00,8.098017641442785575e+00
1.807633737535946139e+01,-1.599439501079394255e+00,8.861807266385879345e-01,1.165544353882111572e+01
2.104228946669984168e+01,-9.314324682825401158e-01,3.392017455370708312e+00,1.622482050474953041e+01
2.122739887833224515e+01,-1.392500670531273244e+00,5.197240708793181341e+00,1.992441316363220949e+01
1.761373476543812799e+01,-2.490426528527629912e+00,5.974755671476174257e+00,2.094445757679977049e+01
1.123291267527260295e+01,-3.551794085662876466e+00,6.099834775655915919e+00,1.885723627824009796e+01
4.553486899435214674e+00,-4.321531550410889544e+00,6.409644305918235752e+00,1.516422382879513542e+01
-4.136123295053903415e-02,-5.163483241113260291e+00,7.662945851236697692e+00,1.242104394252675803e+01
-1.458120938274163780e+00,-6.667085819510648825e+00,9.989906737464329112e+00,1.243118612384288468e+01
-7.032449068471141596e-02,-8.998539023573217221e+00,1.269507161123366679e+01,1.495175318209379256e+01
2.889623416761370578e+00,-1.158125935996738143e+01,1.461035602464164285e+01,1.797321282868111680e+01
6.101519763966015475e+00,-1.340247944581951955e+01,1.481253996049057520e+01,1.924516658035259198e+01
8.694358030210789678e+00,-1.368297357616858179e+01,1.321819348331478494e+01,1.777491123528371375e+01
1.041380566197817892e+01,-1.233710399345950037e+01,1.063622229646930251e+01,1.430619654435742483e+01
1.141514461948226788e+01,-9.881467615833065210e+00,8.248371284987012331e+00,1.069502789668142206e+01
1.187530323889388839e+01,-6.989416954220907030e+00,6.881954455284638783e+00,8.741528792515325108e+00
1.177654876140005413e+01,-4.178770257359791351e+00,6.560132364550336881e+00,9.181077814381676916e+00
1.102995674859506359e+01,-1.863183948506077492e+00,6.607551727831523003e+00,1.135945886752465128e+01
9.723654249362391866e+00,-5.139413198475552003e-01,6.199492303283592243e+00,1.371280647862839253e+01
8.185990741025372941e+00,-5.493292444313370160e-01,4.939488555461688080e+00,1.468209485391153635e+01
6.831722143861086671e+00,-1.941292274448232380e+00,3.066455860913419595e+00,1.346319783935124548e+01
5.985624797523855456e+00,-3.952266881976315815e+00,1.210347349892811231e+00,1.024582620028777491e+01
5.804388665590682450e+00,-5.390400302062198001e+00,-5.331036635196587103e-02,6.032218296204788999e+00
6.267382638254805904e+00,-5.313345387063165504e+00,-5.294352118516491013e-01,2.249832309015244558e+00
7.192490120854792224e+00,-3.684017593989419304e+00,-4.591034736026390894e-01,1.980188943956087688e-01
8.262970286132654607e+00,-1.481187401331659492e+00,-3.331246024012227136e-01,4.073905195320140504e-01
9.053691156223916181e+00,-1.593616704089703129e-01,-5.676111984981744296e-01,2.327859949788833926e+00
9.111953948107350598e+00,-7.904365110529009142e-01,-1.204768634376324643e+00,4.750508848723502098e+00
8.196830897419385309e+00,-3.406045544678355519e+00,-1.856142069370038117e+00,6.697441978655233719e+00
6.579255666831765659e+00,-6.934295084931616060e+00,-1.986148635897495796e+00,7.958073263256911112e+00
5.026281660994021294e+00,-9.793143287416960163e+00,-1.327554571306518882e+00,8.833791478522314833e+00
4.267076687796548917e+00,-1.082135967746809690e+01,-5.949000363104060829e-02,9.539400685202190644e+00
4.353856754437816612e+00,-9.986016186592037158e+00,1.387400995730558861e+00,9.976430863347953704e+00
4.598812548096586461e+00,-8.391226465630843734e+00,2.660226857056289695e+00,1.000948225579414874e+01
4.216093627246788600e+00,-7.551806062066988012e+00,3.637046341372664138e+00,9.783469047147193010e+00
3.050309004250144618e+00,-8.412719358333145436e+00,4.350519259659523463e+00,9.676130070205724465e+00
1.715698280903713346e+00,-1.077744150904082510e+01,4.853727880225290114e+00,9.955408604024137631e+00
1.077075307810193117e+00,-1.349901194114954706e+01,5.176009548668094595e+00,1.052326051446942046e+01
1.539927748612786029e+00,-1.524997782165147520e+01,5.373382168649898816e+00,1.102221371380430348e+01
2.671950160512904127e+00,-1.532887890460734859e+01,5.593955673880615542e+00,1.120991485839369872e+01
3.420332581065134825e+00,-1.398949293290568896e+01,6.066943174638358194e+00,1.122129571235263867e+01
2.827554816623963241e+00,-1.213294573073550531e+01,6.962082506360364853e+00,1.143808507764847526e+01
7.724781142642629383e-01,-1.064321898107576736e+01,8.182902925784937054e+00,1.209721010162146193e+01
-1.856718915050789231e+00,-9.874009151357828529e+00,9.286312201807946920e+00,1.303557237459328633e+01
-3.739628691029623031e+00,-9.633200890643413672e+00,9.683320517921075066e+00,1.378977549668991109e+01
-3.977700751680624869e+00,-9.581362269986700042e+00,9.036213404369455304e+00,1.390348962999038029e+01
-2.551169850427343455e+00,-9.624254074521777724e+00,7.553394505525909963e+00,1.317773806069385678e+01
-1.556628541221690976e-01,-9.928722361422725129e+00,5.927974526732275429e+00,1.175966966511721168e+01
2.281440918761246550e+00,-1.057155286745908640e+01,4.937089577856050404e+00,1.010235959198510791e+01
4.038953546622537694e+00,-1.119602238494845103e+01,4.972887538413186093e+00,8.816292913146854815e+00
4.854707597249241502e+00,-1.108442545248380640e+01,5.815340131402358281e+00,8.424825471649247888e+00
4.965153061006326141e+00,-9.707686039451139948e+00,6.780472216527287266e+00,9.112504026983081928e+00
4.904142695568954657e+00,-7.329908733335209092e+00,7.133691220901625663e+00,1.059873149839595996e+01
5.152082142359820871e+00,-5.055321252581191693e+00,6.509429032652416680e+00,1.221142812946841261e+01
5.882926585163428257e+00,-4.108725404492335365e+00,5.100993792427646056e+00,1.315338954639993574e+01
6.973829989650858430e+00,-4.884788661007936739e+00,3.534001346389255449e+00,1.287936737120651465e+01
8.176657671045605369e+00,-6.625538441829181835e+00,2.499412925348866388e+00,1.139896534297262853e+01
9.258607807897588415e+00,-8.031959510330032970e+00,2.329935780745098217e+00,9.285755619979729758e+00
1.007587469535018343e+01,-8.218630799521596586e+00,2.760914445784123927e+00,7.360818932705258888e+00
1.062832193321249008e+01,-7.178217790700961665e+00,3.080562798695098081e+00,6.301916570586012512e+00
1.103029465142098253e+01,-5.549114630175589369e+00,2.644516968384875710e+00,6.449333852389693256e+00
1.133196039562530011e+01,-4.138263163915437914e+00,1.390925994897303619e+00,7.788443613996712145e+00
1.136497200199555557e+01,-3.610860112954350498e+00,-1.008564817896491217e-01,9.921696023330426328e+00
1.086984512562882799e+01,-4.319637494687494694e+00,-1.090542515805336565e+00,1.206979416867769217e+01
9.838048768012154000e+00,-6.134899598829431255e+00,-1.255609506796960817e+00,1.336215181490349657e+01
8.684765586724394026e+00,-8.398470969338662329e+00,-8.371794616153720447e-01,1.339929698914174239e+01
8.025730302422148910e+00,-1.020251246541646495e+01,-2.863878688889013313e-01,1.258423858780419025e+01
8.257767516171389488e+00,-1.089032664779466231e+01,1.626044209364192195e-01,1.178816286120325607e+01
9.303508545461243173e+00,-1.041357978173264698e+01,5.791365899949427742e-01,1.160816110569732018e+01
1.066733140120837042e+01,-9.299571183816052411e+00,1.093758025699489433e+00,1.194021212440876134e+01
1.169762257137947259e+01,-8.299203348827157711e+00,1.652091588879820661e+00,1.222240708485292870e+01
1.189406014637016185e+01,-7.962344896672466810e+00,2.008453752346604393e+00,1.199219704678453802e+01
1.114043960310383241e+01,-8.365026123404128100e+00,1.926487572599937970e+00,1.120745476614091096e+01
9.755816033877474425e+00,-9.119079153895761181e+00,1.390779158658307590e+00,1.016757847690105798e+01
8.318345478769959556e+00,-9.657756590269512387e+00,6.571769008626314745e-01,9.224028144396051232e+00
7.379931777236345525e+00,-9.593758767361251216e+00,9.235583646972111982e-02,8.497077940815641384e+00
7.259091064625762257e+00,-8.856074976857380321e+00,-9.550877096443316505e-02,7.756330023941768737e+00
7.948567635240402218e+00,-7.537570130347801545e+00,-2.282217091083713761e-02,6.589907181489188304e+00
9.064849337378175775e+00,-5.745970803876088162e+00,-2.475460723869016277e-02,4.806435802760328890e+00
9.926124932763960018e+00,-3.747602723400862423e+00,-3.287253091275958439e-01,2.755857287061864280e+00
9.957466129571052704e+00,-2.223435267515355473e+00,-7.719996925396133136e-01,1.283839783138823298e+00
9.286503983049513522e+00,-2.122536605010397093e+00,-8.189657009162919499e-01,1.368511847100987167e+00
8.929985290088144012e+00,-3.947436903477552939e+00,8.618413065724916944e-02,3.676980345255390414e+00
1.013021635694206246e+01,-7.017642599374092072e+00,2.031787527357439060e+00,8.141314414571294122e+00
1.323651793040853519e+01,-9.494693227227712029e+00,4.343240871672812808e+00,1.360444019145692174e+01
1.714608080644580923e+01,-9.394019860347325945e+00,5.780627610054115628e+00,1.786280531957243412e+01
1.993819445040265492e+01,-5.962516142307180189e+00,5.261097562081068268e+00,1.850619067898651693e+01
2.025637106832841638e+01,-3.992136457351145862e-01,2.671904024219869722e+00,1.433846855210977367e+01
1.828529429231737069e+01,4.722624285820256951e+00,-8.982911805428892560e-01,6.418413850140787247e+00
1.552482277278230072e+01,7.048411885392429355e+00,-3.781353210310559376e+00,-2.140712323109598803e+00
1.361110164985301374e+01,5.960775134957470911e+00,-4.721953809961007664e+00,-7.581465220709139530e+00
1.318082292686123758e+01,2.909057510236038091e+00,-3.457883995288597578e+00,-7.357712943000996653e+00
1.359544216162879771e+01,2.962516589593220395e-01,-5.753472056127719725e-01,-1.545966998316735896e+00
1.352394622110170808e+01,-2.269346362131279271e-01,3.024729212387430088e+00,6.923954501459427924e+00
1.176650252324693291e+01,1.226516702230308731e+00,6.564260164476802828e+00,1.361074183718311836e+01
7.792919524966230860e+00,3.161605283406621503e+00,9.560047070946112058e+00,1.500611018280871178e+01
1.906379306958923214e+00,4.075771793604000770e+00,1.184221154212586136e+01,1.055397588980622281e+01
-4.931556260726607022e+00,3.710076821386648405e+00,1.352380897372366952e+01,2.637694420470081180e+00
-1.168086511690067830e+01,3.225256383112780512e+00,1.490425846589966596e+01,-5.566064832499380444e+00
-1.798839287927568265e+01,4.209570884570324800e+00,1.630017817302522687e+01,-1.253614310624969796e+01
-2.441488609641460883e+01,7.353632573196412281e+00,1.791516013064984492e+01,-1.899053988555273875e+01
-3.167475404121387328e+01,1.192496191151401419e+01,1.983577881393199149e+01,-2.628597058264504227e+01
-3.958148499037884704e+01,1.650261243696873947e+01,2.204095101010306479e+01,-3.450149482367078946e+01
-4.697083580466487263e+01,2.027793988968614514e+01,2.428352598874379709e+01,-4.223091845007877509e+01
-5.289621087921999987e+01,2.369249736792709271e+01,2.600195405181368002e+01,-4.815076826375981511e+01
-5.789698340546603106e+01,2.784438908131447121e+01,2.658438793142174816e+01,-5.260409402244749089e+01
-6.391089738562835265e+01,3.327654770628759451e+01,2.592448622343307463e+01,-5.757039223690498631e+01
-7.270273564012711631e+01,3.929956579509042314e+01,2.469891480350541357e+01,-6.504538467234857535e+01
-8.411621552082046094e+01,4.446541699127104152e+01,2.392419328704096060e+01,-7.529302690591647718e+01
-9.567132946230596247e+01,4.775338917000237160e+01,2.410189406704943949e+01,-8.646007528658721242e+01
-1.039528142748832522e+02,4.938415669317566170e+01,2.477404714789638618e+01,-9.579719027681956334e+01
-1.068296109430845320e+02,5.050677382940955340e+01,2.495632072733038598e+01,-1.013740847514177261e+02
-1.048767031657674664e+02,5.204435627886209659e+01,2.406349925746730989e+01,-1.029321983666577296e+02
-1.009268989901646592e+02,5.379148673090770671e+01,2.247070858395441917e+01,-1.015199489937078710e+02
-9.809052620214475837e+01,5.463931894741744344e+01,2.118351206663223962e+01,-9.864593357643789773e+01
-9.775450210977362531e+01,5.373421047789544502e+01,2.088435807810518341e+01,-9.572246867752625121e+01
-9.899371249457621502e+01,5.146459457415692640e+01,2.120476223523827741e+01,-9.380166663002776772e+01
-9.958899446973676106e+01,4.929902886457922762e+01,2.093007959314118338e+01,-9.322889363574337551e+01
-9.765498167388528827e+01,4.856406842236721388e+01,1.902670155857930823e+01,-9.330756023482143746e+01
-9.275119997574775255e+01,4.925510215104225153e+01,1.559766962622301278e+01,-9.254194551584531325e+01
-8.604124273339397178e+01,4.996371694327483937e+01,1.189919520921995399e+01,-8.965842291297724387e+01
-7.965379017980060894e+01,4.899606756271039387e+01,9.389206088126414329e+00,-8.472705078973685033e+01
-7.556300605857055075e+01,4.571000552606974310e+01,8.624033300080697018e+00,-7.934860362848380078e+01
-7.444259876377516605e+01,4.096397089755524235e+01,8.914157546620142369e+00,-7.554416899143063802e+01
-7.517191959762793374e+01,3.639727309741550698e+01,8.976191324891493295e+00,-7.414354145392806572e+01
-7.548956994023214406e+01,3.324755086697678763e+01,7.988863136913759710e+00,-7.404370727872047553e+01
-7.349535884827437826e+01,3.169792084853876446e+01,6.158457685574642682e+00,-7.307994735399432784e+01
-6.894845232429000248e+01,3.114979377053287379e+01,4.364618311268318784e+00,-6.986601716263018602e+01
-6.338119391692357141e+01,3.094286255391159557e+01,3.289922433365190635e+00,-6.502379447151297143e+01
-5.893390166276682152e+01,3.073744015109416239e+01,2.877353402693579643e+00,-6.066978480165776233e+01
-5.678976679501253955e+01,3.031330922121229321e+01,2.572604034844380383e+00,-5.857928631672122322e+01
-5.641230605609206350e+01,2.929202966687908116e+01,1.980944244008467248e+00,-5.869208301995843868e+01
-5.619001628056028608e+01,2.735015027464356052e+01,1.184749547543632708e+00,-5.930252062662402324e+01
-5.493584493662734758e+01,2.475705428800310770e+01,4.326995558344799431e-01,-5.867346358090946978e+01
-5.288698249124279016e+01,2.246553980868791811e+01,-3.413972292895562921e-01,-5.651572058802415199e+01
-5.124385467793553062e+01,2.136167784850441720e+01,-1.543077800816940792e+00,-5.398674349452582533e+01
-5.068924951307516835e+01,2.130152411656217382e+01,-3.411940467377729380e+00,-5.227933962768111797e+01
-5.040739714182262787e+01,2.100553481694565860e+01,-5.536505104482054129e+00,-5.118943768136197292e+01
-4.869786731077523001e+01,1.911006038969951959e+01,-6.972065134987666113e+00,-4.914388907829155784e+01
-4.470032849887343218e+01,1.545239458096690122e+01,-6.970732540138577349e+00,-4.486170715873397086e+01
-3.959662007153425378e+01,1.132839990421325815e+01,-5.712255305916863257e+00,-3.914208694401681754e+01
-3.606074879307261938e+01,8.434351451404090483e+00,-4.351978922773461100e+00,-3.486892324058455728e+01
-3.626497719048108337e+01,7.513206090302821494e+00,-4.275138964332907854e+00,-3.488282027339594293e+01
-4.002987354856341540e+01,7.989412912503630615e+00,-6.145525558587126902e+00,-3.950721072411712242e+01
-4.467034782548455496e+01,8.786900048571629540e+00,-9.497737597565645729e+00,-4.597902326451650623e+01
-4.676872853770085214e+01,9.284421318084440600e+00,-1.311365779028828094e+01,-5.029430649358038607e+01
-4.453420611267641505e+01,9.394346871177400971e+00,-1.578347232119621601e+01,-4.986198971034932725e+01
-3.890454865992102640e+01,8.964862548808214981e+00,-1.687672420255156069e+01,-4.489244214947073885e+01
-3.262249129727243258e+01,7.547822621479763683e+00,-1.646715331441490804e+01,-3.776213582764916765e+01
-2.823682894629787299e+01,4.992269492073882375e+00,-1.512928458383830943e+01,-3.123493996724951671e+01
-2.671202098217483822e+01,2.102951191254752050e+00,-1.363496980335178321e+01,-2.703097420431429398e+01
-2.746149498974743608e+01,3.364243751633476109e-01,-1.268095789435560228e+01,-2.556740609559441779e+01
-2.922544785144056334e+01,5.892870479805503159e-01,-1.267431401175690198e+01,-2.650533857418165695e+01
-3.077268976048975802e+01,2.285614055243295528e+00,-1.358920748561192404e+01,-2.913785159506474898e+01
-3.109542537882625624e+01,3.791519484762558179e+00,-1.496193826774020863e+01,-3.221901589258384746e+01
-2.950051667613996642e+01,3.827492759572880487e+00,-1.610969076673001155e+01,-3.389917428764069740e+01
-2.595069615717022415e+01,2.528536635754814910e+00,-1.653812858943123842e+01,-3.260373467216360410e+01
-2.144650809691933091e+01,1.200021756311122845e+00,-1.629195857541173353e+01,-2.850718688644714049e+01
-1.790435063455952402e+01,1.110450705130882509e+00,-1.593708167207497794e+01,-2.405025530852305238e+01
-1.724069230047388146e+01,2.473977827373707861e+00,-1.611580281252024349e+01,-2.243352642617526627e+01
-2.005818356544915915e+01,4.421125044451615693e+00,-1.701976780173937698e+01,-2.502786050804693119e+01
-2.490913437158562260e+01,5.786125763865874738e+00,-1.825854138170123520e+01,-3.002248567873132501e+01
-2.893337408720408632e+01,5.945736785052524453e+00,-1.925359568195134585e+01,-3.369990042492258908e+01
-2.962329711604257909e+01,5.116852382244053921e+00,-1.977836497266212845e+01,-3.331838296803747568e+01
-2.641902610765831838e+01,4.054203848025139223e+00,-2.013271291099750471e+01,-2.913732285975960679e+01
-2.087083061015168894e+01,3.457355444957308066e+00,-2.080357224146954920e+01,-2.395416555565695660e+01
-1.529780071606648839e+01,3.493001052186889055e+00,-2.192258173322547421e+01,-2.065910754190506537e+01
-1.111796544534433373e+01,3.769370583233956573e+00,-2.298893678705330146e+01,-1.986529533416935323e+01
-8.200029904576680906e+00,3.819468405211018602e+00,-2.313134501205731652e+01,-1.956186470852614789e+01
-5.623853742073183781e+00,3.685397257196227017e+00,-2.179107007923128236e+01,-1.712906594815938277e+01
-3.034862530341888576e+00,3.976064572498745786e+00,-1.933459002053753650e+01,-1.206178406183953200e+01
-1.299234983774898433e+00,5.219916839999403813e+00,-1.704118780386852805e+01,-6.944647299353459147e+00
-1.748814601569570470e+00,7.133251031727389169e+00,-1.633316736318420936e+01,-5.545115389010653928e+00
-4.562430277794361722e+00,8.657975229157733210e+00,-1.776839433647668187e+01,-9.469381292664554195e+00
-7.834857788310169546e+00,8.883665425139358973e+00,-2.061143874721673086e+01,-1.635909347409604919e+01
-8.589401179083976601e+00,7.988716914458797724e+00,-2.338458076227312787e+01,-2.146158956995408573e+01
-5.222268100604238406e+00,7.213206600426158133e+00,-2.496303628008877595e+01,-2.138969773883202308e+01
8.605019376413136634e-01,7.808884481120093035e+00,-2.527134843443404577e+01,-1.675925803681823467e+01
6.230498605802066159e+00,9.943951672064843095e+00,-2.499902078778087500e+01,-1.134123373162239901e+01
8.258359949178620596e+00,1.259432345484801985e+01,-2.470740685900000244e+01,-8.665473699576478950e+00
6.980024795365680212e+00,1.447497914190947377e+01,-2.429537792578155120e+01,-9.398301827377201434e+00
4.298828607611056007e+00,1.506719936747039235e+01,-2.336309013063072371e+01,-1.178031486190974952e+01
1.770457522742684198e+00,1.478494382910239402e+01,-2.199179767511033390e+01,-1.409058688462668840e+01
-4.794981972963190953e-01,1.425353939891711263e+01,-2.096746991952132078e+01,-1.615370312770575367e+01
-2.864686049525931644e+00,1.354662901402592823e+01,-2.108141081339224598e+01,-1.839555529500498920e+01
-5.023833171014957522e+00,1.217660315910057278e+01,-2.220155920637521518e+01,-2.004376190799853319e+01
-5.885515405525260313e+00,9.797741692199585017e+00,-2.316175311457452324e+01,-1.912777092554145497e+01
-5.037570159578917739e+00,6.852270756771355664e+00,-2.272518346392843824e+01,-1.469227988691136133e+01
-3.695993053634985870e+00,4.455384000296359837e+00,-2.074204125162751566e+01,-8.730213865350131996e+00
-3.966957733485156012e+00,3.561265207269323163e+00,-1.836926751389678003e+01,-5.289186292183234883e+00
-6.933247477381868862e+00,4.160453248010065330e+00,-1.714535953777007293e+01,-7.176812318459522722e+00
-1.137819616348311769e+01,5.266754256945427315e+00,-1.781293058971002097e+01,-1.331409854347764465e+01
-1.446797367238692367e+01,5.742716645244832385e+00,-1.992348556973994889e+01,-1.927547411089869911e+01
-1.399050890041574924e+01,5.247729566882972208e+00,-2.243186780380173673e+01,-2.068031813789567508e+01
-1.031264536376693819e+01,4.474258639637693769e+00,-2.462461386694265641e+01,-1.667134596643873579e+01
-6.251865934280978365e+00,4.454868523595270524e+00,-2.656591250549670491e+01,-1.057289106600324580e+01
-4.666262954762607329e+00,5.542688188599883325e+00,-2.874957719615298046e+01,-6.964112046350385832e+00
-5.641853320189176735e+00,7.000891496857698293e+00,-3.132661997253088515e+01,-7.454815780424049798e+00
-5.927033434599429107e+00,7.633663255169427231e+00,-3.364762250973059565e+01,-9.022528248250363703e+00
-1.628729699911312778e+00,6.901962705821717670e+00,-3.462801526764611992e+01,-6.869212091907527018e+00
7.889163190418994276e+00,5.420815489427876166e+00,-3.370721055511404529e+01,5.998892594212641427e-01
1.865608989997488010e+01,4.291274138986167941e+00,-3.151869036423408943e+01,9.656850093274970348e+00
2.516401542425881743e+01,3.931628389588510686e+00,-2.952234264381414164e+01,1.452069765756124831e+01
2.544108218211848538e+01,3.671106416770308467e+00,-2.881718660794709308e+01,1.303756372206795966e+01
2.322069106930663551e+01,2.601606675894049925e+00,-2.924088958227590140e+01,9.030207580936378875e+00
2.469798316318676967e+01,7.719451634664725725e-01,-2.965571821623773019e+01,8.806689108614175865e+00
3.274465430877447858e+01,-6.725855154482113241e-01,-2.913840406541533312e+01,1.525517353420966771e+01
4.420579467769459114e+01,-6.951045313414171423e-01,-2.789272789854507550e+01,2.528906599566325752e+01
5.286277647390836876e+01,3.261642682106772884e-01,-2.703997345799014340e+01,3.286711704479034779e+01
5.498081572496970892e+01,6.471324263787416875e-01,-2.757963149933158320e+01,3.437982847514047080e+01
5.211225388286450055e+01,-1.355273851115315287e+00,-2.954128037344872126e+01,3.135686295089019637e+01
4.906353362524522765e+01,-5.645690946545432354e+00,-3.203335158309673147e+01,2.852117934469265492e+01
4.973029681188323536e+01,-1.038740386994936671e+01,-3.397883849380904309e+01,2.966665356011668209e+01
5.481045859825579925e+01,-1.334379239850527199e+01,-3.475265668782974160e+01,3.531283106317259524e+01
6.259343471197650643e+01,-1.362694832096562614e+01,-3.422713859384812451e+01,4.360588147952098126e+01
7.085065514984387391e+01,-1.234940542067255365e+01,-3.249485203132207545e+01,5.250508219379474184e+01
7.767049409115882952e+01,-1.169892773215168980e+01,-2.983903267162896356e+01,6.061355336354412771e+01
8.129476497803369739e+01,-1.326273414564818687e+01,-2.698793176993028098e+01,6.644330599806514215e+01
8.046283479006514483e+01,-1.696160155246071355e+01,-2.506450585705156442e+01,6.817937782016015547e+01
7.573905473315298309e+01,-2.131219027681804690e+01,-2.487384877463499322e+01,6.521642443381377063e+01
7.033571597633243755e+01,-2.460092579894561027e+01,-2.607167535891574417e+01,5.994260490498146510e+01
6.873357826325252518e+01,-2.597382889627024483e+01,-2.715136686692965640e+01,5.715591366788375893e+01
7.352040862661675646e+01,-2.576227497899752450e+01,-2.645947333356384235e+01,6.078107094525501708e+01
8.308435586166351072e+01,-2.503925559749889729e+01,-2.339102554487885754e+01,7.066259763915395808e+01
9.251735929924072366e+01,-2.483416668863518240e+01,-1.872277196944430955e+01,8.249698319031270444e+01
9.723805477781100137e+01,-2.552485121167454807e+01,-1.388328213075315354e+01,9.104259780957296755e+01
9.621470468554367983e+01,-2.678119260313082250e+01,-9.900969808829382046e+00,9.374834122831298089e+01
9.206486249185428505e+01,-2.805805971544175037e+01,-6.904037758270205494e+00,9.185371305615562676e+01
8.838096784542452156e+01,-2.918198886472140074e+01,-4.383032685440753085e+00,8.858883348120922108e+01
8.707551085864618301e+01,-3.047778349889837557e+01,-1.748786297094163666e+00,8.654367034641653333e+01
8.787412914042883472e+01,-3.233224998222706859e+01,1.327507446414584402e+00,8.638280641175585117e+01
8.951182015134773451e+01,-3.466436120476229377e+01,4.872279739342160632e+00,8.731706269928376685e+01
9.084282518072198798e+01,-3.685884162007469200e+01,8.662343481047308558e+00,8.823560423497752936e+01
9.104713795747066740e+01,-3.824096604933260579e+01,1.228498324227304650e+01,8.842401502964621329e+01
8.954189026663185302e+01,-3.862848834574913326e+01,1.529475914146870608e+01,8.769621873226599007e+01
8.622579662958376900e+01,-3.843216288822491578e+01,1.748185120444570018e+01,8.627584174460386635e+01
8.176958767210889789e+01,-3.824030386328507092e+01,1.907116810711161747e+01,8.460163971529811988e+01
7.736533198010685908e+01,-3.833125034460024239e+01,2.064028412894037956e+01,8.304225453090067788e+01
7.396508275226653950e+01,-3.857164992335529519e+01,2.274075356926677927e+01,8.163363819239711461e+01
7.162046826119077991e+01,-3.868384623492966057e+01,2.547164177562236276e+01,8.006524396127738896e+01
6.946347703607993651e+01,-3.848010897119360862e+01,2.835857272201887014e+01,7.795526084548356494e+01
6.638284401274138702e+01,-3.782184777832093658e+01,3.069440780778681699e+01,7.519305163234997735e+01
6.194745411282889336e+01,-3.651398089407206982e+01,3.211346567595368384e+01,7.209866129044441152e+01
5.686716605345945652e+01,-3.444893512777277778e+01,3.293612031095047143e+01,6.930715798796956051e+01
5.254255420264800591e+01,-3.191354199622340815e+01,3.396962904726603938e+01,6.741858113496436999e+01
5.001144192314141179e+01,-2.962223359673223300e+01,3.588257998155655315e+01,6.655790758625899173e+01
4.917019403243072873e+01,-2.826161375170574885e+01,3.863787246746087334e+01,6.613955772965702806e+01
4.887287419040278991e+01,-2.790529533954266839e+01,4.144934652928060359e+01,6.514250181061807154e+01
4.770455795971710700e+01,-2.790245387878733396e+01,4.330061405649075823e+01,6.283020561695480666e+01
4.479451679309156731e+01,-2.743372125083589452e+01,4.360298710355898777e+01,5.934428450526582566e+01
4.024722298411884225e+01,-2.625357645249008343e+01,4.250451366257904340e+01,5.560243132463843807e+01
3.509152511379297579e+01,-2.490146487885516535e+01,4.071321609634559735e+01,5.258984671975450453e+01
3.076743116741820216e+01,-2.415488113713959351e+01,3.906431978948503314e+01,5.071584382514668476e+01
2.835144530269638707e+01,-2.424720360405115116e+01,3.811793744717228094e+01,4.970776847567248069e+01
2.801960789741551494e+01,-2.460516998258914967e+01,3.791747611624096237e+01,4.887494292730524137e+01
2.917036262703558691e+01,-2.433070570532068899e+01,3.795659424119172343e+01,4.738419421725537006e+01
3.100544639179985751e+01,-2.292478663425354668e+01,3.742629123876581332e+01,4.453973244937660780e+01
3.289870461848120442e+01,-2.058566936545773629e+01,3.572105575320873072e+01,4.020579145610371086e+01
3.423220027670860333e+01,-1.793034630131327489e+01,3.292313152059529102e+01,3.514104752337117077e+01
3.412360048408213231e+01,-1.555436343987352643e+01,2.985678453794563225e+01,3.075328166483934211e+01
3.163106869022377055e+01,-1.383930642225174701e+01,2.757326312458480899e+01,2.818861870254834301e+01
2.641213269085423576e+01,-1.297091176479614028e+01,2.660635981024175578e+01,2.738145377022249605e+01
1.922241431592080474e+01,-1.289713367322418947e+01,2.656540990682847792e+01,2.690909397745819831e+01
1.174689167180569882e+01,-1.320830429358541203e+01,2.639107818611229206e+01,2.493702036386404686e+01
5.848775057192904470e+00,-1.322103981977877041e+01,2.510415006415572137e+01,2.065199616060427701e+01
2.733296247195264428e+00,-1.239876994849050540e+01,2.250921611025612279e+01,1.506920607425103498e+01
2.480950037150351228e+00,-1.079674587395214047e+01,1.933537977173361000e+01,1.045506291257416898e+01
4.134365099719114589e+00,-9.075709197084201207e+00,1.671104149581635667e+01,8.707535727640774326e+00
6.246985693253413352e+00,-8.017802174454585540e+00,1.538213352325871419e+01,9.989852879214137005e+00
7.570626828764257077e+00,-7.950568440734498310e+00,1.526806615042762161e+01,1.273102783847346764e+01
7.498997356245014068e+00,-8.521045524983685837e+00,1.564276242241676762e+01,1.486637540324799112e+01
6.106080348222151066e+00,-8.925426676123663583e+00,1.571282083815552966e+01,1.514699012742325301e+01
3.909669100360888994e+00,-8.408916760791207423e+00,1.509816238038543901e+01,1.352703118961581374e+01
1.556722932468551868e+00,-6.759848443261937234e+00,1.389280202994582503e+01,1.067347400582947259e+01
-4.550559179639417362e-01,-4.511524618504314077e+00,1.238073045833077757e+01,7.338820133803606538e+00
-1.910335269457056562e+00,-2.653434235186870271e+00,1.074224287495681729e+01,4.122879085924129328e+00
-2.786261807446579031e+00,-1.968819956776293179e+00,9.021073887259456470e+00,1.538858625925046963e+00
-3.092567784251742502e+00,-2.479024285755247359e+00,7.320158072521432580e+00,1.972257688033218770e-02
-2.941189119507713556e+00,-3.448498014669381995e+00,5.930249493267577776e+00,-3.168773601972585396e-01
-2.826567678338097522e+00,-3.919659576402350076e+00,5.149276080528297328e+00,1.536836131930974236e-02
-3.624967938135168932e+00,-3.330717317321403748e+00,4.929069757513996564e+00,-1.224655462955571705e-01
-5.938763293408969801e+00,-1.850261000056905969e+00,4.798230060200628699e+00,-1.825503921875712532e+00
-9.181814414589517526e+00,-3.701199835281244743e-01,4.310397114852598577e+00,-5.016719822453571176e+00
-1.136741244888041003e+01,-1.606643744632035853e-01,3.647078170133131625e+00,-7.817125474394175377e+00
-1.019532770063973715e+01,-2.139213382996322022e+00,3.649339958313869037e+00,-7.452886723515794287e+00
-4.952254384580732527e+00,-6.003240786744632906e+00,5.009679174922452738e+00,-2.540922774229471770e+00
2.204251711764971589e+00,-9.973887120000322071e+00,7.285001742651370904e+00,5.052612756667286043e+00
6.950190547226202220e+00,-1.173504560155270049e+01,8.779388781349275916e+00,1.079595702628222220e+01
5.468011028384887950e+00,-1.006591492709607394e+01,7.615776485735589851e+00,1.050948269432555726e+01
-2.793804067275453384e+00,-5.751248563776265144e+00,3.130097457239965575e+00,3.359873318738280101e+00
-1.460875145558642707e+01,-8.825388866261603127e-01,-3.638318437202297417e+00,-7.751895260006159916e+00
-2.518139530503551526e+01,2.762182209090485507e+00,-1.070458190597064707e+01,-1.848402698261529764e+01
-3.110341087019784823e+01,4.728534977996484479e+00,-1.634842901226508971e+01,-2.573235310613214466e+01
-3.169865152148179277e+01,5.553851177306271758e+00,-1.977745585392967698e+01,-2.862328070149211356e+01
-2.830989947249598515e+01,5.765424258367696453e+00,-2.099912609225945559e+01,-2.782141559768853156e+01
-2.289158358484749911e+01,5.340142287768427032e+00,-2.038906595312714387e+01,-2.450472866640599889e+01
-1.717828681709143268e+01,4.013698247365675265e+00,-1.845776945655191170e+01,-1.992351228865728174e+01
-1.245939113047915292e+01,1.904785560473008399e+00,-1.585233801719993529e+01,-1.534809883386968288e+01
-9.388264434994928465e+00,-2.512556102733642938e-01,-1.331620605978827854e+01,-1.180937810114957465e+01
-7.735008028029265681e+00,-1.448547609710258532e+00,-1.145015809895380343e+01,-9.564315068171541867e+00
-6.521664381852847470e+00,-1.014193214459627068e+00,-1.044247184675648477e+01,-7.897922014281680170e+00
-4.722522593488923448e+00,9.448325676986498722e-01,-1.005804991825049477e+01,-5.789589266844711091e+00
-2.060455710344320845e+00,3.496490819494675772e+00,-9.937516739927442444e+00,-3.027067003768983966e+00
7.529246690820139420e-01,5.311000430494585700e+00,-9.914621016486657723e+00,-6.165092699377674457e-01
2.529161811209176935e+00,5.419222081877416386e+00,-1.002350392754175346e+01,9.317979134357023963e-02
2.480396248045205532e+00,3.863391962441574456e+00,-1.022165366424627031e+01,-1.253685519607728782e+00
8.133830425192455360e-01,1.706896114646642593e+00,-1.020450201224784692e+01,-3.621479326592622172e+00
-1.431748223989940838e+00,2.852637701350184685e-01,-9.593944629676114388e+00,-5.516903499771600217e+00
-3.207049993875298988e+00,2.529219205775565804e-01,-8.328110443144515429e+00,-6.241087009937704266e+00
-4.244382862596127737e+00,1.218789557469676765e+00,-6.811768255377890213e+00,-6.230299450322240418e+00
-5.063262538918231748e+00,2.242490787488491844e+00,-5.636821247471186958e+00,-6.326576769832744418e+00
-6.210750228276808116e+00,2.667947208210575738e+00,-5.145894416068728994e+00,-6.859070559063703776e+00
-7.560736137508862420e+00,2.509451538650701252e+00,-5.253902518217135942e+00,-7.403339564239484361e+00
-8.411643176798571986e+00,2.132398774512508144e+00,-5.645115711098014799e+00,-7.310966181445023082e+00
-8.209727598257149594e+00,1.701822031757973752e+00,-6.090896551799152903e+00,-6.448882880431808573e+00
-7.086224241641343013e+00,1.024122905119972504e+00,-6.561835629766553879e+00,-5.482739432805071367e+00
-5.715464730368730706e+00,-1.155867729046145265e-01,-7.061912249077432868e+00,-5.410143377102998308e+00
-4.753793675994152146e+00,-1.562986928289930910e+00,-7.413707062855348084e+00,-6.674076069270921785e+00
-4.432133305932825174e+00,-2.787921215586333545e+00,-7.274793334620709651e+00,-8.636221795070371243e+00
-4.594399273728468458e+00,-3.265600186784513248e+00,-6.412605520551477589e+00,-9.970267259929290304e+00
-5.039977893600907422e+00,-2.896039463941938230e+00,-4.963947613193758990e+00,-9.719273338356105185e+00
-5.798260421003387677e+00,-2.113815940619358180e+00,-3.388821688443484970e+00,-8.121065589126541084e+00
-7.045862721209597446e+00,-1.602494674969117128e+00,-2.140662085783938018e+00,-6.488725313352895263e+00
-8.738435704776840396e+00,-1.823408222446093019e+00,-1.377103443581151998e+00,-6.238830868423840492e+00
-1.038511449587241309e+01,-2.711262276032480489e+00,-9.752331109385671271e-01,-7.824272287640970269e+00
-1.131242646745877245e+01,-3.776702195012393126e+00,-7.674868515105985889e-01,-1.034460380145684155e+01
-1.122464445156855639e+01,-4.529931725908460827e+00,-6.973596737660687772e-01,-1.209214308702985896e+01
-1.047486316232018488e+01,-4.847727661299695789e+00,-7.403009513478107095e-01,-1.167132977819211348e+01
-9.739323539733158341e+00,-4.951104485675069888e+00,-7.305864522209556400e-01,-8.941622491510967663e+00
-9.428182513554888899e+00,-5.046667021757303750e+00,-3.395753441531098038e-01,-5.103280713102946287e+00
-9.397409035114343112e+00,-5.021470023556421580e+00,7.074501261977074185e-01,-1.847361385657868560e+00
-9.140219737670456368e+00,-4.503458838194116076e+00,2.324731373961490988e+00,-2.539808718979309488e-01
-8.184214701812203785e+00,-3.208828142205033984e+00,3.937481541437753307e+00,-3.127675751552566052e-01
-6.377260946172467193e+00,-1.233133013232978303e+00,4.718004942332638230e+00,-1.298661928152425205e+00
-3.959789157511206525e+00,9.494110641502422343e-01,4.114578520567299336e+00,-2.454367061392720650e+00
-1.446568934047445243e+00,2.729735171966741092e+00,2.316094537092072247e+00,-3.339104390329815431e+00
6.311860394191053381e-01,3.666281224131556549e+00,2.445364363308324962e-01,-3.748325827847904801e+00
1.996469591659977727e+00,3.717819500051918524e+00,-1.007628899647950549e+00,-3.550683451632985044e+00
2.739355823403476276e+00,3.330855293376635107e+00,-9.036105952252547757e-01,-2.706680856261486579e+00
3.223213634886694656e+00,3.282377593260259907e+00,2.117961866582329655e-01,-1.397122130812443963e+00
3.879311144243637433e+00,4.241169993082683831e+00,1.426301541166859366e+00,-3.212271131759412979e-02
4.963691432790234614e+00,6.254867153526208590e+00,1.929783665318212993e+00,9.493718933693293671e-01
6.301586642714602782e+00,8.580235568194602536e+00,1.503584893755226970e+00,1.314134341347115820e+00
7.167419177681503939e+00,1.012020057276329510e+01,5.015215739591094568e-01,1.022666492742610789e+00
6.553136637380912788e+00,1.021678908645745842e+01,-5.620554547678325852e-01,-4.185461091820975865e-02
3.847305470673521466e+00,9.150010407326425010e+00,-1.415099243762901970e+00,-2.182080382700274157e+00
-4.763576276697415457e-01,7.890313959370059749e+00,-2.106110702512165922e+00,-5.437282151416315656e+00
-4.706197106765524829e+00,7.329046681807612984e+00,-2.776238765569114975e+00,-8.895389042587728667e+00
-6.540173627627166475e+00,7.684987487492378477e+00,-3.399391454212722596e+00,-1.069126220330356958e+01
-4.371141672874401252e+00,8.552247254119953013e+00,-3.733368368029451378e+00,-9.161871292492627106e+00
1.358120191560481915e+00,9.381790676156873232e+00,-3.485806395298719718e+00,-4.399941660914641339e+00
7.666701571016710126e+00,9.814756153276332995e+00,-2.501464702278004104e+00,1.222904184970220909e+00
1.025891623905095074e+01,9.589780161610040210e+00,-8.009969048198197772e-01,4.305836140442599991e+00
6.183231057083395044e+00,8.338601857114090521e+00,1.499744232833899682e+00,2.702606708027358362e+00
-3.907290198383589264e+00,5.744759361706909928e+00,4.216288393460493999e+00,-2.904772236922814166e+00
-1.591820577774699075e+01,2.039584881209933531e+00,6.991225950918718901e+00,-9.494884127546287189e+00
-2.498272342748956376e+01,-1.765232357629275439e+00,9.226984301153997592e+00,-1.396278875351807969e+01
-2.845582410473847546e+01,-4.387598228622622720e+00,1.029059196152691058e+01,-1.527014306542137589e+01
-2.691413194249722451e+01,-5.210484756080171032e+00,9.945735080800842454e+00,-1.466027746862505943e+01
-2.285385054059056031e+01,-4.759244409990432523e+00,8.623094555113370419e+00,-1.391847664188833100e+01
-1.866211947453324171e+01,-4.221639319271878854e+00,7.188810752553118633e+00,-1.351693690605884157e+01
-1.549297172736816641e+01,-4.460432464008624365e+00,6.350796638805396910e+00,-1.247004284089765669e+01
-1.341505802582972073e+01,-5.427701585000080264e+00,6.238035588864090819e+00,-9.832280970946916554e+00
-1.213379686218642739e+01,-6.409004911656420056e+00,6.519735192135688528e+00,-6.045120165753818497e+00
-1.148004410048874391e+01,-6.723130418715075329e+00,6.862375115009446525e+00,-2.663071989862033639e+00
-1.138336981172072804e+01,-6.219151902306975899e+00,7.200087832503663243e+00,-8.984172575122949533e-01
-1.158442803423510270e+01,-5.266021252301746891e+00,7.583934544355048324e+00,-6.498171616395248540e-01
-1.151821230681238006e+01,-4.404200503075088591e+00,7.910028618085257257e+00,-9.252082606797904507e-01
-1.056869365770806546e+01,-3.987204166775952352e+00,7.937571605633856109e+00,-9.751002612304886519e-01
-8.487572297133393562e+00,-3.997938723000689087e+00,7.572642949066025864e+00,-9.011563937432172100e-01
-5.592011291912964310e+00,-4.050272222840277436e+00,7.008831677325188636e+00,-1.299493054251461333e+00
-2.593681978046672665e+00,-3.547124837894784388e+00,6.503530910803811516e+00,-2.466089780642109819e+00
-2.489204617170451272e-01,-1.980805268694289412e+00,6.063260142214875081e+00,-3.934136389277276269e+00
9.434475567604474477e-01,7.194248241436003166e-01,5.442497482513410034e+00,-4.722681566328102321e+00
9.333663769700917268e-01,4.013281430034915331e+00,4.474412943498806250e+00,-4.093612592804561245e+00
1.458163925848153519e-01,6.935070629662624775e+00,3.360458685383246991e+00,-2.190556144248846593e+00
-7.786329623846316439e-01,8.580793859737189777e+00,2.597864154017479166e+00,4.739033083480392872e-04
-1.443173980743417406e+00,8.594794183183751102e+00,2.597743750143652441e+00,1.331434715783559986e+00
-1.949001007517591866e+00,7.338709487248354257e+00,3.328614745716473866e+00,1.210800491644456356e+00
-2.665804951659717315e+00,5.652484802841141409e+00,4.290252471224174080e+00,-1.741008138032309749e-01
-3.785400764985129118e+00,4.395441389074187022e+00,4.848730063862170425e+00,-2.136623174414449267e+00
-5.155879832521127248e+00,4.060328975390071982e+00,4.659477231494112637e+00,-3.947307304666317407e+00
-6.476575762859660301e+00,4.633272966893433598e+00,3.825359915062579663e+00,-5.200094733706398742e+00
-7.491071254538050006e+00,5.691107510927755797e+00,2.695178361088731656e+00,-5.931963565765324908e+00
-7.968359111012661700e+00,6.638914694233402969e+00,1.566510120470683276e+00,-6.404730642765998461e+00
-7.685875819132450992e+00,6.973262595921900342e+00,6.005971386499138198e-01,-6.706925289723439043e+00
-6.616500494441795333e+00,6.461872970233402569e+00,-7.062008686339804608e-02,-6.625685947848455548e+00
-5.121153721188178132e+00,5.197942648122765519e+00,-3.195972981401458690e-01,-6.033475568855028115e+00
-3.828337968355243426e+00,3.580159966374402369e+00,-1.760329135328942141e-01,-5.349394145483760354e+00
-3.237079988894645322e+00,2.240213800484979423e+00,9.539901878299544835e-02,-5.355750489311789764e+00
-3.395618941266507207e+00,1.822610946279595412e+00,2.158506130237746179e-01,-6.363407130305794190e+00
-3.916668346896416519e+00,2.584185811185553128e+00,2.062316973118599184e-01,-7.663895321416434037e+00
-4.296350559832339044e+00,4.075266438160521254e+00,3.652815193926196580e-01,-8.082986113695667996e+00
-4.301490546756788547e+00,5.298040374125328356e+00,8.500720502949259405e-01,-7.201341391607418707e+00
-4.133818148539129211e+00,5.380056273869752381e+00,1.328086122507037059e+00,-5.901149162541083015e+00
-4.207943438991113894e+00,4.252100605546137224e+00,1.167388107026312127e+00,-5.534773264044040353e+00
-4.722686107774483055e+00,2.726707073952306715e+00,4.890806676125597496e-02,-6.539170874742654682e+00
-5.469616164629825583e+00,1.900058170241390121e+00,-1.612966123531196505e+00,-7.963581590288054457e+00
-6.091308700171449431e+00,2.393091476807557960e+00,-2.901851021934457986e+00,-8.393745381411870099e+00
-6.442923769937537237e+00,4.013045827143286282e+00,-3.106501724423627042e+00,-7.288786794915791845e+00
-6.574523645409986017e+00,5.978323590946202692e+00,-2.272477602031183874e+00,-5.407868509598119822e+00
-6.408687633611471313e+00,7.413069361384489575e+00,-1.118910352943429221e+00,-4.027805493669980308e+00
-5.672997652886748732e+00,7.753902583254435932e+00,-4.102738596292239692e-01,-3.821444416741220707e+00
-4.311136328134456797e+00,6.925678942436714891e+00,-3.377111606200138838e-01,-4.428068435434457051e+00
-2.879744752324106205e+00,5.316868831947734186e+00,-4.427085634146298299e-01,-4.957625466285247029e+00
-2.355920756191054455e+00,3.600288898727563858e+00,-1.258565400825037983e-01,-4.836262671020723047e+00
-3.434282675079069591e+00,2.446499274551373393e+00,7.547092684330387602e-01,-4.234953661559034188e+00
-5.919596650750460931e+00,2.253072348342579634e+00,1.761464225298930764e+00,-3.814750795398509808e+00
-8.691771930079955411e+00,3.032077004007671661e+00,2.313369582199549690e+00,-4.127663174340907126e+00
-1.027207412386783325e+01,4.463934508459097117e+00,2.218352380558467285e+00,-5.198480674678896740e+00
-9.687522266540748106e+00,6.002565670999015168e+00,1.795520850206435703e+00,-6.527409185985228568e+00
-7.137428227636318567e+00,6.994484481846238388e+00,1.528668206472178603e+00,-7.392263444698000008e+00
-3.951466596183632607e+00,6.907537341878200010e+00,1.637086916408411197e+00,-7.223001174924101875e+00
-1.743731883464962218e+00,5.655867280705524358e+00,1.967639654684097739e+00,-5.895504535452451123e+00
-1.363903877668549480e+00,3.753571017004385002e+00,2.247273323023979419e+00,-3.825822612335273654e+00
-2.485755383388341233e+00,2.065657854794889392e+00,2.384002154129216233e+00,-1.773268121363238636e+00
-4.069880831610099392e+00,1.309991288268608223e+00,2.503302272854979638e+00,-4.398698440644896457e-01
-5.146393276395524019e+00,1.707053046023899290e+00,2.720825031826384688e+00,-1.547376460755791605e-01
-5.260195443247575042e+00,2.973382111606812206e+00,2.933767198810658616e+00,-8.509596637352428994e-01
-4.452134090721406423e+00,4.525075012064799118e+00,2.869508509675890995e+00,-2.248134241095596675e+00
-3.060461707773192597e+00,5.697189258877609852e+00,2.332533123549261234e+00,-4.032856390769399724e+00
-1.566766569217513005e+00,5.937644229206515689e+00,1.385875199518765033e+00,-5.947304103504797546e+00
-5.008848375506630424e-01,5.014045821412850046e+00,3.078886632863157558e-01,-7.772775385421224925e+00
-3.634874077083843913e-01,3.185191629773719502e+00,-5.801113388011472916e-01,-9.208792087348109945e+00
-1.537003289544517148e+00,1.170373448312072684e+00,-1.027105230030769922e+00,-9.791257712868445040e+00
-4.136213318355932422e+00,-2.114712741296601028e-01,-8.587158077297486480e-01,-9.091146037073162489e+00
-7.819043630011833557e+00,-5.921540714140718364e-01,1.725921461815984465e-02,-7.155620896248741758e+00
-1.173646153441251982e+01,-3.605609323095170238e-01,1.525964549660080660e+00,-4.739708779086518220e+00
-1.478800500450681277e+01,-3.571787116688605046e-01,3.329251279858382429e+00,-2.946107107437175188e+00
-1.609853356257735868e+01,-1.113545974736510402e+00,4.865657752295568628e+00,-2.485112176792561467e+00
-1.545916665336284446e+01,-2.306714487552545378e+00,5.588891562987055472e+00,-3.210248622917995398e+00
-1.354727943501644205e+01,-2.988266216810303799e+00,5.285449712309628012e+00,-4.360003272509524130e+00
-1.179494993209243425e+01,-2.420190604418280600e+00,4.232708221356295653e+00,-5.272718542177992518e+00
-1.171227270025506684e+01,-7.470149433605073330e-01,3.035137506848100131e+00,-5.877302284704965629e+00
-1.369858399120112757e+01,1.095699389892524689e+00,2.236507850873239445e+00,-6.415193470883833626e+00
-1.605843505705363583e+01,2.106328279446954443e+00,2.037581694526913179e+00,-6.560477111537943884e+00
-1.536148433553647052e+01,1.935699218385938725e+00,2.378034085850457391e+00,-4.872093674123642693e+00
-8.591174990443935400e+00,1.084259645383419013e+00,3.253295028474695538e+00,4.312034909902910940e-01
4.041072756209469041e+00,5.390287459452389740e-01,4.826081418776721144e+00,9.476217525111662709e+00
1.782506968068758013e+01,1.160697664164345611e+00,7.088114429323083776e+00,1.916429214994607477e+01
2.539841366998459549e+01,3.188563434859996271e+00,9.404821192243595362e+00,2.396693375748001742e+01
2.103151228194990452e+01,6.113279236508424752e+00,1.056514899054928058e+01,1.920097222849206275e+01
4.461041969445189714e+00,8.986670110946516132e+00,9.523290232442564118e+00,4.404847476447665500e+00
-1.873061629939765282e+01,1.100935527700134919e+01,6.264292612082335232e+00,-1.606034495851648813e+01
-4.068543125818919037e+01,1.202621554313198082e+01,1.987402718673171309e+00,-3.578141783403584952e+01
-5.609032968821703946e+01,1.255825889171212673e+01,-1.626327329883172412e+00,-5.016485098264627140e+01
-6.456351671687403382e+01,1.332240465866890666e+01,-3.489382939339125578e+00,-5.844906874711968925e+01
-6.915580783745410542e+01,1.462513747809324904e+01,-3.689394516272694435e+00,-6.277987370535189626e+01
-7.285159100498547957e+01,1.613576088032038314e+01,-3.196154970632341552e+00,-6.568144936372866027e+01
-7.621716380531356094e+01,1.719132479532986935e+01,-3.013542381791715741e+00,-6.810428916236415375e+01
-7.766636552396946058e+01,1.731441115304502176e+01,-3.462602495858025708e+00,-6.925919725553198703e+01
-7.533753713268485797e+01,1.650587051179519094e+01,-4.098786228885666461e+00,-6.786779129228084173e+01
-6.871461463212339993e+01,1.515132719348661894e+01,-4.234950325234323465e+00,-6.352719818788477113e+01
-5.900974827630008690e+01,1.371591201873739863e+01,-3.579594652620366357e+00,-5.708193303013153752e+01
-4.845685538116649838e+01,1.250980881057891203e+01,-2.457096560866457668e+00,-4.990265720121393400e+01
-3.913619596945743950e+01,1.166258116593289884e+01,-1.476560130957460526e+00,-4.291025809353979525e+01
-3.200019520892309544e+01,1.121853477532281040e+01,-1.005843892768001124e+00,-3.624419416783154446e+01
-2.667065979234923390e+01,1.117827831448484943e+01,-9.469384349359160069e-01,-2.971899509631753844e+01
-2.213745991325551188e+01,1.142975392895133702e+01,-9.765303365491716514e-01,-2.348787872256097131e+01
-1.778317560895362703e+01,1.167575826895727076e+01,-9.392930154899183925e-01,-1.826103523711089949e+01
-1.386094959933044812e+01,1.149397776941955840e+01,-9.459068125910312652e-01,-1.488613651216635070e+01
-1.109597842960297243e+01,1.055145603948832367e+01,-1.092032844820914894e+00,-1.364801135448496794e+01
-9.921245007689686091e+00,8.842308948572078720e+00,-1.188655303327115664e+00,-1.392083459995147976e+01
-1.008330493376085890e+01,6.743442614308504446e+00,-9.057490181371966598e-01,-1.455617874366025077e+01
-1.083511998394191700e+01,4.789064319095154509e+00,-2.133092386402020146e-01,-1.469843676935705368e+01
-1.138235203674858553e+01,3.312441077413572632e+00,4.291992504401528352e-01,-1.423328212293747441e+01
-1.120686670675928553e+01,2.253162070220104951e+00,4.526907269301673753e-01,-1.343045182137152338e+01
-1.016532478715211951e+01,1.293288567313079396e+00,-2.201438774627050843e-01,-1.223730332337908600e+01
-8.433241261210074668e+00,1.955787172643713989e-01,-9.965895631131183041e-01,-1.006258368495045907e+01
-6.364773862283787054e+00,-9.351376191004328042e-01,-1.064761005356476220e+00,-6.298377390320436753e+00
-4.322785752255352776e+00,-1.656441025497718655e+00,-3.375945822193660018e-02,-1.019686525457607074e+00
-2.542029295416752266e+00,-1.458729273434413498e+00,1.799619454395531282e+00,4.796974116913259145e+00
-1.066353081497864119e+00,-1.548231890033853475e-01,3.686673017025220211e+00,9.662022330796528280e+00
2.286835453302863419e-01,1.849603500325495808e+00,4.881035596136868548e+00,1.226315527634824321e+01
1.522909692357139910e+00,3.643476813048285745e+00,5.000082264235704343e+00,1.210237737065324559e+01
2.889716743989715564e+00,4.296350938092797556e+00,4.157167249416773736e+00,9.779656572179279195e+00
4.217667149323576226e+00,3.456736932200572099e+00,2.846435686340763382e+00,6.704585444800903460e+00
5.326850385020287071e+00,1.632805920264342125e+00,1.651078897542854751e+00,4.342195633312382341e+00
6.190857936407849316e+00,-5.979993190842355921e-02,9.620682866284109291e-01,3.519341717540834136e+00
7.024255749251923753e+00,-5.320309687949524857e-01,8.898362771553365302e-01,4.290830751465589010e+00
8.125010320220942717e+00,6.360549422600809688e-01,1.353133052022780669e+00,6.301519326239942487e+00
9.623314309118347509e+00,2.918842186404491557e+00,2.168397617853670578e+00,9.133793264551590241e+00
1.135061997375556153e+01,5.130102973840576119e+00,3.054201355322017530e+00,1.231672502500785527e+01
1.288202377740910620e+01,6.140026722801824377e+00,3.654987124401004372e+00,1.517581964729200728e+01
1.368819545948155714e+01,5.575760921102832057e+00,3.686531080126830950e+00,1.687746662338510362e+01
1.335167597982232124e+01,4.016803793612934825e+00,3.126244574802425458e+00,1.675918371015202979e+01
1.178679767267349554e+01,2.539865667394963999e+00,2.273903246033479597e+00,1.473002416010146121e+01
9.318751779435222815e+00,1.944831341942071523e+00,1.597679191487276107e+00,1.144097448186359856e+01
6.521921451305212614e+00,2.220845597958406969e+00,1.430761497117060133e+00,8.020921512437734435e+00
3.919216319016612715e+00,2.621861270532102051e+00,1.691976806304074099e+00,5.417616546917056297e+00
1.754085774170012213e+00,2.269433855910617304e+00,1.851196260117875969e+00,3.755757483311400691e+00
-4.693736584490651453e-02,8.230049949765406714e-01,1.268379101705591205e+00,2.302689248021584589e+00
-1.726760774718370861e+00,-1.263402378261492487e+00,-2.573046877305779634e-01,2.122204926222764909e-01
-3.428834024610810882e+00,-3.041267788784396409e+00,-2.180359677627311310e+00,-2.561254966945018197e+00
-4.961928038262806595e+00,-3.667973912830300165e+00,-3.509852463399520950e+00,-5.056029943211207467e+00
-5.830939491084996540e+00,-2.896149244341621021e+00,-3.566523421964292506e+00,-6.029687125121094837e+00
-5.600010301230170739e+00,-1.173354497761089466e+00,-2.560810569047927032e+00,-4.947570237131293958e+00
-4.294580582789361500e+00,6.590389915925618514e-01,-1.442332101956156798e+00,-2.368009955013266499e+00
-2.435323099094675925e+00,1.842005238990263249e+00,-1.111974375425262451e+00,5.186875850321717163e-01
-6.610783315090480450e-01,2.050935815193688061e+00,-1.683077056197190391e+00,2.707172115210802144e+00
6.661429366877588132e-01,1.456934541650586779e+00,-2.443998320388390599e+00,3.877359001793970084e+00
1.518145313523987738e+00,5.356608889314886657e-01,-2.533494533407308680e+00,4.311936596744723182e+00
1.994926264134479599e+00,-2.283671306668211554e-01,-1.702342916080512136e+00,4.488916520164640822e+00
2.178858461127057389e+00,-5.834573270745784246e-01,-4.916603485426337961e-01,4.772885581906409769e+00
2.177674334065667683e+00,-5.701944581972973047e-01,2.821473344277880546e-01,5.363965843990157190e+00
2.200082392046169844e+00,-3.788728372307540448e-01,2.292780733190774578e-01,6.321530552071208398e+00
2.501380556322409632e+00,-1.514004090097050836e-01,-3.479804006120774673e-01,7.481838551202264931e+00
3.228680702678210501e+00,8.520114386767851933e-02,-7.964219577841324949e-01,8.432620191885243699e+00
4.307081123185318106e+00,3.276616603091920266e-01,-6.686130147578529526e-01,8.849803802924807172e+00
5.465629598203927131e+00,4.894758442579829616e-01,1.714453617461746820e-02,9.032647009290068141e+00
6.396186554827147930e+00,4.141013886413209555e-01,9.364367938274256176e-01,9.917749896260746212e+00
6.926928764334817856e+00,1.938647248111881327e-02,1.742063629730834950e+00,1.218522810517223576e+01
7.055003414420405683e+00,-5.417258799315897155e-01,2.177759335859367429e+00,1.520373432544730541e+01
6.838650727085456182e+00,-8.887435736313633594e-01,2.048599608789870796e+00,1.709608252269058326e+01
6.372920216456654074e+00,-6.951371746659557038e-01,1.260760897674890968e+00,1.623718900040797664e+01
5.984943557100208977e+00,-7.798827885919115688e-02,-7.676007689643837145e-03,1.295640089803396755e+01
6.361113786355167221e+00,3.064519685335782007e-01,-1.204951282841250970e+00,9.783503397155490333e+00
8.173932068535160411e+00,-2.827463580629800410e-01,-1.616695448352425624e+00,9.733031637886405463e+00
1.133372190552653791e+01,-1.934764052401746870e+00,-8.759144783597774264e-01,1.382695230911934914e+01
1.465662979248443420e+01,-3.750527937896395159e+00,5.864400714936612857e-01,1.988729199396706804e+01
1.654313889949837346e+01,-4.376621512485407983e+00,1.608223765270136330e+00,2.383700198749891896e+01
1.622872968317829745e+01,-3.094691751377039335e+00,1.008148041920204685e+00,2.273971014413920955e+01
1.446020717547174783e+01,-5.156021141074125236e-01,-1.508290198383411163e+00,1.714027370176516385e+01
1.294448167026465590e+01,1.818974608467077481e+00,-5.006377342193819580e+00,1.063320978834392250e+01
1.308822693032659856e+01,2.612429537328818441e+00,-7.911938940437063472e+00,7.007589797724608438e+00
1.511831747420561634e+01,1.697348980440112953e+00,-9.075906025675001487e+00,7.544158819066904442e+00
1.815464605321951197e+01,-1.223984383447674351e-01,-8.429618629469810998e+00,1.072542343341906523e+01
2.093294715576163156e+01,-1.967849191053193003e+00,-6.787186490268682704e+00,1.413290104362454080e+01
2.252960893496855377e+01,-3.550093214448478918e+00,-5.139023528514553796e+00,1.640453779464496264e+01
2.270060049812139624e+01,-5.016000543311508686e+00,-4.073420598432496043e+00,1.763919028218029794e+01
2.183719263833232915e+01,-6.323518354329743296e+00,-3.630215452579605095e+00,1.850534067058318755e+01
2.071810902967155243e+01,-6.962288483104440040e+00,-3.481134462762322634e+00,1.932304519627385631e+01
2.018413533376227775e+01,-6.390334421089667316e+00,-3.223002152386360564e+00,1.987747834570049577e+01
2.076007876768337113e+01,-4.727736767535708928e+00,-2.630464086464876061e+00,1.978980888194193710e+01
2.230995848931302561e+01,-2.909324466231232975e+00,-1.748756612186126214e+00,1.893823627672585275e+01
2.399318530431661500e+01,-2.010296420379167781e+00,-7.770001197331560805e-01,1.761503178809622128e+01
2.473897378754422149e+01,-2.325064858059674222e+00,1.379388372962674358e-01,1.636448358258785873e+01
2.400527009614409479e+01,-3.102010102016053317e+00,9.868880886654988194e-01,1.565422231974681289e+01
2.218832510029268690e+01,-3.232370590452965153e+00,1.803905792706105293e+00,1.565652386032460086e+01
2.028692761535641509e+01,-2.260101846059393793e+00,2.550255775696252059e+00,1.628028679675519541e+01
1.913846114255997577e+01,-7.820965761327647314e-01,3.127861097195132167e+00,1.728997356377573169e+01
1.891007642062702487e+01,8.486676047624394648e-02,3.474653141821379965e+00,1.831022384725152818e+01
1.915876035844062741e+01,-3.611214752958183949e-01,3.599713509948430534e+00,1.882479266901763282e+01
1.921761489392261524e+01,-1.881741194177618093e+00,3.527201252746572369e+00,1.840522726639081696e+01
1.856523936361026728e+01,-3.525060837889629539e+00,3.241388877965794890e+00,1.704851007759899773e+01
1.706980236244970328e+01,-4.288837179487399176e+00,2.709260430476607695e+00,1.519599763287740046e+01
1.508282612061602634e+01,-3.688609089744113501e+00,1.962570702155339353e+00,1.332464343985019006e+01
1.328155088189514643e+01,-1.956604551759413502e+00,1.153660374307142522e+00,1.156680711210694845e+01
1.226922341640823788e+01,1.141074823089855972e-01,4.950324019251057250e-01,9.789562552107788918e+00
1.220538218298635336e+01,1.578192487824900292e+00,7.316260111318070858e-02,7.954305216982838544e+00
1.274802474026919263e+01,1.836295787889821174e+00,-3.242036390703799120e-01,6.247340534878683016e+00
1.328582372719019133e+01,9.488495226885823586e-01,-1.151564578009641959e+00,4.846628795080568430e+00
1.323291728921273780e+01,-4.497296398892203229e-01,-2.752687573386773057e+00,3.690501124136461364e+00
1.225155782341370525e+01,-1.564751532771470499e+00,-4.945632417559830962e+00,2.569621179716395698e+00
1.037935750196797891e+01,-1.895782954750481419e+00,-6.941953783468207462e+00,1.403223550778779360e+00
7.993068788071659547e+00,-1.493430010011798759e+00,-7.794008967206674576e+00,3.266198381374995074e-01
5.572578716132279730e+00,-9.263282345964887199e-01,-7.106141038908362795e+00,-5.180709185888718871e-01
3.439888939221343200e+00,-9.618099623436918710e-01,-5.432355172798441600e+00,-1.219935583026246162e+00
1.710258677500159585e+00,-2.086233202014597499e+00,-3.960228060399198835e+00,-2.076994006293348072e+00
4.255604429766583485e-01,-4.137935318695439513e+00,-3.664012109196467470e+00,-3.319065211805142024e+00
-3.884584459142276236e-01,-6.310326709883923968e+00,-4.595749562635304208e+00,-4.832708336183080711e+00
-8.362163072265578201e-01,-7.563931700668966585e+00,-5.906776143064474738e+00,-6.156252401991499035e+00
-1.225312295430760479e+00,-7.247151073202114269e+00,-6.582155807449259655e+00,-6.794713050786080011e+00
-1.897157323001532836e+00,-5.585877931688863818e+00,-6.250818942250141674e+00,-6.589527657268215322e+00
-2.922559473209432213e+00,-3.683840139105199363e+00,-5.374738049622338920e+00,-5.781624879319927857e+00
-3.952978561865078788e+00,-2.884354572523848859e+00,-4.706555427863714058e+00,-4.733648526829303371e+00
-4.384069017878479357e+00,-3.816315593809011197e+00,-4.588631386000663781e+00,-3.669483374492566341e+00
-3.743885127668312496e+00,-5.851012311797534338e+00,-4.762333636232787271e+00,-2.703434717529171749e+00
-2.062588598935226614e+00,-7.527174519618625936e+00,-4.782251097325671552e+00,-1.989413363051158790e+00
6.873655868335301622e-02,-7.704512351208624210e+00,-4.521248725069851204e+00,-1.668330125212323711e+00
1.900908448943494422e+00,-6.461375431028629102e+00,-4.236387603043146655e+00,-1.623382321088388203e+00
3.124622288699137052e+00,-4.895777409726138174e+00,-4.184156353770761783e+00,-1.382321489129330283e+00
4.061721764456765804e+00,-4.023865396893752333e+00,-4.242898375772008457e+00,-4.175316338673213945e-01
5.179297354975600065e+00,-3.867857159651179710e+00,-3.972575372154572904e+00,1.304353300876483379e+00
6.487516805818327903e+00,-3.602871293558263854e+00,-3.077692033858807186e+00,3.028714828582368845e+00
7.652802338688538875e+00,-2.520561229584654672e+00,-1.790651174600833784e+00,3.669586876880380988e+00
8.802210571770263670e+00,-7.806674748425386223e-01,-7.207777677797093663e-01,2.926549702385381480e+00
1.095858111443599725e+01,7.482257738625958110e-01,-2.557896946361723489e-01,2.095745880705940145e+00
1.521881686924451493e+01,1.284368034348311038e+00,-1.290191086997001801e-01,3.412227191066445897e+00
2.118539576458234208e+01,7.461851736268957369e-01,3.425745572482476464e-01,7.975017784045934199e+00
2.628191637447071116e+01,-3.087621282623159158e-01,1.554173925780717891e+00,1.405659057319468275e+01
2.705759711390716049e+01,-1.218065280015959928e+00,3.184506300781019039e+00,1.779333057452764777e+01
2.171479135551263084e+01,-1.676974201961717315e+00,4.498559412571228933e+00,1.609579144714181353e+01
1.171559867977950375e+01,-1.784464741130896259e+00,5.029433753446626909e+00,9.189681384776504203e+00
9.891935871763612997e-01,-1.750077810470169526e+00,4.899334259650845347e+00,3.689494754258251796e-01
-6.576430641236139074e+00,-1.590773375000215095e+00,4.503709223214579005e+00,-6.685522982843670192e+00
-9.238426760574174779e+00,-1.085317354726701211e+00,4.001881334728166095e+00,-1.039220201504823393e+01
-7.662517783157153595e+00,3.429407921716670637e-03,3.197129556666466144e+00,-1.152982082303907774e+01
-3.741742278510501674e+00,1.653160947169107997e+00,1.881535601196129726e+00,-1.164584986308667602e+01
6.429566976969031122e-01,3.493330321448168796e+00,2.115468674012114525e-01,-1.146503034099698937e+01
4.091478907394827225e+00,4.961735515368692617e+00,-1.305393722738973805e+00,-1.060726552898411335e+01
5.644361180729960736e+00,5.559430406899913635e+00,-2.186732228066539996e+00,-8.450172442805078177e+00
4.854933934357155145e+00,5.043124044807729689e+00,-2.310964369287835218e+00,-5.066252347838898551e+00
2.071695621481303373e+00,3.537540682834522165e+00,-1.892073537273688544e+00,-1.374269245304094333e+00
-1.525682648776775174e+00,1.576904443540217748e+00,-1.192868627446708185e+00,1.484235604781007911e+00
-4.462172847638491646e+00,-4.733420191183823622e-02,-3.441221779247059520e-01,2.870160202554222995e+00
-5.789783093396769331e+00,-7.089863947632746299e-01,5.584901658816281422e-01,2.883692240349606806e+00
-5.573017398036584247e+00,-3.790743395048778441e-01,1.289284173060265326e+00,2.088612490372030006e+00
-4.696401738763364975e+00,3.615150032501544541e-01,1.537986299668595569e+00,1.078152470680112218e+00
-4.188094177024173526e+00,7.929638206454719951e-01,1.136955446336565423e+00,1.741371077886772201e-01
-4.542310860026995911e+00,5.648283077358612347e-01,1.943397126542714959e-01,-6.456696779579003120e-01
-5.466884731740987213e+00,-2.141467247715828082e-01,-1.009556022241541839e+00,-1.582084146846350237e+00
-6.213165843806231159e+00,-1.270703060791901429e+00,-2.212161381920815906e+00,-2.700991552559085296e+00
-6.253654747914203504e+00,-2.440398927997628586e+00,-3.245193108045578700e+00,-3.751007094981670065e+00
-5.765133364764203350e+00,-3.648558661505668876e+00,-4.003621887446562333e+00,-4.373993174522648353e+00
-5.497085910084499538e+00,-4.713553501323753281e+00,-4.435100323098986941e+00,-4.548834965863713720e+00
-6.149108601093153048e+00,-5.273593208319069525e+00,-4.566186414750118772e+00,-4.725381904367938368e+00
-7.807927870637796808e+00,-5.002595570060945462e+00,-4.462232589862569654e+00,-5.378971973357972836e+00
-9.879677053872571335e+00,-3.992750163424920284e+00,-4.109092458296116135e+00,-6.444273643477145264e+00
-1.150760233540740352e+01,-2.949972380991797927e+00,-3.376725458458786910e+00,-7.316894363453863015e+00
-1.214600920993963662e+01,-2.873648454106538797e+00,-2.189989898459059781e+00,-7.454837981343455766e+00
-1.190172527862555896e+01,-4.286888321204615160e+00,-7.733614041754020008e-01,-6.898397238628712458e+00
-1.137566996632846994e+01,-6.602427586083165600e+00,3.322854440906186091e-01,-6.167122920046808510e+00
-1.105636669446123221e+01,-8.292922570564693174e+00,6.100785074822059340e-01,-5.720613098336023050e+00
-1.075027319633013789e+01,-7.925629884538189174e+00,2.137453598066315144e-02,-5.550400550168307134e+00
-9.654019091858272006e+00,-5.309906070776683862e+00,-8.545170084827884427e-01,-5.225929708574194699e+00
-7.149062741923211561e+00,-1.789942562164094975e+00,-1.203207036090384596e+00,-4.318827339690489708e+00
-3.625122349960326229e+00,6.421630912775304623e-01,-6.296768055950220377e-01,-2.893689955474580966e+00
-4.805861121302149597e-01,7.737080348680920316e-01,4.611938991005534172e-01,-1.654707517303006581e+00
8.113684164615850847e-01,-9.616272997635780806e-01,1.133712264001231151e+00,-1.490418205397237017e+00
-2.076079606677185274e-01,-2.842904508046848022e+00,6.737712758945241243e-01,-2.675714324211497797e+00
-2.642047958574006650e+00,-3.148330210760657000e+00,-7.929314657260987387e-01,-4.445768513856625859e+00
-4.884714825022261842e+00,-1.379799243307318068e+00,-2.359813797767951193e+00,-5.435111771755690491e+00
-5.693006603019428624e+00,1.455082305006303978e+00,-3.048032733646964143e+00,-4.681023201541926859e+00
-4.883158590499563800e+00,3.640438898831075409e+00,-2.573843985334084206e+00,-2.352200107144872820e+00
-3.181343703203416862e+00,3.984417398684478417e+00,-1.537676543755767788e+00,3.651499232039754905e-01
-1.472789427997098999e+00,2.563642409164003322e+00,-9.027774077881554060e-01,2.057674890267230161e+00
-1.794747478123453199e-01,4.747555109518606375e-01,-1.220564682384207789e+00,1.930738732200043328e+00
7.195779344945045786e-01,-1.098613680539239024e+00,-2.227089248702434521e+00,1.937066075589099767e-01
1.250763204094978542e+00,-1.675700538236627679e+00,-3.092083110528107248e+00,-2.156916730322392617e+00
1.236451387128866042e+00,-1.552961869588552979e+00,-3.080836750486617426e+00,-3.961617971023661866e+00
5.617756786063081709e-01,-1.311539541173116552e+00,-2.094032114651184884e+00,-4.521211102547513683e+00
-5.003594057421036911e-01,-1.319413093408140725e+00,-6.767245031011941414e-01,-3.831137715430124935e+00
-1.386305809778797027e+00,-1.580392728694984594e+00,4.660359257111722497e-01,-2.376060045873607862e+00
-1.679416859742889123e+00,-1.861891892755207500e+00,1.000398622924034253e+00,-8.000283501593424829e-01
-1.405696470107628659e+00,-1.886508229853916196e+00,1.095182975726644248e+00,2.678204575380590535e-01
-9.284766457895625713e-01,-1.493549476251636365e+00,1.122049593249802912e+00,2.990541591016444567e-01
-6.402414894881555130e-01,-7.626146020277707605e-01,1.290704659565885759e+00,-9.430487876983100204e-01
-7.678083534502001539e-01,-3.315669621786521831e-02,1.555881146549224159e+00,-3.180311385568161509e+00
-1.382227278518177060e+00,2.646715203261596483e-01,1.769115179479777478e+00,-5.665262732667088130e+00
-2.503990073165243579e+00,-1.059860863473441883e-01,1.812376944632196007e+00,-7.610154703962332512e+00
-4.166122308210207237e+00,-1.034625911775640006e+00,1.579246289267058678e+00,-8.714451569566437072e+00
-6.349962599624373816e+00,-2.201844813095398479e+00,9.212753066255910950e-01,-9.358902738099505569e+00
-8.820591771068514220e+00,-3.367961553678102682e+00,-2.787434905593079715e-01,-1.028616724751869427e+01
-1.104252209643937022e+01,-4.490620862232041155e+00,-1.917951033925341164e+00,-1.198143270552446893e+01
-1.235331129778893455e+01,-5.541158768546943669e+00,-3.551346525621452699e+00,-1.419802923282255591e+01
-1.232189874296861198e+01,-6.261566924411692270e+00,-4.529751686642294217e+00,-1.601435425157771064e+01
-1.100589497820742046e+01,-6.224844044998673276e+00,-4.410668443351669410e+00,-1.645352533107990922e+01
-8.926443489316337576e+00,-5.245495892973806917e+00,-3.369677105126490879e+00,-1.521066849798146414e+01
-6.827183750038502197e+00,-3.742335248312637308e+00,-2.207640449956115081e+00,-1.285646300742129000e+01
-5.349296336487205039e+00,-2.596241663840081149e+00,-1.819053799675918848e+00,-1.034124057327334967e+01
-4.693631053795834340e+00,-2.514586383717306362e+00,-2.505518272520764977e+00,-8.300705928220407870e+00
-4.418843532597496626e+00,-3.449234038070922992e+00,-3.737634465557182484e+00,-6.768984066649749387e+00
-3.639563757513926578e+00,-4.615087089115456287e+00,-4.578602667348991240e+00,-5.375546391923122336e+00
-1.662319027862600329e+00,-5.088214661482134638e+00,-4.372627801263261560e+00,-3.697273400867993054e+00
1.401320686673442673e+00,-4.434241498192323938e+00,-3.121535525613196249e+00,-1.547628455608520026e+00
4.639228459622935397e+00,-2.871365499245372988e+00,-1.342082901873324907e+00,8.379767496891724621e-01
7.006839563107776669e+00,-9.770059499291740002e-01,3.585982095455385044e-01,2.852877039916665414e+00
8.047327743056316152e+00,6.821857409387404036e-01,1.634851734657573497e+00,3.926207403444433197e+00
8.047616806877737616e+00,1.714764035334018999e+00,2.490622174943552647e+00,4.021473266754362008e+00
7.615258336500551728e+00,1.909895931964637583e+00,3.120528031239593325e+00,3.702122351418096535e+00
7.147221661323981401e+00,1.256451995434426427e+00,3.655940005534940695e+00,3.613765908921502845e+00
6.603103587751726344e+00,-6.261768481650276108e-03,4.010913536415600333e+00,3.860510315184661589e+00
5.653001270315963112e+00,-1.420248934245149419e+00,3.950063580085753756e+00,3.874900617438798101e+00
4.044249521364597477e+00,-2.456138506613281702e+00,3.331591621027424566e+00,2.909485566696524028e+00
1.953516930291238296e+00,-2.695431650851349392e+00,2.327614081651160127e+00,7.618567388873050961e-01
5.610373957245731041e-02,-2.002208689927552854e+00,1.418900421424343250e+00,-1.830936315502734502e+00
-8.355784685422921187e-01,-6.741968146152907959e-01,1.121064833226115720e+00,-3.523521715366797924e+00
-3.556411450706004618e-01,5.611902063270231000e-01,1.615757394443039008e+00,-3.333870992193944005e+00
1.096959178072488328e+00,8.984653733842276058e-01,2.576167983141572027e+00,-1.542860171944114622e+00
2.606320568442364038e+00,5.469752136340563092e-02,3.371769539873299415e+00,3.675988819694017695e-01
3.349443044240318024e+00,-1.375860885620928009e+00,3.535239812210620336e+00,8.749467732540748832e-01
3.084928813029950145e+00,-2.247500798584722403e+00,3.113256139125858635e+00,-2.934817816160939508e-01
2.207900008449070750e+00,-1.711988036350971187e+00,2.589737961194408467e+00,-1.939762547240380108e+00
1.398438283971221496e+00,9.304843550158113652e-02,2.451561340090828711e+00,-2.458679575179039567e+00
1.124146166191704710e+00,2.106592656335402935e+00,2.790570765580106638e+00,-1.217752461932700925e+00
1.339246764647517463e+00,3.119528384430543699e+00,3.278002001788595354e+00,9.342738899905050909e-01
1.599300922856014218e+00,2.634226035088122142e+00,3.493079012875579537e+00,2.392484457869481940e+00
1.466992927195003515e+00,1.137433730781004293e+00,3.293735076028241338e+00,2.080789745083104769e+00
8.171970720784077491e-01,-3.583853071641318611e-01,2.918900913716092838e+00,2.233066343146153931e-01
-2.052525288435842199e-01,-1.048531718679869718e+00,2.752570813012760187e+00,-1.995249374817428034e+00
-1.428726739679862190e+00,-7.586613582027510461e-01,2.949869388425784944e+00,-3.525945493517650409e+00
-2.801757025054207428e+00,1.404503130055494708e-01,3.240548754981271262e+00,-4.295425137117142356e+00
-4.352981517609266326e+00,1.082780052683533834e+00,3.101338672688066733e+00,-5.032460593858863795e+00
-6.076657935316534420e+00,1.600721491118975548e+00,2.185239440719916271e+00,-6.334816275628825544e+00
-7.835303158995154504e+00,1.463187537958474005e+00,6.470043943130125985e-01,-7.985492757401300601e+00
-9.312684736375290484e+00,7.277240263465772907e-01,-9.303982434669780810e-01,-9.188290388110257112e+00
-1.009267225296600934e+01,-2.700379945786661740e-01,-1.940418939150544198e+00,-9.353041570337289556e+00
-9.893326847636885191e+00,-1.051402014715567823e+00,-2.119632701764154969e+00,-8.539620842900131237e+00
-8.769473341675789513e+00,-1.242810448725909733e+00,-1.589374445180251172e+00,-7.194553601176490787e+00
-7.041446589622128549e+00,-7.786180231346443437e-01,-6.395559991412637091e-01,-5.629531871657409425e+00
-5.029528076260968206e+00,1.012646313026058231e-01,4.608513562790702012e-01,-3.842304628923328025e+00
-2.961335984018145240e+00,1.047149439045630626e+00,1.472594785339084611e+00,-1.769964318620606214e+00
-1.167448922738509420e+00,1.818424096414716251e+00,2.126441309061710694e+00,3.999302115187249318e-01
-1.656068388285482640e-01,2.359650364450271098e+00,2.178715374168443297e+00,2.236770341665553552e+00
-2.456543975232516885e-01,2.711450633735661864e+00,1.594647417704426529e+00,3.460474228964158794e+00
-8.352894435805032769e-01,2.877529510552035319e+00,6.929493054331375967e-01,4.433360081793311203e+00
-4.254299742438295562e-01,2.796732839632020795e+00,8.243849436968628264e-02,6.235130715011579561e+00
2.529714560447092087e+00,2.471990850585747967e+00,3.564985085146257782e-01,9.955775626137546297e+00
8.237077258939843105e+00,2.158183862465426373e+00,1.674598475298563427e+00,1.550271950294545320e+01
1.481259943549928337e+01,2.402842682447207778e+00,3.498280777787753149e+00,2.094138896188872323e+01
1.899778040040513005e+01,3.777090444575881278e+00,4.761907112659805819e+00,2.330537469069875556e+01
1.815461296523030299e+01,6.382432707501485503e+00,4.501890383801866236e+00,2.062726072652099063e+01
1.218254422394488934e+01,9.512893138855082142e+00,2.541330354407188796e+00,1.361350276536789039e+01
3.762493455445020452e+00,1.186606437507566447e+01,-3.370297809597807559e-01,5.394764310265430574e+00
-3.409360374827153262e+00,1.229784039899879566e+01,-2.907684633635061466e+00,-5.717352498408917461e-01
-6.951561025872118549e+00,1.061425384867400901e+01,-4.275626086459196173e+00,-2.650071582680360471e+00
-6.798679295701581360e+00,7.778504319352607332e+00,-4.288137667505909967e+00,-1.483665826312542846e+00
-4.407290458908798669e+00,5.332511437420143885e+00,-3.385507851155381775e+00,1.218882528657471154e+00
-1.361070339245965988e+00,4.433790750528803670e+00,-2.196362087484092562e+00,4.081577349069215543e+00
1.316707191919767483e+00,5.175332185890645142e+00,-1.244225067995266887e+00,6.445652418948030871e+00
3.023461092488205271e+00,6.606865264630038759e+00,-8.338735272282147282e-01,7.927835482674154832e+00
3.341099522652636544e+00,7.384344765175718805e+00,-9.961357246227935391e-01,8.111741102825112293e+00
2.153978253196778159e+00,6.617404280542380057e+00,-1.470114720432701638e+00,6.831525760420443127e+00
-1.116345335423051810e-01,4.409862765950985697e+00,-1.833570235136828819e+00,4.582976552532027625e+00
-2.537940612086501790e+00,1.774239541724525804e+00,-1.797371427218340312e+00,2.389020415249867302e+00
-4.138877074220571828e+00,-2.354717793214979732e-02,-1.454700032222527639e+00,1.117571116339250548e+00
-4.404374579286051805e+00,-2.662921544398744733e-01,-1.230248804537235952e+00,9.252585175366312420e-01
-3.608152593346512838e+00,7.828747088364588214e-01,-1.533090000500809458e+00,1.353034775098963749e+00
-2.625600374172924134e+00,2.096092310555011995e+00,-2.422154050996399022e+00,1.853781646569747643e+00
-2.326277388400499913e+00,2.616371145108016716e+00,-3.581221395375957961e+00,2.146568099105622185e+00
-2.988793298426875022e+00,2.028506248859220040e+00,-4.572588631819797911e+00,2.175827182352839007e+00
-4.216203114777700378e+00,9.845435248864019551e-01,-5.090606511764842246e+00,1.968014967631498191e+00
-5.349620231496771794e+00,5.491009022086075220e-01,-5.032740487691258480e+00,1.630067550049492553e+00
-5.898579810118636857e+00,1.267650385292113713e+00,-4.447510568474521975e+00,1.357589871233460643e+00
-5.618088327676764138e+00,2.642531943239147640e+00,-3.481362081021466715e+00,1.287002499544171341e+00
-4.381536434681441605e+00,3.504026591025356296e+00,-2.333486682703187043e+00,1.346027660035058471e+00
-2.200559849883123587e+00,2.995714198921767490e+00,-1.174313801173897165e+00,1.343791349377107647e+00
6.051888962127378591e-01,1.334374323259760686e+00,-6.249924017440716684e-02,1.215463287285448057e+00
