-9.497568905674686590e+00,-4.482291357986861180e-01,-4.544106965620284377e+00,-1.154521159997567104e+01
-2.181726002133314779e+01,-5.984949424445999533e+00,-1.172310399256010882e+01,-1.599365864165978479e+01
-2.898454289928780980e+01,-9.112415918716012087e+00,-1.639034896316753631e+01,-1.852359058004423531e+01
-2.904373227270755109e+01,-9.024972987035816629e+00,-1.727271023315978127e+01,-1.842257111395866076e+01
-2.418015512495799868e+01,-6.834547057673218795e+00,-1.499820660690625473e+01,-1.666062194336554825e+01
-1.876915365417340098e+01,-4.513435891354291130e+00,-1.179162460916533917e+01,-1.509476500901108942e+01
-1.621957224501865724e+01,-3.546275824906001795e+00,-1.022248223001599321e+01,-1.491468883696861347e+01
-1.724619344928336773e+01,-4.330351372129552345e+00,-1.159029615340658381e+01,-1.584811934646224785e+01
-2.052124853355007517e+01,-6.374115580928991776e+00,-1.494517385587845837e+01,-1.687960278873004327e+01
-2.423354459232136904e+01,-8.697070637389119341e+00,-1.757142214700168381e+01,-1.737956026561252187e+01
-2.687709402820688354e+01,-1.016883253178369628e+01,-1.685917639179247374e+01,-1.723934280456395740e+01
-2.736865566815930961e+01,-1.004237767597627595e+01,-1.236434858733823816e+01,-1.627719545193933470e+01
-2.540453197513746986e+01,-8.648831723225521628e+00,-6.459867228317273558e+00,-1.417367812945269101e+01
-2.187174113115070995e+01,-7.506342834318949109e+00,-2.865071576070549852e+00,-1.109143980683050934e+01
-1.842698360799258595e+01,-8.253499162454149385e+00,-3.978501915419458079e+00,-7.938152754765216201e+00
-1.641230446012649580e+01,-1.108854665084341562e+01,-8.992534294628526936e+00,-5.835780464600581752e+00
-1.624797816918974291e+01,-1.428072262025496286e+01,-1.427147431585184023e+01,-5.509239514535764215e+00
-1.767465877484655934e+01,-1.545910671561173899e+01,-1.580159011234218092e+01,-7.112723496252678856e+00
-2.009445598258740873e+01,-1.354975577369980755e+01,-1.202226762986710540e+01,-1.018846326157994575e+01
-2.260386849878926441e+01,-9.545138373728754289e+00,-5.100687810852275739e+00,-1.362811426966303685e+01
-2.420786544649485705e+01,-5.545886894401743206e+00,2.477372238556356798e-01,-1.610169044408263517e+01
-2.439503243307833458e+01,-3.197907406739541436e+00,-2.534918848829825211e-01,-1.692180748502538634e+01
-2.339026460388036810e+01,-2.917862308368786017e+00,-7.437734623458259975e+00,-1.639190514487873784e+01
-2.172505124582366420e+01,-4.193706963831599133e+00,-1.764000702049955649e+01,-1.515931208388824736e+01
-1.979644662396318466e+01,-6.266944156900431828e+00,-2.459074579537524485e+01,-1.347526103613568615e+01
-1.797727990836374445e+01,-8.541177573640513998e+00,-2.343162708911050274e+01,-1.133097348510847446e+01
-1.679640957829631631e+01,-1.061807463108113225e+01,-1.430895252404611995e+01,-9.059979367843084219e+00
-1.663782166693539466e+01,-1.216465015149845108e+01,-2.804626014504635556e+00,-7.423732549127002756e+00
-1.740996642971505892e+01,-1.279405086148810966e+01,3.542919286922466604e+00,-7.181644815004800897e+00
-1.879387546361600414e+01,-1.209172543375844810e+01,3.999259985363801118e-01,-8.788412330715511089e+00
-2.061973557589965367e+01,-9.867882444850994972e+00,-1.025110697194374865e+01,-1.219612801287084025e+01
-2.262093516518955028e+01,-6.523754297974868166e+00,-2.138403351909632377e+01,-1.641560631917516844e+01
-2.399169744901155354e+01,-3.196723861847896142e+00,-2.571571690830896983e+01,-1.942474645824322366e+01
-2.377838988601305914e+01,-1.390551632138851357e+00,-2.065861912985722171e+01,-1.931905347925188821e+01
-2.189201546586618008e+01,-2.146510289849304698e+00,-1.003334641371787583e+01,-1.601602920394008933e+01
-1.938102701124855898e+01,-5.218593709641862866e+00,-1.351666432555724828e+00,-1.155292251546685023e+01
-1.751917181174728810e+01,-8.906324516707750050e+00,-5.186078028492643321e-01,-8.396756001954775783e+00
-1.683789858033217968e+01,-1.093242834550304288e+01,-7.712158176653590935e+00,-7.549241837151189571e+00
-1.704586051123603241e+01,-9.967659491460624466e+00,-1.745306697869080281e+01,-8.263104578813202039e+00
-1.742699141782631855e+01,-6.656891179625991306e+00,-2.271715664203085439e+01,-9.095431474536949779e+00
-1.711495027943838920e+01,-3.196569835399432957e+00,-1.984279597067346401e+01,-8.934773137292209455e+00
-1.550556163478320038e+01,-1.714424810780177610e+00,-1.065561357241967322e+01,-7.512742322834118802e+00
-1.294251422097830684e+01,-2.762813165281443162e+00,-7.630237600141384080e-01,-5.615157896818674388e+00
-1.078049156513368523e+01,-5.102723841084772616e+00,4.210166679142993473e+00,-4.734253582083340461e+00
-1.023361795841543476e+01,-6.823797016079375943e+00,1.818161859949495307e+00,-5.897131177305308114e+00
-1.114600243307617689e+01,-6.785831738673372193e+00,-6.207797075486923610e+00,-8.575286275210860509e+00
-1.222497033306704672e+01,-5.244243790723008836e+00,-1.531247096985222456e+01,-1.096900075954929754e+01
-1.240756884539677252e+01,-3.352193552488597739e+00,-2.083145633668536334e+01,-1.145432445807330701e+01
-1.163916819065406649e+01,-2.201070470840365445e+00,-2.046738208290057059e+01,-9.639708039327118172e+00
-1.044907905411619176e+01,-2.249344439918962379e+00,-1.511732297506636691e+01,-6.249722306008059114e+00
-9.360063916690002372e+00,-3.343439228064330582e+00,-7.749269581947699770e+00,-2.546057117482149579e+00
-8.872095727065339332e+00,-4.929212749650412562e+00,-1.384271178362126875e+00,3.667350728051031739e-02
-9.491935469304641160e+00,-6.194149258424902271e+00,2.272782341108420034e+00,3.156240908464683081e-01
-1.134899843116683194e+01,-6.367304132968624408e+00,2.846399207884251492e+00,-1.981703888819904114e+00
-1.392679179391949873e+01,-5.297741895745713414e+00,5.854658682169093797e-01,-5.974382254285022675e+00
-1.636262673812414903e+01,-3.757301423385942307e+00,-3.926069097111107187e+00,-1.019267450717755530e+01
-1.785529131555902183e+01,-2.838185369811868863e+00,-9.365415620412477438e+00,-1.329920240869652837e+01
-1.777777507327292383e+01,-2.831614672408385047e+00,-1.349822539644953778e+01,-1.437097222657466311e+01
-1.592217691282530900e+01,-2.816235383670198544e+00,-1.418089644596044074e+01,-1.314052824518761398e+01
-1.306938063475744016e+01,-1.556190626583117576e+00,-1.108193870518726598e+01,-1.050532783184210395e+01
-1.097266602316566875e+01,1.123878080975423410e+00,-6.410450359315795765e+00,-8.450330998950112971e+00
-1.108454795949711347e+01,3.823898609416999328e+00,-3.502242467184604635e+00,-8.648022296224409544e+00
-1.312155452185203686e+01,4.377881088436599732e+00,-4.191520952321122984e+00,-1.084302728249759795e+01
-1.518784346627291804e+01,1.344375364736007050e+00,-7.309479985269458524e+00,-1.292569839837417156e+01
-1.543709990907059115e+01,-4.820412925506863289e+00,-9.752894118065697171e+00,-1.278365191971172266e+01
-1.353175964297810552e+01,-1.162801298589211640e+01,-9.179998993166179844e+00,-1.001019344168308223e+01
-1.072025945484241483e+01,-1.569712620234845168e+01,-5.934030640968520842e+00,-6.036805275310832108e+00
-8.950624988464308984e+00,-1.471343950861898264e+01,-2.622473678079635384e+00,-3.127351884534731674e+00
-9.802066012866541556e+00,-9.003878538808830712e+00,-1.897341284068440714e+00,-3.211831301066272015e+00
-1.350433071324810541e+01,-1.468336611465461905e+00,-4.372684306876944760e+00,-6.831969295409074050e+00
-1.848236539270508061e+01,4.247873395550818998e+00,-8.283105434433274183e+00,-1.248393075936643370e+01
-2.215953129496617890e+01,5.976395979034315076e+00,-1.098702971616818225e+01,-1.719766398225684156e+01
-2.272537299088081397e+01,3.960014229694001298e+00,-1.099396728899029441e+01,-1.842619090353571920e+01
-2.023598662738580956e+01,2.232113145047077973e-02,-8.868403063582746881e+00,-1.568729480231368889e+01
-1.604515815179254190e+01,-4.015005811526095592e+00,-6.388372831595433787e+00,-1.048761739563659390e+01
-1.158162409802697290e+01,-7.279757836301252283e+00,-4.882041280998799415e+00,-5.050131217340362078e+00
-7.933007906900393813e+00,-9.636913320273299277e+00,-4.302909395813832916e+00,-1.351898480879378805e+00
-6.052116142779175867e+00,-1.090903106571850500e+01,-3.728722989449439584e+00,-7.477962320756315062e-01
-6.491436007309697054e+00,-1.051186026276619323e+01,-2.563894687487981106e+00,-3.451920201295112456e+00
-8.781483842291191166e+00,-7.932962580532046282e+00,-1.236391444703566211e+00,-8.077838212055022282e+00
-1.158263086512071993e+01,-3.563143727723797838e+00,-8.719167588814409342e-01,-1.229589294449348102e+01
-1.369130436701095377e+01,1.023842431102462314e+00,-2.361224645386971854e+00,-1.445506674622140686e+01
-1.467355566660248201e+01,3.787937315279786166e+00,-5.589848076328949311e+00,-1.450273673299968813e+01
-1.454725842738928066e+01,3.511932425318592621e+00,-9.357401107471901014e+00,-1.330942196933672861e+01
-1.335130606434106326e+01,7.183525699801843745e-01,-1.200790350816172314e+01,-1.150762686498752352e+01
-1.128506649662704042e+01,-2.552218045705364702e+00,-1.231971737447802617e+01,-9.222793865777914490e+00
-8.916261405134402906e+00,-4.108467045029564169e+00,-1.009121224043084197e+01,-6.552746670405426244e+00
-6.899307838078962085e+00,-3.210252780777192338e+00,-6.202127968643395661e+00,-3.867313528430601721e+00
-5.595825576825500747e+00,-1.119266577324400824e+00,-2.278841326765496778e+00,-1.710552619698293864e+00
-5.076116280876590281e+00,-3.824041119288717344e-02,-5.712354998721156513e-02,-6.093681006775719666e-01
-5.190868119823642601e+00,-1.283679890651335809e+00,-4.910577871855441590e-01,-7.707891634192659547e-01
-5.430300705029406316e+00,-4.271490188316335868e+00,-3.033915147588480021e+00,-1.711644690300028637e+00
-5.099530467170634296e+00,-7.110803324247026325e+00,-5.817411443095379830e+00,-2.458059948839685038e+00
-4.109766970772558814e+00,-8.087290334270480940e+00,-6.912986084044120183e+00,-2.550165878211556603e+00
-3.424115753766085124e+00,-6.662849068040562095e+00,-5.792740532544545573e+00,-2.713654128248099706e+00
-4.204839902598043189e+00,-3.378083799289116396e+00,-3.720867456555685404e+00,-4.038193822672826450e+00
-6.496593033875250889e+00,7.901155066437971497e-01,-2.669161136143665125e+00,-6.488584722643377489e+00
-9.149883300570996525e+00,4.785746027651700985e+00,-3.671496659638102233e+00,-8.728130631480537360e+00
-1.105034663034220621e+01,7.454639920324869884e+00,-6.024487767468062138e+00,-9.535218999181237720e+00
-1.198041760052451821e+01,7.725426146107023051e+00,-7.953987620425836624e+00,-8.930781030060215286e+00
-1.222700480070734486e+01,5.240164478316175156e+00,-8.088481449165922044e+00,-7.722271267766640079e+00
-1.193533269657205409e+01,8.459025316328616650e-01,-6.493861628110922268e+00,-6.436557961297025621e+00
-1.119936359384606561e+01,-3.728251699265783259e+00,-4.529451985219663079e+00,-5.081556371997306698e+00
-1.035758281639587075e+01,-6.808740979871905630e+00,-3.755590987393717217e+00,-3.580626915417158607e+00
-9.701301767157202605e+00,-7.497816341691714292e+00,-4.744493997854819511e+00,-1.943094467203845488e+00
-9.061074576000617498e+00,-5.775123114138154712e+00,-6.638321050443946270e+00,-1.797175133037434702e-01
-8.077156411253239909e+00,-2.316777920963897230e+00,-7.779888236779397559e+00,1.502516274211866065e+00
-6.765863777503047238e+00,1.641721606645606624e+00,-6.961189208915071980e+00,2.508126783793360737e+00
-5.472231802674341061e+00,4.578569198139398111e+00,-4.308493668714490354e+00,2.261665837583604510e+00
-4.369981557756382529e+00,5.309684900524617390e+00,-1.126980362075587383e+00,7.907611000776617605e-01
-3.352446096740671067e+00,3.657174505632572625e+00,1.021955810851210789e+00,-1.390679087467988184e+00
-2.299423554790924307e+00,6.005411306862584730e-01,1.174795458448696150e+00,-3.815054421417761965e+00
-1.064917279839177500e+00,-2.246870202423850049e+00,-6.908737759415918278e-01,-6.006026182893447363e+00
6.358884698314288819e-01,-3.475426646441652334e+00,-3.668069793678920387e+00,-7.029323400313495895e+00
2.706118765814045091e+00,-2.594198523323560046e+00,-6.206503879571746651e+00,-5.896437686381514887e+00
3.967690972827530693e+00,-3.640945692306272186e-01,-6.891953006363959133e+00,-2.827402070132916112e+00
2.715507609410249934e+00,1.464489289894457480e+00,-5.507202754478926821e+00,3.488223692093046502e-01
-1.481744975832450795e+00,1.113097082669624704e+00,-3.397293811233979000e+00,1.577444214311505721e+00
-6.800493399930159555e+00,-1.972368336144414425e+00,-2.443751028398742253e+00,2.870070817421728204e-01
-1.042379040906350873e+01,-6.499748678665488555e+00,-3.386592357168103806e+00,-2.423765773213612640e+00
-1.076533970533921902e+01,-1.000184157941778196e+01,-5.113624281242153735e+00,-4.936308403201458361e+00
-8.388938288050685088e+00,-1.044172125140785745e+01,-5.622449622871902086e+00,-6.115250683880085525e+00
-5.144369978322472114e+00,-7.553394284145957371e+00,-3.671259251058590412e+00,-5.582941587391045957e+00
-2.770717081533058401e+00,-2.898400467958821114e+00,3.623641047553858296e-01,-3.711820112293665819e+00
-2.000075301391847749e+00,1.307157749138813774e+00,4.846412328752615295e+00,-1.439227065707720854e+00
-2.368674518520009542e+00,3.539298109000156956e+00,7.828250937215876171e+00,3.321863480849496231e-01
-2.792355466902216587e+00,3.461379585414884996e+00,7.893283233803378707e+00,1.296582941346431150e+00
-2.667256520168726386e+00,1.562558243928493740e+00,4.825522147057337286e+00,1.549863931415960350e+00
-2.450204673149221524e+00,-1.255578898415048661e+00,-3.844112984723799253e-02,1.024383174998527490e+00
-2.892270839523047421e+00,-3.732144649725335661e+00,-4.202523474904708678e+00,-3.778897014342290639e-01
-3.796094615233032155e+00,-4.462313790323111817e+00,-5.380562507760849655e+00,-2.081519833875228986e+00
-4.005432681373206627e+00,-2.752135231596826159e+00,-3.156783879802876225e+00,-2.900049171177340845e+00
-2.734711458275993046e+00,5.242662028567119936e-01,4.388524281201555688e-01,-2.186163000766093045e+00
-4.896896578772864661e-01,3.228268890334417218e+00,2.277668842092239743e+00,-5.904834275218259210e-01
1.519717398583288581e+00,3.511737488289741194e+00,6.146740079241065358e-01,6.679400518839573309e-01
2.494649282745377672e+00,1.257978714828470235e+00,-3.325415042116604436e+00,1.041539099142323455e+00
2.342952289332065785e+00,-1.964409943166200545e+00,-6.147787033399103152e+00,8.715849223174204630e-01
1.319992668293120675e+00,-4.342357191054239784e+00,-4.942223881974442179e+00,6.759170578420642395e-01
-1.134313238297760540e-01,-5.276352506921469399e+00,3.382354101683232583e-01,6.730052869018643413e-01
-1.265822109227909165e+00,-5.578145514986449172e+00,6.624517081341051217e+00,8.505880893058554992e-01
-1.562006731629874690e+00,-6.306237168403319160e+00,9.742529396122868945e+00,1.025478132279271426e+00
-9.627590119939937185e-01,-7.339055848222155731e+00,7.258160630796719026e+00,8.706695052608395269e-01
2.186083291967049202e-01,-7.107302719590939510e+00,2.882355217147218318e-01,3.305797042583409340e-01
1.791984047657476209e+00,-3.955842442662905079e+00,-6.945868047327053318e+00,3.712819677754058967e-02
3.610617319186065988e+00,1.997018061090087393e+00,-9.715067208583962000e+00,8.488789909025417080e-01
5.130371481220766583e+00,8.326861006332240578e+00,-5.945934193323664907e+00,2.794784748625120940e+00
5.601051333269987609e+00,1.177843849671532617e+01,2.281800639221464699e+00,4.796234619057972104e+00
4.869522707862410371e+00,1.053549274372894118e+01,1.010125109955833977e+01,5.603669111406062164e+00
3.608992112676167707e+00,5.401987109802418807e+00,1.310359080155051892e+01,4.771339509276529611e+00
2.564699424310012965e+00,-8.964435417114614557e-01,1.003668157964627738e+01,2.700257738300518184e+00
1.908311382027849223e+00,-5.531292561668935903e+00,3.144783144291593224e+00,2.265187183691454720e-01
1.517752758800871238e+00,-7.119788107923736398e+00,-3.707429538020079907e+00,-1.563107492066468707e+00
1.477588723231779921e+00,-6.076339247118405673e+00,-7.501648874652443233e+00,-1.637489384841467110e+00
1.918852092051929636e+00,-3.791441884980467858e+00,-7.480645146500128462e+00,1.873941852205735781e-01
2.627513137042039482e+00,-1.467918413024557500e+00,-4.899815387686253132e+00,2.800275226023126951e+00
3.244108190320016849e+00,4.230390027593601832e-01,-1.646060570936006551e+00,4.585146894646219273e+00
3.732736436516256084e+00,1.822857563861867147e+00,1.131904578641379722e+00,4.742696446368459107e+00
4.270149724113088574e+00,2.576497907526407172e+00,3.392252903696446165e+00,3.658888501898572176e+00
4.760841072732313606e+00,2.466712681301094889e+00,5.428136670868361158e+00,2.193582883028111663e+00
4.883751570778611217e+00,1.648443139912276312e+00,6.835575260583734547e+00,1.066063188159350972e+00
4.626594636552193052e+00,7.240286780918567811e-01,6.411083587703304332e+00,8.299366066116898866e-01
4.367755160627226907e+00,2.219631046565015420e-01,3.293452070210749039e+00,1.770599252959654812e+00
4.343019747181592116e+00,1.488707535260791193e-01,-1.706740291695001188e+00,3.497166999800463749e+00
4.389263558552870315e+00,2.361321659030790610e-01,-6.081260610203211847e+00,5.001338566042036859e+00
4.305988700870246433e+00,5.261714718446063310e-01,-7.243433962293535977e+00,5.455280554260570902e+00
4.062504774535164564e+00,1.415800110702627679e+00,-4.458312757130858728e+00,4.805660512318637778e+00
3.463853295861676784e+00,2.963409876777225005e+00,6.597047168010449214e-01,3.495415740236134550e+00
2.056991662733147042e+00,4.276018741797686040e+00,5.443101984695766227e+00,1.968536026637216052e+00
-2.243245989761132597e-01,3.834352364386856671e+00,7.928844381182873491e+00,6.759973740786652252e-01
-2.559127657525628763e+00,6.772206392114734630e-01,7.590849896884402703e+00,1.263167858453792258e-01
-3.796513868211428999e+00,-4.480048948962550348e+00,4.939085382540162605e+00,4.055407517090367508e-01
-3.447075192615593142e+00,-9.141720225178753267e+00,9.905372386313431310e-01,8.313597184376433358e-01
-1.876312703261153292e+00,-1.025845546945310538e+01,-2.774387472903077079e+00,6.319885374190982175e-01
2.787974074729404617e-01,-6.255776326320268588e+00,-4.484814279125584946e+00,-4.001531800899127411e-03
2.477866253634447347e+00,1.412755109776071549e+00,-2.748208770359043651e+00,1.900952820538641397e-03
4.185767350513304841e+00,8.591055301313634374e+00,1.994327877688605977e+00,1.382615471045267830e+00
4.959026648028000750e+00,1.092023715586261723e+01,7.079772406091914050e+00,3.683435865669163256e+00
4.808042540294080069e+00,6.917678352236588779e+00,9.249031551996258926e+00,5.729692081533123371e+00
4.181320535604642785e+00,-8.275263928571320315e-01,7.352926769539012142e+00,6.597718675411872624e+00
3.496180178511388625e+00,-7.432797166083554785e+00,3.649542917215418125e+00,6.065211652972698708e+00
2.975463605248628962e+00,-9.108084731200275286e+00,2.090419373647737000e+00,4.599176685827728761e+00
2.958575123014465014e+00,-5.586374349624517954e+00,4.845206629432451173e+00,3.215346692526630523e+00
3.828137007342514497e+00,2.287774463493741361e-02,1.023797787371852763e+01,2.941666031497346623e+00
5.265379358713201619e+00,3.625687117100213186e+00,1.404932715794987175e+01,3.887668023847103527e+00
5.972235348342588068e+00,3.002236095239968261e+00,1.296066822595573242e+01,4.935758710310643060e+00
4.733240156374523444e+00,-8.258507109138806257e-01,7.096108428924513767e+00,4.764543680659077296e+00
1.801866197401317482e+00,-4.564161058712404184e+00,-2.600579270543676991e-01,3.195579336796235737e+00
-1.073401345508403271e+00,-5.095470789121713473e+00,-5.186942054573925098e+00,1.282022851151313425e+00
-2.051983165366196182e+00,-1.572652730764056095e+00,-5.770165995138486714e+00,1.579492280178022567e-01
-5.487352530184343991e-01,4.169752653570129475e+00,-2.997723541087700116e+00,9.629422301227587300e-02
2.521701833505703316e+00,8.860261197847945525e+00,4.908350406843762226e-01,5.669768506520255213e-01
5.400040655072664286e+00,9.746399146933860891e+00,2.605339687445885843e+00,7.681183663540434026e-01
6.498341788890713566e+00,6.192001602796787019e+00,3.159379782213526333e+00,9.214451001518846052e-02
5.393385856539688383e+00,5.935688396075694540e-02,3.445240902881445244e+00,-1.427488019326478730e+00
3.142473820680931507e+00,-5.504421822048186641e+00,4.647048516401768303e+00,-2.925252865168716188e+00
1.362526386745632312e+00,-8.217349477338458996e+00,6.586733902854096101e+00,-3.339148510050460761e+00
7.448106757460102312e-01,-8.062390937029155324e+00,7.849627802811670385e+00,-2.498933446716573581e+00
5.713435604918871702e-01,-6.641338188935825393e+00,7.064858496880399130e+00,-1.321686211098922481e+00
-2.806912914227458478e-01,-5.172959106059068723e+00,4.131627491848108846e+00,-7.430980026346153400e-01
-2.133625072411184487e+00,-3.343016205684423259e+00,3.272684011203037535e-01,-7.789159830952967489e-01
-4.359226980955471120e+00,-2.504401817402153174e-01,-2.664814191597469684e+00,-8.680273893151591036e-01
-5.977685352776803462e+00,3.813659230218747531e+00,-3.824037936211958755e+00,-7.125449662756108138e-01
-6.106616144229258580e+00,7.017414532992337861e+00,-3.103645337458846409e+00,-3.095413188123531945e-01
-4.268249275529727882e+00,7.563784499946651252e+00,-1.034841605469828618e+00,5.279190023052098280e-01
-9.225649202486996270e-01,5.378753234662074334e+00,1.719569548615901056e+00,1.990387551755278039e+00
2.323706033173015051e+00,2.072150399396489373e+00,4.449094212536760296e+00,3.594497970274406651e+00
3.633828049575535513e+00,-5.920088025287363331e-01,6.314370608211614666e+00,4.296737861808526127e+00
2.397467581730062136e+00,-1.957167755217553040e+00,6.512554662449979936e+00,3.547929608109605670e+00
-3.278152834724452624e-01,-2.359798538015208447e+00,4.748741960247084393e+00,1.896486124910952809e+00
-2.799395094151788665e+00,-2.204910996294131120e+00,1.614223313580424479e+00,3.700480145940471810e-01
-3.788342886403560428e+00,-1.475614655355372395e+00,-1.583098376516214545e+00,-4.066402919444788711e-01
-2.980982134043259180e+00,-1.452618511766606002e-01,-3.555409335321958686e+00,-3.101169821809485194e-01
-8.434116361533792183e-01,1.147536349292313407e+00,-3.811921090465123285e+00,6.211326473931360059e-01
1.585421995105417814e+00,1.114334922141732243e+00,-2.834272607512081876e+00,2.188526712196443569e+00
3.184515093890586623e+00,-1.202730488741243331e+00,-1.515195970642790435e+00,3.883148364453084422e+00
3.548846900375377533e+00,-5.258833536720510793e+00,-3.917740882148595949e-01,5.140773814577330292e+00
3.278253121026152517e+00,-8.858695403266048984e+00,6.569734249780448954e-01,5.736983615537236680e+00
3.270301424809350710e+00,-9.489792694831709952e+00,2.093137878260494578e+00,5.730433983032740208e+00
3.868176672533549354e+00,-6.175214946053616316e+00,4.214674781483076060e+00,5.182381218192733563e+00
4.874416392076953208e+00,-2.465535582584997554e-01,6.935849577248687226e+00,4.243734706074531182e+00
6.067570154298131513e+00,5.622257503857222893e+00,9.851960602138479572e+00,3.365722890938013023e+00
7.226701415957379027e+00,9.191405183111310606e+00,1.224436841842237200e+01,2.976714852122271715e+00
7.776675540779214302e+00,9.737900815601756577e+00,1.298416019768858831e+01,2.914822071814856308e+00
7.002913317041664421e+00,7.829582096973754624e+00,1.082966549633686526e+01,2.552585844484786204e+00
4.864133793548480078e+00,4.429182552002517426e+00,5.433845939053116858e+00,1.584089482112911451e+00
2.339853463580220616e+00,3.485300549978965212e-01,-1.623461374450680061e+00,4.034228841511058317e-01
8.042090680449380802e-01,-3.600573928151476366e+00,-7.080806266945561589e+00,-3.590786215665676129e-01
1.129732852513968266e+00,-6.312947555261723132e+00,-7.946650814035445265e+00,-3.770046086790285189e-01
3.244039895098718596e+00,-6.656895530231802027e+00,-3.813994721476312133e+00,3.213723232402830310e-01
6.105795436890309347e+00,-4.267251650157913190e+00,2.553014458536227327e+00,1.392609856785210765e+00
8.025168082506914047e+00,-1.071573788308886055e-01,7.093788947906370268e+00,2.057895685247700612e+00
7.578839646373097594e+00,3.820935836307418842e+00,7.281633814608386324e+00,1.400715709916035445e+00
4.767468431985105504e+00,5.484767316528728287e+00,3.595228642432612087e+00,-7.370015250526381623e-01
1.212927176718254119e+00,3.932399554347059567e+00,-1.304958856857118432e+00,-3.313422302672647479e+00
-1.103734776457980349e+00,-6.200068788588841695e-02,-4.650398259133450729e+00,-4.922109903500684780e+00
-1.334084421447735425e+00,-4.179425657706256736e+00,-5.176130902720226246e+00,-4.997167170995123087e+00
7.231309069506419718e-04,-5.710506860359922499e+00,-3.394403839270837775e+00,-3.938216327152936014e+00
1.884953238882041138e+00,-3.269561924219738458e+00,-7.994121179591014981e-01,-2.275382743089540583e+00
3.575988494845737442e+00,2.085773555151796632e+00,1.201707252305233897e+00,-1.865040416332150452e-01
4.803268114950982159e+00,7.433753034361199497e+00,1.963828788969111949e+00,2.243102865531116485e+00
5.809732723419960720e+00,1.005087490878068479e+01,1.656085614453244981e+00,4.845058731730754964e+00
7.227236391984165564e+00,9.271266375319687114e+00,8.918318754818957972e-01,7.582262331279250311e+00
9.367570041692893312e+00,6.520759997203203540e+00,3.050466490925612395e-01,1.043398178513761465e+01
1.139989655816436631e+01,3.645765145372838134e+00,3.131747733634946962e-01,1.278347290989620788e+01
1.163182416096684157e+01,1.294573432766098930e+00,1.086437862125241294e+00,1.333899886882908348e+01
8.986741857528018684e+00,-1.100688001565174323e+00,2.596276688129990351e+00,1.115232108964975666e+01
4.134065320621154171e+00,-3.968041026484366185e+00,4.564247202173604023e+00,6.676018012749488584e+00
-9.044580232360123206e-01,-6.487763521795717914e+00,6.267677513972819803e+00,1.633994850179559588e+00
-4.007260834398841176e+00,-6.972408912109672841e+00,6.511056245814112131e+00,-1.981899776400659841e+00
-3.823693830225713075e+00,-4.376688240690184806e+00,4.230940867588556920e+00,-2.714720367250283761e+00
-1.558646413844434753e-01,5.405482819624113366e-01,-3.563023911001206301e-01,-8.352949389936162317e-02
5.712170085130630071e+00,5.510979802319226017e+00,-5.105848931606416841e+00,4.937610103332146672e+00
1.116805700645501531e+01,8.254591530742795058e+00,-6.942435868612514049e+00,9.867961796963914622e+00
1.359573577984271253e+01,7.904031478738525962e+00,-4.233209811002101475e+00,1.195940376830960794e+01
1.215905773219644814e+01,5.273451841677347929e+00,1.466495307619423816e+00,1.016194814274161295e+01
8.328964553695843875e+00,1.977508156912265225e+00,6.202423797247694104e+00,5.919745818535048443e+00
4.628568192177350049e+00,-7.025692003367726146e-01,6.576490251479579108e+00,1.905928859138101616e+00
2.915134068481682217e+00,-2.335343828122253829e+00,2.349391670462869008e+00,-2.198594067111474260e-02
3.577565399932467027e+00,-3.068461271230457310e+00,-3.500955133203673686e+00,1.651392296137818017e-01
5.710781061465890041e+00,-3.044307485762690835e+00,-7.105660710097942534e+00,1.125792547885615891e+00
7.754473981961181650e+00,-2.113421146708970522e+00,-6.360392871565029971e+00,1.365916087118700384e+00
8.433090221180391310e+00,-1.212791381052427120e-01,-1.977645749162151523e+00,4.531758104669617593e-01
7.651024562314781008e+00,2.509955577179720176e+00,3.420513037000803447e+00,-4.951871308649191117e-01
6.455281410369292594e+00,4.581815675689569822e+00,7.075091721103549780e+00,2.788233454497616726e-01
5.859341221371093589e+00,4.778605385260382477e+00,7.418954446194885755e+00,3.306613727118411727e+00
5.797720177836182209e+00,2.814121685924129590e+00,4.508315252052087274e+00,6.930306346242002036e+00
5.425215272729130511e+00,-1.968108227405086091e-02,-1.441712797594865980e-01,8.528929190069517219e+00
4.200237590155050604e+00,-1.618132872833552005e+00,-4.141441657909506802e+00,6.767736867315399252e+00
2.322469597924346374e+00,-6.008531067020400629e-01,-5.306622300406000470e+00,2.565292341310637880e+00
2.953116329482164959e-01,2.698003882193828140e+00,-3.047312351816545917e+00,-1.870707567424938267e+00
-1.465741070052899442e+00,6.523129275206456690e+00,1.025972616481813482e+00,-4.617216408832301333e+00
-2.613739350275346318e+00,8.817070473804045960e+00,4.058853816031226636e+00,-4.993473884346160574e+00
-2.931304514721817966e+00,8.233195145021490191e+00,4.021401745476577361e+00,-3.742999833199147641e+00
-2.539346017624882990e+00,4.615368311151973657e+00,1.267352349551863044e+00,-2.458279249693399837e+00
-1.697178783789713208e+00,-9.128096703234447329e-01,-1.755361339003207233e+00,-2.237983129138338967e+00
-2.813830757125912463e-01,-6.186483251454922616e+00,-2.443641567368536993e+00,-2.505217369030002583e+00
2.154631814464937900e+00,-8.819941895838200097e+00,-4.780290176778491384e-02,-1.451135161615507485e+00
5.566080188650873062e+00,-7.562153838716414000e+00,3.829315875819624182e+00,1.994754698229828538e+00
8.949845597614963566e+00,-3.322785759229160085e+00,6.530251783183222969e+00,6.773644861733145284e+00
1.096952936265473255e+01,1.196404207315292068e+00,6.322903934788651092e+00,1.045368669250681570e+01
1.090266480616220512e+01,3.302283216136514987e+00,3.553700892210230666e+00,1.117424924576695844e+01
8.879885210308465560e+00,2.228454966179309160e+00,2.484662613092375183e-01,8.768861257059027636e+00
5.588713998426766416e+00,-4.150612544699087136e-01,-1.376636030573027192e+00,4.518473015209332644e+00
2.098865110964911462e+00,-2.083811933234767988e+00,-3.893481062414598237e-01,3.695454534187421203e-01
-3.525132476406647175e-01,-1.439780869219770443e+00,2.312522923537932762e+00,-1.889509252482055146e+00
-1.016518750859886744e+00,6.549028183201034414e-01,4.672607425612167020e+00,-1.529580786067696652e+00
-1.626773590127669200e-01,2.146195055562246878e+00,4.981481019940710908e+00,6.447613415930169012e-01
1.337782621909975322e+00,1.799311087769384754e+00,3.244835965854507176e+00,2.975864746099631031e+00
2.904384285954099365e+00,2.604657049681036174e-01,1.309953466587986837e+00,4.319503761513211693e+00
4.388971635200594967e+00,-7.982793689509626311e-01,1.436956062330002171e+00,4.673634585729541158e+00
5.454129474754031648e+00,-4.589050160617997864e-01,4.347467522651386140e+00,4.604317049598791733e+00
5.439928508809520835e+00,5.915654596742462301e-01,8.419975732035767990e+00,4.496532096879169771e+00
4.159941158720385168e+00,8.992909676559005527e-01,1.082923925111347074e+01,4.483754552338934829e+00
2.490465729715253929e+00,-2.076156272265120284e-01,9.744483926567045984e+00,4.673898804740501234e+00
1.817568801886571883e+00,-1.893512970858681976e+00,5.754903181893304520e+00,5.110157914452484462e+00
2.964369103242529668e+00,-2.499974317168471405e+00,1.361064107828626746e+00,5.709892786648956609e+00
5.683399114074491720e+00,-9.382610444862112820e-01,-9.493206979192246875e-01,6.444872296820769009e+00
8.818694619452962513e+00,2.403279656813723797e+00,-3.858193649940463432e-01,7.298743349909146083e+00
1.072361781255945701e+01,5.907282784028009992e+00,1.925173940624886892e+00,7.779296032132227978e+00
9.990220101157591515e+00,7.839526395597090414e+00,4.001369766974320008e+00,6.849130218412600613e+00
6.484570801797137740e+00,7.432456656593719124e+00,4.295530480510250548e+00,3.938462394562733504e+00
1.792431942135815248e+00,5.213697932838875282e+00,2.458614283565840886e+00,1.891435391348578188e-02
-1.738183586687527704e+00,2.502742418778080236e+00,-5.478769719954552642e-01,-2.810973913550355530e+00
-2.615157391067528536e+00,5.315259923887427629e-01,-2.916987800056904501e+00,-2.987305514261234141e+00
-9.155238741746093423e-01,-2.453642041392085082e-01,-2.940273758417959904e+00,-5.928936856527361465e-01
2.227270794125123743e+00,-2.848346489058494746e-01,-4.602894844567204796e-02,2.959816430677471910e+00
5.312434231841904442e+00,-4.717406436245513146e-01,4.697141447306512951e+00,5.822836925913600581e+00
6.794606292267449277e+00,-1.286200020982130487e+00,9.002205311545306898e+00,6.372236178429718123e+00
5.619621439732513934e+00,-2.184299589701453215e+00,1.054511169598740672e+01,3.893981523273755130e+00
2.125214061432385559e+00,-1.779894747869532390e+00,8.292119577201733094e+00,-6.535577045468108359e-01
-1.738654046657150065e+00,1.090821406085535683e+00,3.215390898505634087e+00,-4.785689287650830792e+00
-3.574081263543027465e+00,6.186944987269529683e+00,-2.130335268280021843e+00,-6.052855076749524166e+00
-2.157451940365528120e+00,1.169283501973854200e+01,-5.067397314944436459e+00,-3.745923975087609215e+00
1.905216385220957820e+00,1.539997740093315493e+01,-4.430428979801070533e+00,8.793339844695536867e-01
6.709535158847064196e+00,1.619797915035646696e+01,-1.218922991283287294e+00,5.746070374314530049e+00
1.003706385498119680e+01,1.441259177805340563e+01,2.279072023767065858e+00,9.074874325584696422e+00
1.034848063373401494e+01,1.078511878477647912e+01,4.210319967212287295e+00,9.821481316461762034e+00
7.609332283024028420e+00,5.489207971544338704e+00,4.286654106762526339e+00,7.852044728710189325e+00
3.363557686806714742e+00,-1.461257353573267803e+00,3.471248988538757629e+00,4.015772271006581740e+00
-3.239434140339886303e-01,-8.843887404301394639e+00,2.800613363462947536e+00,-2.531382903214266511e-01
-2.175502210981386852e+00,-1.373956603617420491e+01,2.650045878850049164e+00,-3.621550330162270015e+00
-1.957899014900865708e+00,-1.303734030295809809e+01,2.993295940897427787e+00,-5.098259511359647611e+00
1.673536799609294246e-01,-5.935331698391298261e+00,3.940524919845982410e+00,-3.884972843927133379e+00
3.854519001617993545e+00,4.772263694500388453e+00,5.611764131521018939e+00,2.711800357381441984e-01
8.017052913111495371e+00,1.395358483886381151e+01,7.445195231661815072e+00,6.228354228319562758e+00
1.075336344376069952e+01,1.719870006139812091e+01,8.006020268917669824e+00,1.145537386337080576e+01
1.046030250901067937e+01,1.347246129061010933e+01,5.977966448555899426e+00,1.352938021437683247e+01
7.005601313593070145e+00,5.457373310583991888e+00,1.625631565951776381e+00,1.173935381559720703e+01
1.673768478511574953e+00,-2.508837507342292827e+00,-2.789423269915550563e+00,7.195333467015253781e+00
-3.741318355282582164e+00,-7.182025311801240264e+00,-4.343044372080513860e+00,1.770982189041708788e+00
-7.577340602308281881e+00,-7.853618451412967438e+00,-1.555958989834805406e+00,-2.731534590693941666e+00
-8.581664767550542194e+00,-5.874944004220900240e+00,4.496150494083017257e+00,-4.897071319274854950e+00
-6.361842097866764689e+00,-3.219357869949153628e+00,1.090925925749425929e+01,-4.135215728615750486e+00
-1.735106776396435624e+00,-1.348330714226085858e+00,1.473017054271637960e+01,-1.110968916497729220e+00
3.712966806075158388e+00,-8.259325583767186396e-01,1.437587667578291928e+01,2.635765353351059215e+00
8.502901847652017508e+00,-1.397066376676893373e+00,1.002418355924129223e+01,5.698985671325545788e+00
1.154797427606023419e+01,-2.250612636509986331e+00,3.280130265316318017e+00,7.299498723562816593e+00
1.191546527255525767e+01,-2.435739184692458092e+00,-3.397026918325798395e+00,7.008618524287503426e+00
9.111977838043056721e+00,-1.340800509776130411e+00,-7.447515337126739965e+00,4.681333570052224502e+00
3.949913513635842754e+00,1.013730845700067551e+00,-7.285128840528003025e+00,9.477781786087412508e-01
-1.339564800674229117e+00,4.004980884169517807e+00,-3.385402934580608481e+00,-2.732242545502353792e+00
-4.406378909420483936e+00,6.669499953248425150e+00,1.520866851371065698e+00,-4.998176933422723067e+00
-4.319090157804718721e+00,8.058895519570246080e+00,3.848087557949997350e+00,-5.476466297655131044e+00
-1.937346689459575444e+00,7.600466720278030941e+00,1.580470080564591040e+00,-4.621544530805153705e+00
8.360079499948074311e-01,5.357536873004896449e+00,-4.047157712668141727e+00,-3.058128663831677141e+00
2.098332695454173003e+00,2.076255281345960046e+00,-9.115854476006113316e+00,-1.395958711994873536e+00
9.393162237496266442e-01,-1.048308713047487739e+00,-9.647666180950947634e+00,-2.739206111486041095e-01
-1.858554888881314593e+00,-2.899450202261402598e+00,-4.469436919907311179e+00,5.399169953519074305e-02
-4.176351542368561987e+00,-3.072859793581687260e+00,3.721338850577812885e+00,1.299105694419464274e-01
-4.202410849658706482e+00,-2.100979061792503710e+00,9.896884354555115948e+00,7.693246473103797500e-01
-1.969006726321095302e+00,-8.770952262384659193e-01,9.946101821847515012e+00,2.035878623006277532e+00
8.671660933913768465e-01,2.468810565426797221e-01,3.550343771153932071e+00,3.106869148879188192e+00
2.670737816064990611e+00,1.622818195598786151e+00,-5.368303909552122555e+00,3.221136155014172164e+00
3.001758271114433718e+00,3.445549868554607542e+00,-1.120636702944631224e+01,2.404478659048454592e+00
2.390298536393252959e+00,4.953847212578484260e+00,-1.057678159133937967e+01,1.204059608722509500e+00
1.573158562230719371e+00,4.831397008182001684e+00,-4.610529112310552513e+00,1.312771483144418716e-01
1.090297103043956772e+00,2.470987820247237288e+00,2.156727495736893818e+00,-4.850167977528718199e-01
1.068683023410893052e+00,-1.318551455046554244e+00,5.346536259012997228e+00,-5.613500368602765134e-01
1.013523026998607968e+00,-4.901418910566343712e+00,3.790465809524564467e+00,-5.218671696991898923e-01
1.446158130036425127e-01,-6.965044031196127250e+00,-2.495402578106801217e-01,-1.156833592038458924e+00
-1.652657559142634458e+00,-7.094357687498217047e+00,-3.413061721369725188e+00,-2.757413041243616192e+00
-3.406600261653588202e+00,-5.607390494322916474e+00,-3.793436185728555898e+00,-4.508337752992989778e+00
-3.978929228013727393e+00,-3.340690773271274949e+00,-1.715483008288260169e+00,-5.132446112466453769e+00
-3.316401687450235336e+00,-1.627037242749329593e+00,1.242406438581988848e+00,-4.148850952616087717e+00
-2.452242248444424177e+00,-1.818667068754204141e+00,3.556263264537363966e+00,-2.284883452376230029e+00
-2.305426319082738207e+00,-4.062584307228382485e+00,4.340879098511979173e+00,-7.766380029330873791e-01
-2.751906953027121183e+00,-6.452431335158316905e+00,3.325627503162830401e+00,-5.303865228805145771e-01
-2.811085858243341562e+00,-5.999962315432170179e+00,8.047589509262573770e-01,-1.722868046770819728e+00
-1.473430117193476052e+00,-1.092889753872365421e+00,-2.300891636585777889e+00,-3.647229364570511834e+00
1.490438332684369316e+00,6.763440033698358889e+00,-4.611080594268271327e+00,-4.927194967957348126e+00
5.028090138208344939e+00,1.366453529353434782e+01,-4.889090750323840773e+00,-4.513943567505723564e+00
7.062549383352109800e+00,1.591486720302585489e+01,-2.774937435938271246e+00,-2.845060920570625207e+00
5.851255814386996157e+00,1.237936312826826679e+01,9.084825835327843269e-01,-1.684838690268861461e+00
1.568543886710022095e+00,4.951829227260147626e+00,4.542947021123266538e+00,-2.438790269173599423e+00
-3.568262970231422138e+00,-2.860064714872347036e+00,6.552383205546622236e+00,-4.739176619759462916e+00
-6.973157416907010742e+00,-8.033394094292122034e+00,6.183020387869765599e+00,-6.855389847868592845e+00
-7.473194299891616765e+00,-9.423530919416295504e+00,3.806490347465373070e+00,-7.256131033953140630e+00
-5.586954371484232240e+00,-7.727331606824932919e+00,6.011092029737803433e-01,-5.613019137626571009e+00
-2.645527662377445299e+00,-4.368351026337713883e+00,-2.186681121434851161e+00,-2.745895122159034862e+00
-1.407980509950942927e-02,-4.227438350126264677e-01,-3.907861228301031442e+00,-1.312549073176254300e-01
1.329059517862357653e+00,3.531859382012235926e+00,-4.636100721021196414e+00,8.016663480851793366e-01
1.275372756619027159e+00,6.853406797784826310e+00,-4.733971684179698158e+00,-3.215559168650122257e-01
7.765233390661548940e-01,8.580250590122179943e+00,-4.351485823097768879e+00,-2.270832371735291400e+00
1.041939281306981879e+00,8.061956005191799335e+00,-3.367602204615867123e+00,-3.129520916315483348e+00
2.304717893598085876e+00,5.805572769747947781e+00,-1.740482963676392769e+00,-2.069903512865880479e+00
3.610919664291127873e+00,3.358309703747240249e+00,2.584229687817199417e-01,-3.517721532629958237e-02
3.872628016127598549e+00,2.052597180582430347e+00,2.249759920105728117e+00,1.390855591931315693e+00
2.820160520119153080e+00,1.841633498399365632e+00,4.038191953889846531e+00,1.440072411414028641e+00
9.058459801260875244e-01,1.504038693422621975e+00,5.438177669616467647e+00,4.102776740584868631e-01
-1.237080633612427150e+00,2.224356215795095931e-02,5.780829043803890066e+00,-9.896147216411281811e-01
-2.992198581932950852e+00,-2.339709251269562085e+00,3.962889210315468258e+00,-2.115907295102395391e+00
-3.864735039798635086e+00,-4.318412715149748671e+00,-5.100885413608007291e-01,-2.559252138930665499e+00
-3.853726564250623987e+00,-4.832542318431548800e+00,-6.310473152158168730e+00,-2.413509978339168693e+00
-3.550082956530029143e+00,-3.803685040776045412e+00,-1.035672895886484213e+01,-2.349416744255490741e+00
-3.509731728104868775e+00,-1.997862189008730249e+00,-9.658289523956760547e+00,-3.008314009030189862e+00
-3.670891063201961124e+00,-3.202745441792079206e-01,-3.704205657485230230e+00,-4.262889473880928648e+00
-3.718800030228199383e+00,7.161769850359841483e-01,4.624455595907240202e+00,-5.318704932184125767e+00
-3.839412480769090585e+00,1.076376456203117060e+00,1.061594017241070631e+01,-5.496266534336199605e+00
-4.629818370526972870e+00,1.000890720537959133e+00,1.075860520995261993e+01,-4.665449835393725486e+00
-6.245197296565534906e+00,7.369550850892788718e-01,5.024081206778240549e+00,-3.078842517467792472e+00
-8.011889435972186391e+00,3.572873449356300801e-01,-3.206239131031978218e+00,-1.239919126547375905e+00
-8.916982779519903701e+00,-2.028032054394686423e-01,-9.391653562185334536e+00,1.006424393933561257e-01
-8.160343761600238111e+00,-9.107595815421164476e-01,-1.062769531367353437e+01,4.006388440681071250e-01
-5.331735777341229721e+00,-1.492611519954232691e+00,-7.166181552481585726e+00,2.224037093087239542e-02
-7.023178815249121465e-01,-1.627683716925865554e+00,-1.797297111462765162e+00,4.587681312678472401e-02
4.335660560659482243e+00,-1.262079762593334209e+00,2.325682280925427836e+00,1.043250922531469893e+00
7.590852368780996784e+00,-5.739270562245022411e-01,3.772993242680470871e+00,2.271802051101054154e+00
7.413616734039806033e+00,3.906564463431683176e-01,3.322758299741003896e+00,2.361744705142688527e+00
3.797698937462098634e+00,1.808992968635008580e+00,2.703903405619798583e+00,6.143484931957086115e-01
-1.873615105345157517e+00,3.596154011535229511e+00,2.911721705549816352e+00,-2.540362516900237289e+00
-7.856558102013562639e+00,4.931109253561173134e+00,3.571124712173707749e+00,-5.971807952373491268e+00
-1.265419292278609298e+01,4.589219978756034379e+00,3.623151493287721792e+00,-8.310940143933009949e+00
-1.515488815178624016e+01,1.987432234791877805e+00,2.368588108014527904e+00,-8.348675217083235012e+00
-1.493641907589063678e+01,-2.055287880528143152e+00,-1.426859145254804340e-01,-5.768910949321939263e+00
-1.253651837442018646e+01,-5.671827358170086875e+00,-3.387583277294998307e+00,-1.697497640805232022e+00
-9.016427502363050905e+00,-7.208797706343367473e+00,-6.589205867478265866e+00,1.929102983772067903e+00
-5.173147482864205671e+00,-6.354463641393839346e+00,-8.593220092880985206e+00,3.824158327662290358e+00
-1.450952716374253049e+00,-4.201303259001551993e+00,-8.013556548400066148e+00,4.058613595788185258e+00
1.499154276975992683e+00,-2.234805474002015568e+00,-4.186563279369423185e+00,3.413316903444651551e+00
2.782753379765013690e+00,-1.174922959668258216e+00,1.695630491403288476e+00,2.479581193249535520e+00
2.048556009465961836e+00,-6.893203069779978431e-01,6.633664100838380762e+00,1.465352471921085309e+00
-5.590657759990811521e-02,-1.078939527825003297e-01,7.552981332486984556e+00,3.247809754179830088e-01
-2.472066681134544641e+00,7.370222396153459643e-01,3.564474748323514408e+00,-1.257537797657692469e+00
-4.491324966448626554e+00,1.462337273671666660e+00,-3.104328712134780677e+00,-3.569020262726218196e+00
-5.757530900661774531e+00,1.822214802186307825e+00,-8.407610345183238465e+00,-6.088087914786123989e+00
-5.987341658826260016e+00,2.211213378479558234e+00,-9.165119433202715271e+00,-7.312719705576147255e+00
-5.214452197129078037e+00,3.302294564286436085e+00,-5.197587136002797870e+00,-5.992299421400030468e+00
-4.124923136645993083e+00,5.172558865577846277e+00,6.349411656175718566e-01,-2.591104562745259354e+00
-3.593299194796942597e+00,6.886114981390796252e+00,4.491558506603366752e+00,8.239234335429325151e-01
-3.785956647404816078e+00,7.052380760945760940e+00,4.164023561245838501e+00,2.211098750831881343e+00
-4.024793209252773174e+00,4.919696162149599594e+00,3.420223245275885171e-01,9.490134474517939456e-01
-3.562694305315797560e+00,1.080059993587933143e+00,-4.263720946240588283e+00,-2.059124826217924475e+00
-2.230909150773553673e+00,-2.797078754697907232e+00,-7.028950894391972959e+00,-5.087688028242916438e+00
-3.894856385260151432e-01,-5.010607802141384681e+00,-6.983364506781895464e+00,-6.451014740148718118e+00
1.339369166779169396e+00,-4.864572485660692003e+00,-4.804030772948344463e+00,-5.444063629930457004e+00
2.225093406906711646e+00,-2.926574695691579020e+00,-1.743033452916098014e+00,-2.947367711960368286e+00
1.814044055545312784e+00,-4.009717824220802029e-01,1.234864482647711093e+00,-8.267763966185625035e-01
5.081766960640076158e-01,1.746577515837688166e+00,3.480638372317970575e+00,-2.974273518710716657e-01
-4.793686185811234512e-01,3.176618337154167637e+00,4.370105395475218479e+00,-8.903593862606328235e-01
-6.623845381834639334e-02,3.937863652342274090e+00,3.480025329568422698e+00,-1.139328366616448651e+00
1.853355951998119533e+00,4.073713793743084288e+00,1.178578974220610975e+00,-5.907183017606927600e-02
4.539309259295426280e+00,3.553784200022191087e+00,-1.252526720810955174e+00,2.176747845803415515e+00
7.027168972448019524e+00,2.521000596736429955e+00,-2.497874845442023428e+00,4.559574124744764312e+00
8.390831544465392255e+00,1.437767937385430184e+00,-2.380130336227505694e+00,5.782440460119395276e+00
7.862905496988846110e+00,8.324406521259086755e-01,-2.023870418983058084e+00,4.822392455190398941e+00
5.409686668466845205e+00,8.539754946806819014e-01,-2.671040724984802939e+00,1.798577922082497338e+00
2.259189402439599981e+00,1.137298328436443962e+00,-4.309914166098341326e+00,-1.592353878204663342e+00
3.469944601078211455e-01,1.169594206933460834e+00,-5.570150195693607031e+00,-3.089148063321986104e+00
9.154253946381165630e-01,7.797553868452146153e-01,-5.046133307757663111e+00,-1.732701336750802623e+00
3.677346034781561634e+00,2.419067533241481271e-01,-2.759751470222061354e+00,1.380896099208586136e+00
7.194882490063009506e+00,-7.697924011737995731e-02,-3.642865838585342408e-01,4.219081272302046770e+00
9.749484530613024447e+00,-1.252671568183219009e-01,1.020507446254867862e-01,5.382311236713285041e+00
1.004314453071315150e+01,-2.114645418844999791e-01,-2.141365620661274782e+00,4.643128769966228475e+00
7.847683406581283272e+00,-6.493989963476829441e-01,-5.864367978571468853e+00,2.662232149325731267e+00
4.424440087181578996e+00,-1.354374840009185732e+00,-8.492631604145501001e+00,6.813107961272147906e-01
1.890075710677949328e+00,-1.775376935504511478e+00,-7.727809447280247213e+00,7.421649998045280749e-02
1.576680217717475019e+00,-1.225050667466310861e+00,-3.088412949176082556e+00,1.454943738415034993e+00
2.978958020166039944e+00,6.448426397666704446e-01,3.583933448395671295e+00,4.085464612859701639e+00
4.497291232307992104e+00,3.487968873701256634e+00,9.027077181857935173e+00,6.464895491971441643e+00
5.041100055520881362e+00,6.186034287273461274e+00,1.042986471041630558e+01,7.547971565676832917e+00
4.685692390690277875e+00,7.237579113360839145e+00,7.168587895222196416e+00,7.265712029944524808e+00
4.083403176890097797e+00,5.692278978171674275e+00,1.260056434338103104e+00,6.141143290291378953e+00
3.769233808712350253e+00,2.113024013632470499e+00,-3.856637745869793577e+00,4.883788651872897901e+00
3.995200553056342141e+00,-1.460244177789622899e+00,-5.474537412029205186e+00,4.257304739368501068e+00
4.700398300069926094e+00,-2.953483424844438598e+00,-3.284347642982915261e+00,4.684669812877613637e+00
5.446630894994653360e+00,-2.011631709542307522e+00,6.072644021554508553e-01,5.694084548392029710e+00
5.718587700146154695e+00,-3.088645019540238179e-01,3.343175971587251549e+00,6.148676370611138253e+00
5.444865581268754973e+00,5.768658116367757216e-02,3.427577820066392889e+00,5.336083454763625333e+00
4.922184203913968936e+00,-1.433530269409876379e+00,1.612851093241776557e+00,3.607293077970975759e+00
4.112559713752085067e+00,-3.331613928936408620e+00,-1.303589308235696131e-01,1.789884083987238084e+00
2.457824470090535840e+00,-3.760824722309221713e+00,-5.172528676021893590e-01,3.628577567188135955e-01
-2.475645870793954650e-01,-2.284546808127551731e+00,1.228938173599978673e-01,-4.858657292608298262e-01
-3.084020022540378658e+00,-2.627327749873145657e-01,6.397984693387223087e-01,-4.258090747615220217e-01
-4.580439851532623230e+00,4.974594848775394373e-01,4.557541334337137928e-01,7.482317727637002314e-01
-4.085670964928392657e+00,-6.010990492444944211e-01,-4.145538728279098833e-02,2.457617593586903570e+00
-2.371621777623931226e+00,-2.458296219854133824e+00,-3.210127854361183308e-01,3.478319193073852400e+00
-9.729594787153934554e-01,-3.248280755718989443e+00,-5.044392421807960547e-01,2.937090098710260389e+00
-1.111715330705977722e+00,-1.933917699667787593e+00,-1.110201787342881108e+00,1.012244368287887664e+00
-3.002703721343969789e+00,9.206154500682830477e-01,-2.186206509333127990e+00,-1.271772746070488624e+00
-5.710427075956842735e+00,3.640800626647480609e+00,-3.073020747476214787e+00,-2.669160239824111436e+00
-7.662837850046553712e+00,4.755913265261223266e+00,-3.219976688098794337e+00,-2.330597612263498597e+00
-7.784621979492420074e+00,4.028437638829152512e+00,-3.089524942922683426e+00,-4.420598724264241386e-01
-6.399845237785644514e+00,2.461136655413807439e+00,-3.941726531368128672e+00,1.539284620246781587e+00
-4.836315729135565178e+00,1.444064469506046278e+00,-6.506196624415943042e+00,1.816239140127590357e+00
-4.025464013950692532e+00,1.723108382581075793e+00,-9.850682035596932451e+00,-8.252292878354483552e-02
-3.699656549025205354e+00,2.814905430353262794e+00,-1.170759773152888883e+01,-2.679076637301482933e+00
-3.023861195286938308e+00,3.270098900908169348e+00,-1.015136098886206106e+01,-3.863394832436862547e+00
-1.665405938046920831e+00,1.816806245580344648e+00,-5.198215652180033786e+00,-2.767283723226947156e+00
-2.313649393738168719e-02,-1.315443951751181784e+00,1.071193054048524163e+00,-2.652048936312874639e-01
1.272019016451631179e+00,-4.126025393013227571e+00,5.923883249192403611e+00,2.017127274261796277e+00
1.728545396607491513e+00,-4.233286479434527294e+00,7.666453233964499958e+00,2.842418576804163433e+00
1.100607524668036463e+00,-9.440777806674975903e-01,6.333202560982368112e+00,1.848741133380878310e+00
-4.081477311243403294e-01,3.887223024556551554e+00,3.181324330645299625e+00,-4.058412766923585324e-01
-2.056692216464680811e+00,7.134409624879610945e+00,-2.382182648547563619e-01,-2.713329541601973816e+00
-3.051220040624620822e+00,6.749040125449603522e+00,-2.696466736494799399e+00,-3.956778118368492247e+00
-3.195151147570518102e+00,3.179221654652614415e+00,-3.507099175814446745e+00,-3.890260647118007231e+00
-2.844104578583886322e+00,-1.165354556464181845e+00,-2.657141627730985611e+00,-3.115166566779893564e+00
-2.283629245084219050e+00,-3.717881717922144169e+00,-9.388305118130717553e-01,-2.299062906694728348e+00
-1.506253902866143468e+00,-3.382056699377236963e+00,2.041169664152902574e-01,-1.656649021502766717e+00
-6.143686319131217433e-01,-1.021935222861919623e+00,-6.095263787594843441e-01,-1.177530124699394998e+00
8.370842494758015673e-03,1.277544350809255436e+00,-3.632692081305152865e+00,-9.444989013943966283e-01
1.624863892662425369e-01,1.652997748427676550e+00,-7.326325611778888636e+00,-1.004237821916925011e+00
1.665644740611867403e-01,-2.750353138309395429e-01,-8.898467996065045682e+00,-1.208546104741057503e+00
4.604008457745399907e-01,-3.204663677525593002e+00,-6.109622591783063328e+00,-1.426081045615635201e+00
1.078640477986542834e+00,-5.231732873338731160e+00,7.386499483427519941e-01,-1.686477695813135780e+00
1.733585390988648944e+00,-5.329786299369997593e+00,8.288503550014794996e+00,-1.902696906480768835e+00
2.169695765350520666e+00,-3.913224804685765168e+00,1.194178806269247772e+01,-1.748869579575584865e+00
2.143613468764943963e+00,-2.054863207367814582e+00,9.028959717603429525e+00,-1.166343840298254886e+00
1.312850018171031641e+00,-3.514798616393821629e-01,9.598220091755040873e-01,-7.564185063830232147e-01
-3.845576232441602071e-01,1.240281408101595151e+00,-7.533091928616013178e+00,-1.201370138150092526e+00
-2.302630300924584095e+00,2.557327422960497643e+00,-1.166952706776998738e+01,-2.372010485716586015e+00
-3.518043827279892621e+00,2.737775006979734638e+00,-9.861109856211241365e+00,-3.478634321482895864e+00
-3.837557406074334487e+00,1.092137914723843917e+00,-4.418227537674288108e+00,-4.143405509793002928e+00
-4.094638928262152255e+00,-1.558784762909594335e+00,5.210195136835363838e-01,-4.870403214944418302e+00
-5.319075896048835794e+00,-3.021855676431035587e+00,1.913052124924126574e+00,-6.300057195137600985e+00
-7.775088508867309400e+00,-1.796810229481016652e+00,-5.400836710578197364e-01,-8.362741763069323042e+00
-1.074439643259186283e+01,9.920857124663328142e-01,-4.748319292512074519e+00,-1.032298871632179704e+01
-1.286212927661405203e+01,2.213725137715612856e+00,-7.926593480358184785e+00,-1.127856945560526825e+01
-1.264826002389229131e+01,-3.058316217353548860e-01,-8.340700715565489531e+00,-1.044050247875688875e+01
-9.364258998650598187e+00,-5.382130711403155132e+00,-6.024849161517191298e+00,-7.472898580686933023e+00
-3.921930628180124057e+00,-9.143945338495157671e+00,-2.236773676335955141e+00,-3.138439959182618200e+00
1.242236523544458349e+00,-8.196973000045980839e+00,1.590415429226244903e+00,6.087086845063460760e-01
3.745153740369738582e+00,-2.357478656854993027e+00,4.376213562994522022e+00,1.818773847617670469e+00
2.944531343480564889e+00,5.255252699510505998e+00,5.171597893824912973e+00,6.731598875045662067e-02
1.174432263473725591e-01,1.044486011758230326e+01,2.979093768832227429e+00,-3.320117227195462206e+00
-2.729251551000000831e+00,1.055145584035193451e+01,-2.561258692988984009e+00,-6.388392572134446112e+00
-4.016538677476198416e+00,5.843201939720203519e+00,-9.975008911790069988e+00,-7.640712564246297411e+00
-3.067026241012023924e+00,-7.856917733723767228e-01,-1.576729944618756818e+01,-6.400446900018557983e+00
-2.725892758418340112e-01,-5.464908605582778911e+00,-1.630902140639346598e+01,-2.958949108868483613e+00
2.988313595127249922e+00,-5.543670587086563017e+00,-1.072090716656239273e+01,1.319805371122140691e+00
5.107996359700000433e+00,-1.203378891637623571e+00,-2.060269681999157054e+00,4.585902382690053791e+00
5.333237862523963813e+00,4.556713872980242996e+00,4.760104219262302649e+00,5.750765030167204195e+00
4.059752285006494432e+00,7.755101938342985335e+00,6.730395153013278176e+00,5.139554489618283206e+00
2.112128259993860890e+00,6.000397234563268789e+00,4.759532000564314025e+00,3.806474120623291491e+00
1.056837377621553248e-01,1.534282910654701654e-02,2.199859233996403152e+00,2.463749904069429952e+00
-1.443815575326391709e+00,-7.002540232336355253e+00,1.545505273944475011e+00,1.235229877424748990e+00
-2.011065490280189216e+00,-1.162022211253777826e+01,2.469650780414276880e+00,4.269656421278765490e-02
-1.582201770168780941e+00,-1.219373042762038573e+01,2.670074511477645629e+00,-1.216684636033414924e+00
-9.806139517654943738e-01,-9.235147168043960519e+00,2.946475731940335074e-01,-2.655706435035844581e+00
-1.093433630284247116e+00,-4.313466052906647086e+00,-4.314277377405648650e+00,-4.066167512731015954e+00
-1.822533388903628371e+00,1.100827166102422483e+00,-8.810817215254461487e+00,-4.692278134571306047e+00
-2.264892108913829194e+00,5.838430885244985546e+00,-1.057451030850074503e+01,-3.847079453711622854e+00
-1.928918630828281522e+00,8.651455603327788069e+00,-8.546233897176318095e+00,-1.825672789490950576e+00
-1.308827096602044326e+00,8.293703729628584043e+00,-3.809375571184502984e+00,2.128091696327507887e-01
-1.150548284924133968e+00,4.372196236056505647e+00,1.382164667580334294e+00,1.382199387541112046e+00
-1.545869904766494995e+00,-1.844666428766411848e+00,5.153043782638014214e+00,1.739883595213977285e+00
-1.905575589573591966e+00,-7.656037084332821152e+00,6.800480626461038902e+00,1.782692967533612061e+00
-1.507197908301277423e+00,-1.030839591679005629e+01,6.412973387874128406e+00,1.760497756832964722e+00
1.059695875319705688e-02,-8.674877065469416948e+00,4.106934583726251198e+00,1.683030953339182512e+00
2.218684734192030383e+00,-4.101089368294563720e+00,-8.302333343084117301e-02,1.501000906246200639e+00
3.688883891746569610e+00,2.937588596080843995e-01,-5.544598515188216226e+00,8.959478432299959882e-01
2.717065400081365656e+00,1.663590840146015104e+00,-1.058182315144500940e+01,-6.921071371311720011e-01
-1.104259974943362144e+00,-4.595104121141331821e-01,-1.298771635085552845e+01,-3.262383797550647113e+00
-6.052038445755345109e+00,-3.742864315516767348e+00,-1.151914442968491770e+01,-5.642606105080606227e+00
-9.405423226829372041e+00,-4.971830518389952047e+00,-7.018094369756477491e+00,-6.221763507208812882e+00
-9.524791817807228611e+00,-2.855566781619064187e+00,-2.042411935375687992e+00,-4.367504496691827498e+00
-6.796729091141475720e+00,8.212084364404823589e-01,8.572730276560319718e-01,-8.623199002298214122e-01
-2.879488152782335497e+00,2.881290144059930558e+00,8.733054317607747974e-01,2.938318985980863829e+00
5.857589656764535802e-01,1.783558562402207892e+00,-6.755978423009783018e-01,6.012926842826843199e+00
2.790694253275555869e+00,-8.307741362678211505e-01,-1.550326465164071577e+00,7.915077953670734523e+00
4.013755765390952135e+00,-1.591341901648272383e+00,-3.443045038040789541e-01,8.760573665450465342e+00
5.274328095052128518e+00,1.356230235382522853e+00,2.614630895594333371e+00,9.183277497690898628e+00
7.292042884502543565e+00,6.237576358946954613e+00,5.781370568346492433e+00,9.826370674099809577e+00
9.518093019833843371e+00,8.787338636943379910e+00,7.704778796262651497e+00,1.053512509222206184e+01
1.046409835917188857e+01,5.940463906186271181e+00,8.038337314566277314e+00,1.033719003962139737e+01
9.194568274597175517e+00,-1.123630403616256324e+00,7.600644091935420121e+00,8.552410757119298879e+00
6.280667350493151169e+00,-7.526194881767902523e+00,7.555311421883455836e+00,5.770565083830268449e+00
3.176110802613202111e+00,-8.591596907259575033e+00,8.309674726162214142e+00,3.504377316843290568e+00
9.899770361192669066e-01,-3.675145632389034578e+00,8.984018768684341794e+00,3.019153942701741755e+00
3.899696958794579560e-02,3.462888971719970232e+00,8.030153815374657000e+00,4.588765684912653242e+00
1.023152234311669184e-01,7.822965226031553421e+00,4.655085615617604589e+00,7.460164710456813175e+00
5.742769085063594847e-01,6.866658745385849194e+00,-1.667638704947229100e-01,1.011505125028334540e+01
5.999196246146434319e-01,1.800939536536203978e+00,-4.122896414088694783e+00,1.090949819707061330e+01
-2.917340517203838024e-01,-3.956339441502962906e+00,-5.206057585625786466e+00,9.222266934840366304e+00
-1.559082913699455064e+00,-7.350477909461633708e+00,-3.191367191811324666e+00,6.173742400333310343e+00
-2.026594271811883896e+00,-7.382129971007533875e+00,3.275924989153002898e-01,3.786649054741975995e+00
-1.007410130804058168e+00,-5.233195043130476343e+00,3.310676882322713510e+00,3.203910368276099874e+00
1.181558314402408216e+00,-3.245494576242960783e+00,4.748200727207821714e+00,3.905603790356095839e+00
3.748127581351301973e+00,-3.453450903361316993e+00,4.947960229118318232e+00,4.618265352939602941e+00
6.025446317834743049e+00,-6.251830960497297696e+00,4.599408703364614048e+00,4.556959995119457041e+00
7.495269562139718289e+00,-9.842097199771227878e+00,3.782785758172409807e+00,3.717224139631452484e+00
7.776638566355990712e+00,-1.112399169545897770e+01,1.997626642397434038e+00,2.548925911365111929e+00
6.973929758858470329e+00,-7.938879007679854105e+00,-9.121505736335995262e-01,1.735796784118116998e+00
5.736307694524032108e+00,-1.159977002578918226e+00,-4.020435682187565085e+00,1.850215332378028155e+00
4.608553162548562732e+00,5.405867560971228336e+00,-5.634556839197531808e+00,2.659077296079352948e+00
3.524057400473232793e+00,7.743969236508997156e+00,-4.493466196371020516e+00,2.988120921058248669e+00
2.258974140498492655e+00,4.827655756047372293e+00,-8.548943025843356303e-01,1.879182656286580988e+00
1.144576141247874768e+00,-6.420734167506998435e-01,3.476346483415968969e+00,-9.233158181090625471e-02
8.540308966167381444e-01,-4.619593404399708447e+00,6.301206668293509061e+00,-1.122999443645053441e+00
1.537917203155616752e+00,-4.881949297479288852e+00,6.517392561734357770e+00,7.249666072866756128e-02
2.602985412240563345e+00,-2.163663354724342458e+00,4.782928552530469446e+00,3.087194965921219225e+00
3.379053654484187597e+00,1.196577209899678973e+00,2.823250578966045143e+00,6.321457419050000581e+00
3.620750487178913790e+00,3.227397868497704714e+00,1.941006304548670514e+00,8.195111561784505838e+00
3.304263034823157863e+00,3.143662203976157254e+00,1.932606629564193934e+00,7.836331297465432222e+00
2.390379323750298823e+00,1.038370043737226744e+00,1.323217514228689273e+00,5.238118236886277757e+00
1.040007827209036506e+00,-2.457170742152256171e+00,-1.194068221093013804e+00,1.285979407933661722e+00
-2.442445073358681662e-01,-6.120213933637995041e+00,-5.284369139279197825e+00,-2.542988099432756943e+00
-9.792607866535473216e-01,-8.338677232024311436e+00,-8.839108475113977903e+00,-4.952437519519495623e+00
-1.050190914644095974e+00,-8.017523377548545938e+00,-9.497286610798864714e+00,-5.434133250832148931e+00
-5.551792581332106735e-01,-5.459382627261335941e+00,-6.560290895754950391e+00,-4.176466861852939694e+00
4.302615154629116923e-01,-2.144589646628690005e+00,-1.561095690274384440e+00,-1.736013487983940173e+00
1.703127593927484140e+00,4.987129963646196873e-01,2.974369963576505516e+00,9.670938186318133178e-01
2.829843868944092122e+00,2.074827911374970579e+00,5.323584297194986270e+00,2.762486986257403299e+00
3.556837948090455281e+00,3.049641813100720800e+00,5.370528455525117373e+00,2.998327385135967749e+00
4.146988603019311270e+00,3.862860362959720906e+00,4.088869045107059286e+00,2.254818541509970409e+00
4.901423217783854369e+00,4.380009841671855142e+00,2.554421413943112285e+00,1.861616559307099905e+00
5.443806999520505840e+00,4.103888665822110760e+00,1.352862799270447391e+00,2.564479422291799704e+00
4.947283386132359517e+00,2.684682724195144754e+00,5.747979523365512877e-01,3.896723794682681596e+00
3.144792595332319252e+00,1.729956351258021829e-01,1.348597265996862582e-01,4.825610397716928013e+00
7.411495718685431333e-01,-3.000667589247972611e+00,6.041119224195223847e-02,4.641704018724406744e+00
-1.282564975702729093e+00,-6.032997484248685538e+00,4.529697095658287709e-01,3.207213111774998460e+00
-2.456775909181534878e+00,-7.749920942748631525e+00,1.130944008236694609e+00,8.708234415242882553e-01
-2.864679171504898481e+00,-6.948707571856650667e+00,1.445443425442680674e+00,-1.559597962505554047e+00
-2.837108538793700063e+00,-3.166188246430973408e+00,7.503474577936701806e-01,-3.135943764274341294e+00
-2.827898088246088459e+00,2.663012198129830477e+00,-7.904487491487606210e-01,-3.469459643471017429e+00
-3.207091236467238815e+00,8.346003899895739764e+00,-2.022841828978254153e+00,-2.985930072198830221e+00
-3.838188719005255489e+00,1.144545659141906668e+01,-1.684365215849148223e+00,-2.292662382569445434e+00
-4.119696015979722681e+00,1.051666814815292206e+01,4.143610406605180430e-01,-1.573040814514149011e+00
-3.781584781415358254e+00,5.815097266954635913e+00,3.063526360997122389e+00,-8.867371505782110086e-01
-3.399124026120819764e+00,-7.873335155771234994e-01,4.489248855959465878e+00,-6.752566316361779952e-01
-3.686244327706993840e+00,-6.498821002385462897e+00,3.621008207821465152e+00,-1.338314308196206559e+00
-4.403142772196749100e+00,-8.705958468552930540e+00,8.471707035184099510e-01,-2.378528002406362418e+00
-4.439258990676993477e+00,-6.257021520005655368e+00,-2.211149307377395345e+00,-2.622620294651022643e+00
-3.037821370982152658e+00,-3.368808928112227985e-01,-3.796245183617570795e+00,-1.534177127976015020e+00
-5.997508754326670299e-01,5.920617492508217339e+00,-3.338984033844172306e+00,1.246137573175260249e-01
1.743571365113354199e+00,9.241070497315568844e+00,-1.998149373906864312e+00,1.216757071886448216e+00
2.975880119280319924e+00,8.249238713744933449e+00,-1.722661815663472984e+00,1.485117091960330704e+00
2.591341282159998816e+00,4.087914473911141044e+00,-3.368008239282403782e+00,1.587655502136111396e+00
7.130600973969487555e-01,-7.866200192271187719e-01,-5.515248344172038131e+00,2.162941692837597962e+00
-1.796496359289123879e+00,-4.335475177135421632e+00,-5.314171990864415385e+00,3.232584767948227356e+00
-3.660339617288930647e+00,-5.688697392657092955e+00,-9.235495778547427870e-01,4.369899277480946864e+00
-4.097675897756830388e+00,-4.795405826537161964e+00,6.482083338404223127e+00,5.082583842610678637e+00
-3.416029044601648579e+00,-1.983411033051294403e+00,1.305160670527638977e+01,5.075733297429871449e+00
-2.508404315066721679e+00,1.953178334456644905e+00,1.494455328235787483e+01,4.451640045303650872e+00
-1.885604429314768682e+00,5.595455722739959725e+00,1.127053477935274373e+01,3.653161102869339150e+00
-1.400998003069391151e+00,7.358674739268916021e+00,4.838953177122728988e+00,2.990960083656685420e+00
-7.237504434901987915e-01,6.459767007525261562e+00,8.760626185632744423e-02,2.310980958499685212e+00
2.593874482601141174e-01,3.529739936574236125e+00,-1.245946421351093181e-01,1.406667807545346038e+00
1.407506876586246181e+00,1.755289553568204208e-01,3.589914791806631644e+00,6.387775930492178844e-01
2.326656561069273099e+00,-2.225213656546334740e+00,7.805667687392482179e+00,6.957595390634772059e-01
2.468830700599387917e+00,-3.374387103763070606e+00,8.832106684942996111e+00,1.669247287006585534e+00
1.673535079620527499e+00,-3.735558232134657874e+00,5.349224947656728624e+00,2.783174900140136465e+00
7.088903074979718832e-01,-3.555517473817745966e+00,-5.855537287613966635e-01,3.232679215880693846e+00
8.646189024069204088e-01,-2.538877835155935792e+00,-4.840981034791441040e+00,3.001260054760760632e+00
2.746091162325346779e+00,-6.313175824578456385e-01,-4.059053144984940964e+00,2.704277144009596956e+00
5.644215598897515562e+00,1.181214519768885918e+00,1.831488447554423304e+00,2.929353884593368207e+00
8.162353520761080006e+00,1.357865515088790165e+00,9.268793870548416081e+00,3.840994405130400580e+00
9.170461049160948619e+00,-6.482557980898761008e-01,1.330495923031560146e+01,4.983493622820211577e+00
8.137765816084073123e+00,-3.420420246034152179e+00,1.098268254481168960e+01,5.210053414894841417e+00
5.208482201323275440e+00,-4.412952852409768312e+00,3.457060546729384676e+00,3.367809139704480703e+00
1.541666237456143618e+00,-1.997535097143900540e+00,-4.687193612654212416e+00,-2.644919971447796114e-01
-7.771964089877190229e-01,3.102015614353378137e+00,-8.478570049654809537e+00,-3.416623461746641777e+00
-2.935854143142929695e-02,8.226596183543771090e+00,-5.836227081975139619e+00,-3.467173150352766964e+00
3.573827009810776278e+00,1.062920760780228058e+01,1.186606243548822937e+00,6.057183687664383781e-02
7.841954833066179020e+00,9.236562992313098519e+00,7.951914319841570489e+00,4.897854682745754751e+00
1.025152655719778849e+01,5.080948960959885241e+00,1.032472789963503779e+01,7.969498950299430007e+00
9.628116027098336360e+00,3.025322410508577420e-01,7.118292241339601034e+00,7.708072265238835818e+00
6.577134012160585463e+00,-3.347735318581656294e+00,4.770712499743880453e-01,4.701599762109048619e+00
2.914421250158107490e+00,-5.363324591969951705e+00,-5.674584467801943255e+00,8.595663218137415962e-01
7.513397958226807338e-01,-6.244739383871196203e+00,-7.951885300951634150e+00,-1.716833217971525327e+00
1.389971929342472601e+00,-6.668106837039656121e+00,-5.303073420325335796e+00,-1.723917483097182402e+00
4.393905833485021617e+00,-6.883922329463582734e+00,5.947943855278040592e-01,5.748930239293232880e-01
7.737708684087155397e+00,-6.687435033878582402e+00,6.503047256844998181e+00,3.407121213783233404e+00
9.230503173691827712e+00,-5.702845229218887368e+00,9.642160201379798679e+00,4.719054026153102654e+00
7.990804659649266561e+00,-3.649115778096813312e+00,9.256838308710690910e+00,3.629768951458185899e+00
4.730372426647849515e+00,-5.504612195248684836e-01,6.674033554604780427e+00,8.193731290728946126e-01
1.051637612114092013e+00,3.055739062153064456e+00,3.921449212516711302e+00,-2.194898182092659411e+00
-1.309150205097090458e+00,6.102915602256168803e+00,2.133129906273748766e+00,-3.973036331466892612e+00
-1.105465029459853143e+00,7.440035960719624697e+00,1.110230050283026459e+00,-3.794378004355462242e+00
1.676342400972476776e+00,6.579981303899680611e+00,2.614606756070652627e-01,-2.099335992798145423e+00
5.469463590306300915e+00,4.102782047695531453e+00,-2.501861265850365834e-01,-3.874891932583313658e-01
7.982973749789374907e+00,1.223343493490832268e+00,4.688268085168241228e-01,-1.583429991098350698e-01
7.789961135281378901e+00,-1.158989068081857310e+00,2.759537933027638612e+00,-1.653491419059634371e+00
5.126087585986461193e+00,-2.993265244705396011e+00,5.277893647778513220e+00,-3.815261296248156686e+00
1.319911861586076318e+00,-4.614192723011487196e+00,5.531145595246933055e+00,-5.503302328115547759e+00
-2.179301689160875188e+00,-5.819827128102404323e+00,2.017922952605682330e+00,-6.413017798445876494e+00
-4.297708568715908228e+00,-5.661113003859052917e+00,-3.917299481359549418e+00,-6.761767496966971436e+00
-4.589366000055395745e+00,-3.359131904428583226e+00,-8.517734300704203676e+00,-6.618769019007193499e+00
-3.530851341697823553e+00,6.070106066680288626e-01,-8.343520190445229190e+00,-5.938591144283382306e+00
-2.350455397903812305e+00,4.487234542546187477e+00,-3.052074475722342140e+00,-4.958579540880737824e+00
-2.121304265385136834e+00,6.405134556476832053e+00,4.218582078745495956e+00,-4.142262843005760864e+00
-2.973485063695789243e+00,5.584028846226611442e+00,9.183429906552655453e+00,-3.824898082788168008e+00
-4.267911300619128490e+00,2.673890032196975408e+00,9.410442125904250332e+00,-4.135604284388434415e+00
-5.266924341062570569e+00,-8.597667431077549161e-01,5.583587994438162561e+00,-5.007766407587517676e+00
-5.393716529006822746e+00,-3.666371710142204865e+00,4.094853274087863482e-01,-5.909859290963187739e+00
-4.239130340102814642e+00,-5.154615460350439271e+00,-3.471033565017910938e+00,-5.858560042095548148e+00
-1.983926324688135789e+00,-5.561686369014096520e+00,-4.826410146981383598e+00,-4.343701193859457632e+00
1.695732808932053914e-01,-5.489732647066688287e+00,-3.854546694121979478e+00,-2.288284829330589520e+00
6.104205278616910979e-01,-5.281923248973759755e+00,-1.538985647176762894e+00,-1.510423559511375302e+00
-1.264422609117292096e+00,-4.773903900374020459e+00,8.438514024856946794e-01,-2.935968039438771271e+00
-4.425285755442365243e+00,-3.654749296684394189e+00,1.976090236650698495e+00,-5.635272740247124545e+00
-7.121406036071871171e+00,-2.042639949344029482e+00,9.329332338863051133e-01,-7.792755260013981555e+00
-8.216285925739660101e+00,-5.932664631993468385e-01,-2.116246784249415924e+00,-8.312994623746064349e+00
-7.661255753052356177e+00,5.850639816106548152e-02,-5.545932960886553076e+00,-7.348972723912665650e+00
-6.186619103118674801e+00,-6.043723331054484671e-02,-6.927461587741437832e+00,-5.761503864443121792e+00
-4.866542738606137064e+00,-2.797491037436412031e-01,-4.577336939682264294e+00,-4.495107606902731590e+00
-4.587359121305693677e+00,1.437628326898931184e-02,1.041830817274109311e+00,-4.113607993619060821e+00
-5.358940581180601015e+00,7.408602745424238689e-01,7.240002692531103179e+00,-4.295519653374568314e+00
-6.150766587415993136e+00,1.197156953976845628e+00,1.063032471465834128e+01,-3.809811301049097931e+00
-5.770771938009062296e+00,7.238414424946674197e-01,9.330378816713711387e+00,-1.543020976828861190e+00
-3.952770096617840956e+00,-6.661088817295907072e-01,4.282993098039823643e+00,2.253376044481121721e+00
-1.402114834230244300e+00,-2.153019635501659756e+00,-1.306146536479547482e+00,5.995134734666921261e+00
1.052052379558140682e+00,-2.534739172565532161e+00,-4.069056082292663135e+00,8.089885813514552382e+00
2.964504465417624690e+00,-1.037223993153618684e+00,-2.645984000218603693e+00,8.010905968079830686e+00
4.060841617246298441e+00,1.885450780728289866e+00,1.573146032226893976e+00,6.208167051835631334e+00
4.114982091920210472e+00,4.433839223275912289e+00,5.573644051701146296e+00,3.527909142828340450e+00
3.287364977108929054e+00,4.517466631069543936e+00,6.810280549527560012e+00,9.173693053845181078e-01
2.223901651355935094e+00,1.487229892345311333e+00,4.755907538097079446e+00,-7.960510227684629569e-01
1.518885848177115472e+00,-2.931795826528727389e+00,9.275129966416703065e-01,-1.320122692571239709e+00
1.235393667581753174e+00,-5.634336550230987228e+00,-2.373086172229735613e+00,-1.020186154188729377e+00
1.079926790363956890e+00,-4.451935650232177188e+00,-3.515837621661725976e+00,-4.406057359189022304e-01
7.858747405242016981e-01,1.841496137907212838e-01,-2.258436118520754654e+00,1.048533634289918470e-01
1.603858205701917394e-01,5.648189020592193188e+00,4.171045165284686385e-01,2.987214829741866584e-01
-9.014693267237920971e-01,9.070261868968334085e+00,2.907081141501512089e+00,-4.481237213176404444e-01
-2.104151594676416881e+00,9.066306903981018905e+00,3.651007835235034360e+00,-2.525563988502907975e+00
-2.688832059242841410e+00,6.083562633844358913e+00,1.798344507373605516e+00,-5.444305234687005779e+00
-2.107101406651554321e+00,1.685906841430977021e+00,-2.211091705168205301e+00,-8.026597506449444808e+00
-7.008201455506085642e-01,-2.246194651983597801e+00,-6.580607568874311752e+00,-9.318963220640069878e+00
6.035161750343540632e-01,-4.037028395369998357e+00,-9.020839473145869647e+00,-9.095059932145145964e+00
1.194067999886769371e+00,-2.782506898756004432e+00,-8.235536737715836608e+00,-7.622136378733037176e+00
1.044549147418342816e+00,9.807487287576123203e-01,-4.897500634825962429e+00,-5.407614685157198231e+00
2.322875601114544331e-01,5.148447014461358329e+00,-1.124239807457483531e+00,-3.196205087991574434e+00
-1.270445208255917224e+00,7.025994554255449387e+00,1.236564661300378676e+00,-1.693923309548155398e+00
-3.194938185356744675e+00,4.983753550441165636e+00,1.961738025928105644e+00,-1.034926207000097076e+00
-4.820031465147019745e+00,-4.056449238060758078e-01,2.184750935761468948e+00,-8.275727284183954646e-01
-5.488236375084838414e+00,-6.614836599474172019e+00,2.917376021272624076e+00,-8.790478344556411638e-01
-5.011719468585098980e+00,-1.060521942774729887e+01,3.993531203590868106e+00,-1.446079013115977974e+00
-3.424054254582304502e+00,-1.051163610051314912e+01,4.467615164675456718e+00,-2.464530984356481991e+00
-7.871967111287042629e-01,-6.621712535426257595e+00,3.846229425033067084e+00,-3.001315176737127111e+00
2.321351583573690203e+00,-1.184062213801782004e+00,2.695636458928914791e+00,-2.133536599826760582e+00
4.448303613977964588e+00,2.857195253787450095e+00,1.956177248248155420e+00,-3.155736495938845643e-01
4.076291825040621042e+00,3.548235579169874310e+00,1.766981632973598781e+00,6.840966655996120194e-01
1.002212249484254247e+00,1.015948657755416429e+00,1.190971404002882483e+00,-6.120786753342727371e-01
-3.323434536054250543e+00,-2.783219059303597920e+00,-6.970921161199654659e-01,-4.057743155608244834e+00
-6.847710278877616297e+00,-5.463003516194071096e+00,-3.419161143901688682e+00,-8.039749911161626628e+00
-8.148479201111818782e+00,-5.711039723792104006e+00,-4.990530722408225373e+00,-1.056589675777056314e+01
-6.936947747368964023e+00,-3.892588085682451293e+00,-3.549442405769154263e+00,-1.033714130058343272e+01
-4.051368208778583835e+00,-1.568064590736642394e+00,6.566733040642513952e-01,-7.524908035719804822e+00
-1.182703929088463557e+00,-4.715957932309366996e-01,4.929210692899899549e+00,-3.945885885175204777e+00
-4.523120994619932167e-02,-1.588475684871891280e+00,6.022471655741111540e+00,-2.057781043311380564e+00
-1.226944820609259246e+00,-4.663137982082865562e+00,2.752160317089447972e+00,-3.168381292844433705e+00
-3.824198311885201651e+00,-8.252735553870669705e+00,-2.985076512757880884e+00,-6.502146305973412588e+00
-6.355687673793146253e+00,-1.036208455965930497e+01,-7.689203316940735000e+00,-1.008584025192081235e+01
-7.938710052850812993e+00,-9.483114525431510344e+00,-8.937213565247972724e+00,-1.236025824172591037e+01
-8.567507770007376067e+00,-5.517793634004768855e+00,-6.978646803930578457e+00,-1.285934862750838192e+01
-8.669169540821290099e+00,2.725859987940068563e-02,-4.055971117188190256e+00,-1.182739897981412902e+01
-8.734673291023518971e+00,4.783651712476805429e+00,-2.352122761050593702e+00,-9.768782535430670322e+00
-9.066099499792093397e+00,6.786301414804697174e+00,-2.487767837702545837e+00,-7.277248441015090386e+00
-9.347926893455637654e+00,5.490144309513337539e+00,-3.580094364987378874e+00,-4.776002605352211994e+00
-8.561582024815180603e+00,1.934442355188317864e+00,-4.279869024747172901e+00,-2.331421378488181428e+00
-5.909947553786974339e+00,-1.972853372186028631e+00,-3.651238576510439593e+00,-7.097796663884811674e-02
-2.021767432145115784e+00,-4.501969420495325558e+00,-1.463317772407980222e+00,1.233388165730486596e+00
1.124005230208101835e+00,-4.832225256930613888e+00,1.766823723102875610e+00,5.220618274907745660e-01
1.709210925500669553e+00,-3.244318366493549988e+00,4.731331320312327726e+00,-2.369720153174979416e+00
-5.860583274020871869e-01,-9.507591642618897776e-01,5.625375477445642147e+00,-6.224500934115544837e+00
-4.610529715830880448e+00,3.276684012494534559e-01,3.153023717612534860e+00,-9.365980606948820508e+00
-8.602034673442309654e+00,-8.568116642793289772e-01,-2.195982997736586562e+00,-1.080503765556201401e+01
-1.094328009127164414e+01,-4.679014020881480995e+00,-7.796953740059795024e+00,-1.037425511123958088e+01
-1.078033093077676874e+01,-9.515166037036806301e+00,-1.026185534840109170e+01,-8.305213852485847426e+00
-8.590298446513894959e+00,-1.261999053800851911e+01,-7.834365928891798170e+00,-5.235833048080886343e+00
-6.023859392282892244e+00,-1.187104784950058267e+01,-1.925436301489187096e+00,-2.356936184005915980e+00
-4.672381197552312848e+00,-7.377861222319932466e+00,3.624173580228146285e+00,-8.461606756148994934e-01
-4.859338515671277392e+00,-1.574627885484008116e+00,5.093673550683396556e+00,-9.754078492889752816e-01
-5.756478845121486110e+00,2.498365867464466650e+00,1.298732344038080244e+00,-2.058297645647349405e+00
-6.460528592200676101e+00,3.454483757368810082e+00,-5.761127425473369534e+00,-3.247271013086355129e+00
-6.610103324308248318e+00,2.461475226668634164e+00,-1.212353915305076946e+01,-4.045712811901193362e+00
-6.160324877601977001e+00,1.970053005610780339e+00,-1.397327190696554133e+01,-4.152705992907245403e+00
-5.167623137771492736e+00,3.407594488588824522e+00,-9.674335837637773494e+00,-3.435836788342435444e+00
-3.962484609426355053e+00,5.891980035733453747e+00,-9.818806993661529647e-01,-2.334731017725117930e+00
-3.098180169908491433e+00,6.978466911814552809e+00,7.434096861592678351e+00,-1.854266118247472006e+00
-2.838456639270877435e+00,4.603126261196352154e+00,1.059088690549468481e+01,-2.726295793706917880e+00
-2.891954448316658155e+00,-1.394405425150885058e+00,6.677481458617186227e+00,-4.676635979335857840e+00
-2.787225798138377897e+00,-9.039368282758836415e+00,-1.289873907632330008e+00,-6.676170446345699006e+00
-2.271395015642494464e+00,-1.506070138748271958e+01,-7.423425967212493148e+00,-7.699842203378736372e+00
-1.265994919575740951e+00,-1.625924579195463693e+01,-7.298606528644786096e+00,-7.161058969365109661e+00
1.343869699212787150e-01,-1.108219797161393139e+01,-1.245369187673136979e+00,-5.139940274354320771e+00
1.303910573522317762e+00,-9.229150651952254814e-01,6.017564462068553333e+00,-2.719097515168636736e+00
1.121968918302894691e+00,9.870129592100610694e+00,9.030771070954495272e+00,-1.790150347839696510e+00
-1.038747267825946397e+00,1.604574970873817108e+01,5.606756140148702272e+00,-3.743911119808652543e+00
-4.370886191536526688e+00,1.472383700480301094e+01,-1.847770823830863440e+00,-8.069964066157782057e+00
-7.098310939599099534e+00,7.477923992453998636e+00,-8.509125048349428511e+00,-1.253191644803243321e+01
-7.977565990706968257e+00,-6.886551864250892718e-01,-1.082418283607527165e+01,-1.485557678429541184e+01
-7.134312093053815751e+00,-4.877346603623197829e+00,-8.683327322081186850e+00,-1.414510412640996861e+01
-5.527499240722924867e+00,-3.611302617279918525e+00,-4.640776970712098937e+00,-1.091987779714181883e+01
-3.994640950726301654e+00,5.445740380853631990e-01,-1.398156439548008168e+00,-6.405356870349819154e+00
-2.835712232013563483e+00,3.323477781544961207e+00,3.942148319993500627e-02,-1.967275506847840916e+00
-1.847734953313089123e+00,2.114040182039065296e+00,2.847130431794231975e-01,1.319318567396142949e+00
-5.218529678991176146e-01,-2.204167972228080696e+00,3.006617132604083031e-01,3.081478202948709999e+00
1.465085395643982435e+00,-6.191788585913323040e+00,4.396187812731595090e-01,3.612582339787554275e+00
3.681517913431741285e+00,-6.612147406718201559e+00,4.566405511788241278e-01,3.315604603474522349e+00
5.107230264210468107e+00,-2.741899544284462031e+00,4.076891127562305706e-02,2.404591532281930899e+00
5.142321242722865726e+00,3.440934988118641957e+00,-8.411836380397168522e-01,1.256195019094856979e+00
4.270249042980577947e+00,8.949345947496668785e+00,-1.989008016260965572e+00,6.010536807092577982e-01
3.492327758598634091e+00,1.175816690916948026e+01,-3.143393055567445415e+00,9.042050058628402498e-01
3.332953507888734457e+00,1.166070616310422636e+01,-4.021233384396697197e+00,1.748969996665636240e+00
3.672747740739543687e+00,9.737734034648040549e+00,-4.218057213179227993e+00,2.289804175832350186e+00
4.253570387066638148e+00,7.115164383246121993e+00,-3.227325687099000806e+00,2.244410604573131351e+00
4.822383590941578646e+00,4.069151438310188773e+00,-7.872739277837506044e-01,2.023331620837574452e+00
4.866414528124693994e+00,2.563482126708950259e-01,2.606064786650135634e+00,1.932634364693276652e+00
3.811636158934122331e+00,-4.157789211858822220e+00,5.558931807218306709e+00,1.763159593529469715e+00
1.730702213010422819e+00,-7.750075559103281719e+00,6.438691447984210114e+00,1.304873717034409575e+00
-4.699291498871490114e-01,-8.568823046162918899e+00,4.570841978362378377e+00,8.069195859091561340e-01
-1.791502071270896890e+00,-5.873786663303707023e+00,1.032962035673260726e+00,6.347474544681915853e-01
-1.918975780450922874e+00,-1.148114968292696103e+00,-1.826423794876049556e+00,7.534169945508600863e-01
-1.270087524519237121e+00,2.759657169965190171e+00,-2.052027331589825643e+00,8.050256093777349298e-01
-6.607558621422437994e-01,3.675048121626514508e+00,2.927216417243072577e-01,4.677421891393755415e-01
-1.034634790072752830e+00,1.591840972145595723e+00,2.994129511763805152e+00,-4.527723611619243749e-01
-2.984004430768801175e+00,-1.461924112118804242e+00,3.411490729372379516e+00,-1.945933461171433176e+00
-6.030431301136907507e+00,-2.912348921704208671e+00,7.626428709245988147e-01,-3.462962477441948295e+00
-8.586264680249026782e+00,-1.376929510711317750e+00,-3.027696054773021839e+00,-3.960580270602993558e+00
-9.129736179210453884e+00,2.463568030411309451e+00,-4.813242784645534122e+00,-2.805726535843220848e+00
-7.487880777652216047e+00,6.385046235608477616e+00,-2.872235848765898325e+00,-6.050992487213360249e-01
-4.782793547925069610e+00,8.136500372598002073e+00,1.564285618194970917e+00,1.277735606739424767e+00
-2.277090573989827949e+00,6.859494447003307904e+00,5.228847281741846764e+00,2.066227849648206050e+00
-5.610111965633218789e-01,3.484586006468760377e+00,5.376186513426426394e+00,2.130938882928632871e+00
3.610083462101297269e-01,4.435017765236018428e-02,1.833699518835993247e+00,2.268467193930062464e+00
7.517225787738625042e-01,-1.510630773671422178e+00,-3.040201828507508974e+00,2.844306323854309149e+00
9.701996847139165991e-01,-4.056644658124116121e-01,-6.250087518054809443e+00,3.686448399345279014e+00
1.126857351904364979e+00,2.390652086062938331e+00,-6.253630061066115964e+00,4.348576494055197195e+00
7.367959526552663174e-01,4.577280104646821890e+00,-3.674295578191726364e+00,4.291575945704553696e+00
-8.398259222010500125e-01,4.021523053365516631e+00,-3.638757640828013673e-01,3.259439096122940693e+00
-3.335840089792509122e+00,4.791898724530868625e-01,2.122537519096562963e+00,1.809475896080381840e+00
-5.338805841516658823e+00,-3.970651681798945898e+00,3.290060401097747000e+00,1.115388069487905032e+00
-5.522719038767397670e+00,-6.394183782321691822e+00,3.301050634399303352e+00,1.815695167941165256e+00
-3.936512367914020594e+00,-5.177866400822416892e+00,2.233777380912756350e+00,3.257639236063235355e+00
-1.759067015780076515e+00,-1.004053672451747481e+00,5.369493016831355936e-02,4.269939975728699544e+00
1.145981986812705244e-03,3.996000598892494260e+00,-2.694234160499411335e+00,4.494084564828825457e+00
1.169808587643816455e+00,7.767106488203010528e+00,-4.539724887706090506e+00,4.496568953096746313e+00
1.968245658443593227e+00,9.115797850898207599e+00,-3.916963449992215018e+00,4.699455485697462187e+00
2.468287944516005528e+00,7.591149528715648742e+00,-6.334749471800068532e-01,4.783554247000814108e+00
2.570993025117642716e+00,3.350639692827948046e+00,3.489394252608200908e+00,4.258426666332177923e+00
2.140564655511060455e+00,-2.465357449174137017e+00,5.650916946188732304e+00,3.147024963091182403e+00
1.064400508184540461e+00,-7.481098658424481407e+00,4.062511607348472609e+00,1.902185806428650316e+00
-4.700607373751484186e-01,-8.944275828718730281e+00,-7.219923917566255511e-01,1.009170628386045987e+00
-1.662038076202695169e+00,-5.600915106467683202e+00,-6.151326553536205388e+00,8.613788212717125026e-01
-1.477424101495782738e+00,9.518670043523267399e-01,-9.296027674284449205e+00,1.642571413520021117e+00
3.657763370373637302e-01,7.028568614113268609e+00,-8.467144905222774298e+00,3.016029125333746119e+00
2.992556876322226334e+00,9.525219134127523191e+00,-3.864376655154799778e+00,4.192690318175852582e+00
5.137114663819321692e+00,8.277768545312955695e+00,2.782118218511816732e+00,4.634328732514156002e+00
6.142759144602651489e+00,5.918797314904188589e+00,9.039681234076308414e+00,4.557411470295926748e+00
6.167973627358554367e+00,5.353756377535464850e+00,1.266298200850173217e+01,4.573807070532278196e+00
5.833549033269655126e+00,7.232517754062373960e+00,1.242834091095341620e+01,5.103262249368945014e+00
5.924557869457965253e+00,9.636676848942833828e+00,8.710801301160584487e+00,6.341063846476440169e+00
6.961323439007028213e+00,9.975619383803792317e+00,3.390367572092425785e+00,8.330835155174691309e+00
8.474719734246873415e+00,7.215421409184460622e+00,-1.077811538863951757e+00,1.048174180214789786e+01
8.914696381369431322e+00,2.652862309096161830e+00,-2.959050132868393135e+00,1.127880414423787059e+01
6.970304365071386066e+00,-1.120545517838895444e+00,-2.111183591585917174e+00,9.322603691168183104e+00
3.135449849842342207e+00,-2.117101063918620962e+00,4.586732766997786426e-02,4.951683321046026265e+00
-4.680613805517926385e-01,-3.372446638918407125e-01,1.410153150805975697e+00,3.704797313310826956e-01
-1.962111323220426362e+00,2.311086257331670168e+00,4.884303662813108682e-01,-2.127055171176257531e+00
-1.085368167180391641e+00,3.480501250137624680e+00,-2.602399380284848629e+00,-1.823613837992395625e+00
1.236542021612217379e+00,2.100391460948499933e+00,-6.134631369332129047e+00,5.051589241009007969e-01
3.988944960131104889e+00,-1.010370072113424333e+00,-7.916418619962665382e+00,3.667843652947100352e+00
6.367098589825432420e+00,-4.001560233828405977e+00,-6.809043905226086935e+00,6.615990498252724450e+00
7.588276063440997810e+00,-5.388790458568561093e+00,-3.441765110054251675e+00,8.462742750438021488e+00
7.217770787598142057e+00,-4.766698013428258385e+00,3.809661202025541038e-01,8.771840578709563019e+00
5.725555946958057696e+00,-2.536043951745563074e+00,2.944190460088371708e+00,7.935267044359764377e+00
4.252808739372325064e+00,6.696504628895181277e-01,3.462866055409082211e+00,6.839600114455688384e+00
3.665517260174915304e+00,4.150067634183242760e+00,2.049736761520142281e+00,6.041503066711610082e+00
3.980489900920002988e+00,6.923126012735600021e+00,-6.964242409111385257e-01,5.481287114692902307e+00
4.626504084904505376e+00,7.727796792307661811e+00,-3.859362675988931901e+00,4.922853157713857897e+00
5.003562822102633589e+00,5.684475417024293264e+00,-6.205706190305235737e+00,4.324486753161234986e+00
4.883316486754396557e+00,1.282772481431897482e+00,-6.544084095072901341e+00,3.800895995283037010e+00
4.633121932429359546e+00,-3.310616718241027101e+00,-4.494144221836951836e+00,3.620438921390318754e+00
5.047066962459537010e+00,-5.337674485137405611e+00,-9.693935865062313084e-01,4.278747069741997144e+00
6.535170741602069455e+00,-3.341033668455854144e+00,2.267868276394447324e+00,6.088604669271195924e+00
8.333017590588957191e+00,1.722385113790263489e+00,3.746107903720137688e+00,8.456741746348242827e+00
8.897670984305786845e+00,7.137985811720994889e+00,3.204945886372488673e+00,9.977482213792384869e+00
7.391579169069411925e+00,1.021642291151217918e+01,1.599795810092224491e+00,9.662556091543114789e+00
4.608923498943438446e+00,9.730099197438500269e+00,2.623252961034601149e-01,7.956617252211324320e+00
2.255497150034323273e+00,6.248149755017760043e+00,-1.293445002031036739e-01,6.308411215560195906e+00
1.502109903109263733e+00,1.665595511436410270e+00,-3.188751040828611411e-02,5.904955022379628993e+00
2.358987550771206809e+00,-1.629735779026110887e+00,-5.762967888850013543e-01,6.981087243295453604e+00
4.079127928568648365e+00,-1.853693525740451875e+00,-2.433686958032007297e+00,8.991918375702173449e+00
5.766617388002270417e+00,1.090107682562604374e+00,-4.938566776253268564e+00,1.099469920602901851e+01
6.818493727861828724e+00,5.327236077632893085e+00,-6.406947197016981121e+00,1.205701849536649028e+01
7.305065562031504811e+00,8.108953693625537085e+00,-5.583443257123573034e+00,1.190576536933535046e+01
7.957771638618819310e+00,7.738273662842441780e+00,-2.923851265641423058e+00,1.134158590194463834e+01
9.400827721132637649e+00,4.853000804256256018e+00,-3.719715460221764691e-01,1.164845950088953508e+01
1.134141383503323652e+01,1.965098744280108223e+00,2.892922220646120812e-01,1.341016301902436325e+01
1.286718550021023511e+01,1.561743980739281001e+00,-1.002882264710125870e+00,1.610044482699041879e+01
1.359989835314991247e+01,4.208130092197487571e+00,-2.548905257840249572e+00,1.882373280145157679e+01
1.415770503491396504e+01,8.038626577559369935e+00,-2.356976716667563920e+00,2.107098079258028989e+01
1.529808878906996128e+01,1.000791752892121700e+01,1.622277813767232235e-01,2.263317356023115323e+01
1.691139907321868563e+01,8.090038199271008423e+00,3.632478301665425846e+00,2.322051639770798204e+01
1.806075059303388386e+01,2.920128074314839228e+00,5.655135038484199406e+00,2.253887745103053319e+01
1.782390813769752214e+01,-2.384584138964619626e+00,4.510446726800486417e+00,2.061437767063607751e+01
1.611666016252688394e+01,-4.261803663338430859e+00,4.225260490015652071e-01,1.796472125451102286e+01
1.420668935539628386e+01,-1.186787987380740095e+00,-4.408153627588287549e+00,1.581875630514291942e+01
1.459261322060875621e+01,5.257479787147692818e+00,-7.016103918887726110e+00,1.624946074189681866e+01
1.947569611919949040e+01,1.151468763654300176e+01,-5.477450256890104896e+00,2.113772151219174233e+01
2.810332014387249444e+01,1.446375118894094314e+01,-3.042423642164259756e-01,2.971958583331602100e+01
3.540670824191280985e+01,1.324196372959256429e+01,5.543057826717364023e+00,3.698791937626031512e+01
3.436417553449823004e+01,9.211285583619742923e+00,8.332234509752110441e+00,3.578241265675831784e+01
2.118454065516776197e+01,4.362346194489759021e+00,6.046176537825820319e+00,2.207823528901681343e+01
-9.218840939848045313e-01,-2.988323652537835384e-01,-6.428470076714651316e-02,-8.997392471966411120e-01
