1.113201640401312353e+01,-4.822537002275083529e-01,6.947192859267700138e-01,-8.354256074208249450e-01
1.766712203522599012e+01,-1.336568130727735060e+00,-2.738588461693278742e+00,-6.723242908487970793e-01
2.175617821300728494e+01,-1.796267750033722077e+00,-4.962453262625257544e+00,-2.962291767007799725e-01
2.225732250980782467e+01,-1.714818620606893607e+00,-5.429340682633343462e+00,2.153018276276592868e-01
1.994234254588981159e+01,-1.223511151374371941e+00,-4.477845041034039575e+00,4.884185898917681179e-01
1.682084223913691190e+01,-5.316899856716023054e-01,-3.011982685613262767e+00,1.420426500003408032e-01
1.458297251443608999e+01,2.790440500671479973e-01,-1.911845739680899880e+00,-8.550734082189541674e-01
1.361091837232820190e+01,1.233585208329524674e+00,-1.585640021081160755e+00,-2.038459214337636105e+00
1.339064773670960307e+01,2.246281311893973509e+00,-1.900105664684011986e+00,-2.707591137742316967e+00
1.345414879559936061e+01,2.988229047734145549e+00,-2.441409669173875585e+00,-2.507676244369315466e+00
1.364108009662455068e+01,3.044615034895165717e+00,-2.876311447224322748e+00,-1.843293464570541440e+00
1.380740670424539829e+01,2.248644708941117454e+00,-3.167944953950359466e+00,-1.599568563398687138e+00
1.380876479422696868e+01,8.842114145588783058e-01,-3.514650898005857727e+00,-2.303573201666280656e+00
1.371102630671893685e+01,-4.287026981234509093e-01,-4.071648934049374446e+00,-3.556131500431008341e+00
1.361444582715962071e+01,-1.087800475202910011e+00,-4.690347085573736585e+00,-4.348424102167773420e+00
1.332284184616950640e+01,-8.675634238339646753e-01,-4.923069762962465568e+00,-3.917739554362664300e+00
1.264229526487850386e+01,-5.956490402726461603e-02,-4.330779244051359278e+00,-2.281640311699845824e+00
1.206643599198792316e+01,7.067700896919298925e-01,-2.855726734513001741e+00,-7.709653987436418388e-02
1.268164752141584550e+01,8.613000399456329781e-01,-9.447951507397300830e-01,1.947978980445630004e+00
1.509057008580088599e+01,2.344073830009947013e-01,6.847198928882518576e-01,3.330236930362829195e+00
1.861831559199798392e+01,-8.887223955355871841e-01,1.457941873155837120e+00,4.014673753255765476e+00
2.170525526667453420e+01,-1.979657423333926358e+00,1.242062170189016879e+00,4.206248492887253221e+00
2.286640806424987460e+01,-2.534163214100290773e+00,3.575331543920621802e-01,4.026534563628972663e+00
2.131554942727568047e+01,-2.247689219786487058e+00,-6.642688781861344482e-01,3.288911530951418971e+00
1.730938063402143356e+01,-1.109776274155553688e+00,-1.392482881070352008e+00,1.739979575544561952e+00
1.239038671877729136e+01,5.542782958978470509e-01,-1.680962652339473618e+00,-4.085331420789443668e-01
8.898519919255871713e+00,2.157408523858513671e+00,-1.647504979349613263e+00,-2.332673499686093610e+00
8.458706339850294853e+00,3.094222018876533919e+00,-1.523354272534799048e+00,-3.157941051906054675e+00
1.073607748813836871e+01,3.055750706537176065e+00,-1.504584022381392439e+00,-2.684493384084532863e+00
1.394735106536747793e+01,2.203434451678225603e+00,-1.673933872292644676e+00,-1.518025289686300017e+00
1.657176024767838030e+01,1.065031754853399404e+00,-1.992493189829734224e+00,-5.706616513046994799e-01
1.827351006066141181e+01,2.229009291368421741e-01,-2.354202772042930825e+00,-5.310932201924239981e-01
1.933494924551905214e+01,1.514278496788638156e-02,-2.682811863875023128e+00,-1.688987169319303039e+00
1.983547179231909752e+01,4.286048380347267650e-01,-2.993501675375672910e+00,-3.946792554652979845e+00
1.961062089043733891e+01,1.188098958251519122e+00,-3.345521806375259644e+00,-6.776791566508802767e+00
1.856425864740007015e+01,1.924182000263846337e+00,-3.732467527451438727e+00,-9.214640567743105137e+00
1.671524836953408055e+01,2.325019437108957199e+00,-4.044754243169105479e+00,-1.012049514663555705e+01
1.423733934656130096e+01,2.252841867097023609e+00,-4.154397381551825141e+00,-8.720672062634420740e+00
1.170232193583618141e+01,1.811308673483447373e+00,-4.024826631457722570e+00,-5.168057738599603823e+00
9.948216679271540741e+00,1.304678258934000246e+00,-3.738808900706924288e+00,-7.234930046947118942e-01
9.330040224143649752e+00,1.049486306803115498e+00,-3.449738975358925597e+00,2.768750192088308637e+00
9.292366989060415250e+00,1.129946714506593564e+00,-3.316773777275644264e+00,3.993470230413279420e+00
9.033834033737944580e+00,1.307299163771972417e+00,-3.441438138406368363e+00,3.077016431062676194e+00
8.458843300098161322e+00,1.218061330473655834e+00,-3.807231883771792447e+00,1.408372923272029897e+00
8.144870745202847928e+00,7.271302180933911785e-01,-4.271320497902812541e+00,4.281029411429762010e-01
8.515114460026255827e+00,1.057642960554509015e-01,-4.651949037500406448e+00,5.449511625660355962e-01
9.445185350363878740e+00,-1.623565876250284701e-01,-4.850968127948313224e+00,1.185492808260594444e+00
1.060843908514104683e+01,2.141098008739984182e-01,-4.884043499572599423e+00,1.679272403165018579e+00
1.174415763630267406e+01,1.077631602538573929e+00,-4.782503381965657496e+00,1.874064044788846584e+00
1.255006224012890748e+01,1.914662439855139509e+00,-4.488894751929154658e+00,1.977775503349223030e+00
1.281710393003747583e+01,2.198240822464011313e+00,-3.893048519020593901e+00,2.124578541587136993e+00
1.287908912863121635e+01,1.732947088597765362e+00,-2.997999998811079703e+00,2.254578753070622721e+00
1.347641541209492466e+01,7.951544779984389688e-01,-2.037878857935073285e+00,2.277668947540082200e+00
1.480617812002805067e+01,-2.484397824726460036e-02,-1.385381204734619009e+00,2.195584730132935203e+00
1.598144307023590827e+01,-2.123025190602777779e-01,-1.280876937484914269e+00,2.077757057987433154e+00
1.578258481450489548e+01,2.998436722290614420e-01,-1.602048022693714380e+00,1.952716968329114566e+00
1.376511789485511450e+01,1.062423179256072991e+00,-1.894901554980487735e+00,1.654967075427330014e+00
1.039074756387650211e+01,1.409578503073757316e+00,-1.689354811341226670e+00,7.791358898364639796e-01
6.426899112931681479e+00,8.963136364871908679e-01,-8.807662630201261722e-01,-1.013741790020967315e+00
2.699936869499008463e+00,-4.299524485962402109e-01,1.215777274511753575e-01,-3.463149079394344021e+00
1.612671334521788569e-01,-2.058346077985336642e+00,6.159216987703760582e-01,-5.577578315027333922e+00
-5.758697004952485488e-01,-3.288101120296457403e+00,5.871168460587559979e-02,-6.288339002252338439e+00
2.414245961343586266e-02,-3.603357613778963131e+00,-1.564669188312608039e+00,-5.345202611874215748e+00
6.228143883331711539e-01,-2.961305531764299115e+00,-3.692555699250291923e+00,-3.520099930007367206e+00
2.311186906295732424e-01,-1.800301242661553891e+00,-5.476262604389040334e+00,-1.945615964164318035e+00
-9.951686961718579916e-01,-7.238952445356772181e-01,-6.213121207216813602e+00,-1.331557541247834431e+00
-2.217077210912660856e+00,-9.021959412800423239e-02,-5.684662554553837843e+00,-1.730529068530014092e+00
-2.731603133874957123e+00,1.449766936805877426e-01,-4.248819713417016253e+00,-2.779986766542710708e+00
-2.162685246911544734e+00,2.092877546761204577e-01,-2.647724465733698018e+00,-3.998116876094809591e+00
-3.650513955565830027e-01,1.657738064550794699e-01,-1.603564456310256681e+00,-4.950951771745660146e+00
2.359784765437518583e+00,-1.921320149921393883e-01,-1.411715419171127195e+00,-5.338624215580773047e+00
5.153444786040124903e+00,-1.081621960938819127e+00,-1.811784293934796564e+00,-5.031162610559447579e+00
7.148420094685273618e+00,-2.355866593157942557e+00,-2.258120144191342771e+00,-4.073882132766736497e+00
8.125767596786186431e+00,-3.399742292125419230e+00,-2.374691437016074325e+00,-2.717307335062221885e+00
8.451504317657814624e+00,-3.466643610116082463e+00,-2.197784065551164456e+00,-1.418177204137956338e+00
8.554465782614110836e+00,-2.237441520791951355e+00,-2.017097466942411543e+00,-6.458940032447575419e-01
8.739435540874882946e+00,-1.431158210543440612e-01,-2.022843605723156024e+00,-5.333758992418803357e-01
9.277200117905357146e+00,1.863979625974923504e+00,-2.128265521361621282e+00,-7.457255089394576597e-01
1.020745554858621595e+01,2.954980146905267890e+00,-2.111212192147362998e+00,-8.269124058060485227e-01
1.108080600985828390e+01,2.977235240035254193e+00,-1.881480486316383649e+00,-7.117134188147821172e-01
1.131754288936201114e+01,2.469092699130028823e+00,-1.588391497059476132e+00,-8.192780734544892196e-01
1.087687456387561191e+01,2.150458003268912233e+00,-1.482250755433939471e+00,-1.617664670356770751e+00
1.021547189410100920e+01,2.344159969743909055e+00,-1.685512903244964722e+00,-3.153298689518775344e+00
9.576609730524781483e+00,2.813169357655465053e+00,-2.087211091539569185e+00,-4.995256957399002218e+00
8.813539780603250051e+00,3.106068200427462234e+00,-2.443263896109183264e+00,-6.535872276945405623e+00
8.069340377943214904e+00,3.050993448391272622e+00,-2.588254777399485285e+00,-7.336106544541415531e+00
8.053117737657604636e+00,2.926610197449911244e+00,-2.576095187461336700e+00,-7.320257971554101850e+00
9.166414524875786896e+00,3.151340499738857659e+00,-2.626615231220561508e+00,-6.725243080343267010e+00
1.069055073457879779e+01,3.782941581675040243e+00,-2.919960185961303356e+00,-5.799228355677004565e+00
1.138093595916773815e+01,4.316083732750644941e+00,-3.414299803783286791e+00,-4.532119485565486272e+00
1.075279852834883343e+01,4.023472286374961016e+00,-3.844839652481187642e+00,-2.815788325854355900e+00
9.348095397233711523e+00,2.586764403793478717e+00,-3.915729743500102167e+00,-9.176936769472552324e-01
7.848314432260657725e+00,4.513549118169075669e-01,-3.550374063210896658e+00,4.297084756054693200e-01
6.427226821456289763e+00,-1.445467244021650499e+00,-3.013385610153040961e+00,6.716244731983056493e-01
5.002130526579499303e+00,-2.341938157688919553e+00,-2.777909195106829099e+00,1.422363688420741901e-01
3.653824155440190680e+00,-2.124066347048022330e+00,-3.176897165967563108e+00,-7.430401822647009213e-02
2.661933604814234133e+00,-1.252905552856845350e+00,-4.072633194083454811e+00,9.196370348405223938e-01
2.458759730410942090e+00,-3.422421148554068981e-01,-4.831427703205314117e+00,3.078945120212572384e+00
3.565449946898618272e+00,1.775494320422860428e-01,-4.689180355699947178e+00,5.520801708404231789e+00
6.062594531676951171e+00,1.169766046932149833e-01,-3.277647801749464129e+00,7.210543413875325491e+00
8.920303926333936317e+00,-5.453397581222828583e-01,-9.307860621159913528e-01,7.584833845218397208e+00
1.037147737450239227e+01,-1.666140509380306778e+00,1.464012438635313051e+00,6.819856642806764846e+00
9.414176303004936130e+00,-2.879303144343605236e+00,2.983208383043204126e+00,5.713396121267866334e+00
6.739728545421519001e+00,-3.653807504175296650e+00,3.202460109125331300e+00,5.149711577982253985e+00
3.887698060812597056e+00,-3.568883887750098349e+00,2.382981883331788175e+00,5.379794964395195223e+00
1.767849167395655341e+00,-2.639200818907943003e+00,1.201357114933221837e+00,5.759169790727243665e+00
3.458549852689939974e-01,-1.361967398836610776e+00,2.575466427587660423e-01,5.325717334310137829e+00
-6.120722682363403111e-01,-3.601983632042150552e-01,-2.640480071064723600e-01,3.688569671453067578e+00
-1.176446808312425318e+00,9.082540364600585892e-02,-5.702677427887518080e-01,1.306468480885616845e+00
-1.610094782398202584e+00,2.147863217163909766e-01,-9.621725672472296598e-01,-1.054283612411964999e+00
-2.452313003288205007e+00,4.399034255171310193e-01,-1.545888484293638898e+00,-3.023113876570877601e+00
-3.996046018134121525e+00,9.712628758223179615e-01,-2.185599555851801767e+00,-4.834224610246317333e+00
-6.014468131879723956e+00,1.629009740476834445e+00,-2.698308915299238997e+00,-6.979577509651559986e+00
-8.143164253489407756e+00,2.050020264818490645e+00,-3.064033660849197371e+00,-9.623300018659961097e+00
-1.018390596861911312e+01,2.020084397791552355e+00,-3.425319833398925429e+00,-1.217708661307643681e+01
-1.187841164787469772e+01,1.643364609109270624e+00,-3.888375135473770339e+00,-1.345391759632458495e+01
-1.278002332404259178e+01,1.240577898349350949e+00,-4.363418179862293300e+00,-1.252382569863594952e+01
-1.265675390734535100e+01,1.086312564197414288e+00,-4.638509346415135681e+00,-9.675597664501868422e+00
-1.177679042491017825e+01,1.193832669810787728e+00,-4.607429343874791527e+00,-6.506089266731300391e+00
-1.054595243696950924e+01,1.300801016367147067e+00,-4.380055560937186954e+00,-4.835122712333705053e+00
-9.126566266561860985e+00,1.052442061623350078e+00,-4.131356704517584078e+00,-5.294111561826369439e+00
-7.694805096722396875e+00,2.346562426490176323e-01,-3.855061216078286890e+00,-6.785718929438989022e+00
-6.748234615765263733e+00,-1.100361662559017351e+00,-3.308849483619275667e+00,-7.244013657139579898e+00
-6.645907813106846085e+00,-2.653962849206313646e+00,-2.226821305290423769e+00,-5.109099003416192275e+00
-6.929310109023997022e+00,-3.984332631817196102e+00,-5.932437696373442648e-01,-4.838456537690733472e-01
-6.582250839012464105e+00,-4.651212352319559429e+00,1.268923058859648734e+00,4.839832516176167942e+00
-5.041047049359291599e+00,-4.406850677876935407e+00,2.851524827173266718e+00,8.590592182848830305e+00
-2.636594219011075158e+00,-3.377687714169880007e+00,3.734240594876303554e+00,9.634954167746139220e+00
-8.557603085665843601e-02,-2.080033346301863872e+00,3.816074543534254460e+00,8.702093540112176839e+00
2.010235021843631564e+00,-1.167582884600174786e+00,3.385130096190624549e+00,7.598096878400317777e+00
3.145907751011742359e+00,-1.034833364854318427e+00,2.970164121356978271e+00,7.674110202314653684e+00
3.013714485542073440e+00,-1.563719764990475269e+00,3.029553938487909548e+00,8.925567692995631575e+00
1.980846222813360091e+00,-2.213702682225070273e+00,3.662919347367789236e+00,1.028846958017806301e+01
1.076817144155866712e+00,-2.400618181879628832e+00,4.550731780851161368e+00,1.055274295135643925e+01
1.069607398510857399e+00,-1.906346418508569451e+00,5.179410031999608144e+00,9.107039914493837429e+00
1.702913878075170695e+00,-1.038418176901030332e+00,5.199209594373518151e+00,6.241150452118451319e+00
2.094846108750741287e+00,-4.119355793056507231e-01,4.654413373525140507e+00,2.993330060779063828e+00
1.629182620926661995e+00,-4.783980270243352040e-01,3.907844414494543450e+00,5.061978132814428655e-01
1.374925347141720544e-01,-1.134524737520840265e+00,3.314004636907537993e+00,-8.221476901575582863e-01
-2.444327054909755770e+00,-1.729638153015557567e+00,2.914495092535684950e+00,-1.641741324218872977e+00
-5.940270210915844729e+00,-1.499404134371665975e+00,2.437130436358439400e+00,-2.967657489665430415e+00
-9.425817682014230314e+00,-1.049297286098081206e-01,1.622170585836938628e+00,-5.104857888087487083e+00
-1.142005927538169452e+01,2.119710174535410108e+00,5.755106237176148554e-01,-7.270905211421236913e+00
-1.089902134548808732e+01,4.347899938343456228e+00,-2.265571749521951284e-01,-8.271942916665848244e+00
-8.011004078169072784e+00,5.698879190620326440e+00,-3.570354548430229036e-01,-7.543927188785715110e+00
-3.897556818211987739e+00,5.671549872581182150e+00,7.942696461975275180e-02,-5.681221058730747231e+00
-1.988462019392964186e-01,4.375287729653072333e+00,4.015636107905254382e-01,-4.132801609713753876e+00
1.392850432638878866e+00,2.443172986529626556e+00,-1.267640359241713754e-01,-4.272239078426741443e+00
-3.872979618037553085e-02,6.628630050921376915e-01,-1.643416955944677404e+00,-6.357095543201404908e+00
-3.605176282202479765e+00,-4.176582202306847735e-01,-3.516026091791233377e+00,-9.118559059834815628e+00
-6.710778717994907439e+00,-6.165733654337086644e-01,-4.834244870115285586e+00,-1.048344288357218090e+01
-6.830081078026383423e+00,1.221292788247763800e-02,-5.127583241818969739e+00,-8.992310541972782900e+00
-3.396247296877039190e+00,1.266910781946857911e+00,-4.672710481855910203e+00,-4.732794539369135300e+00
2.082600378411252784e+00,2.708002403211166254e+00,-4.157844424871891320e+00,9.122711392964931720e-01
7.455731802374406136e+00,3.665345774325582173e+00,-4.063644825339452815e+00,6.223502885306812615e+00
1.119765738914790276e+01,3.621617613050917228e+00,-4.336188183133915075e+00,9.922139386207659228e+00
1.274017460702196658e+01,2.736466356451133564e+00,-4.597711957961678308e+00,1.148976552700679399e+01
1.246630607164684257e+01,1.921756696381561325e+00,-4.620045828543204891e+00,1.125100267827641254e+01
1.166666420072800747e+01,2.233187379138210638e+00,-4.581566943312817664e+00,1.024006747883905710e+01
1.195203910024841676e+01,4.045688578885702213e+00,-4.899859492549199835e+00,9.679155497637804473e+00
1.416048422677613239e+01,6.728326289932050841e+00,-5.856894530324815662e+00,1.024582633281299948e+01
1.778504182149756474e+01,9.080022060132382222e+00,-7.374260409713144782e+00,1.166629957517232974e+01
2.147791871838409605e+01,1.013672932120184100e+01,-9.070608252722788478e+00,1.294830189002218290e+01
2.391241181490123324e+01,9.719344393403433813e+00,-1.046309520568825846e+01,1.304651373146709936e+01
2.423417860773218635e+01,8.383156635004157309e+00,-1.115237397221206983e+01,1.151504341621492600e+01
2.228341730093083228e+01,6.925796789197588232e+00,-1.096704925660665531e+01,8.784890710240507161e+00
1.884175704045386723e+01,5.897642414062167937e+00,-1.006859607985406768e+01,5.883883202742042684e+00
1.540376279945166438e+01,5.443527428967091630e+00,-8.920627522128441456e+00,3.735473132473535518e+00
1.319894567739571301e+01,5.444173319872468220e+00,-8.048866292453867644e+00,2.589201444007005026e+00
1.236459944048643855e+01,5.696660660663529718e+00,-7.724987910885171338e+00,2.123071223136540731e+00
1.220759861293054627e+01,5.980341363811260358e+00,-7.834650593804718177e+00,2.055091159863885242e+00
1.204540766177893296e+01,6.084850453694022221e+00,-8.031165869487979947e+00,2.484898801743505192e+00
1.147318102445930954e+01,5.897176082223420046e+00,-8.007521291240903949e+00,3.555426295727047936e+00
1.009991634752341838e+01,5.474781054224502341e+00,-7.654675455706694720e+00,4.947747388422867765e+00
7.723839273809494976e+00,4.980602607112347258e+00,-7.038847770922788349e+00,5.930039085175482505e+00
4.949845747431344201e+00,4.521164295082781948e+00,-6.289739059795478759e+00,5.930144208157027919e+00
3.126157383940072254e+00,4.060601115127296268e+00,-5.505613974620849227e+00,4.986498759079826648e+00
3.287406877847418141e+00,3.495409879898896843e+00,-4.720113070038283176e+00,3.705045119733754611e+00
5.293904965703782217e+00,2.800998564782852362e+00,-3.928139130124932876e+00,2.925483455073896621e+00
8.085755500966744336e+00,2.101201934972208640e+00,-3.135153582056641408e+00,3.363616517975052567e+00
1.045614757816733587e+01,1.585730856230415098e+00,-2.375483383851407115e+00,5.246728391613430631e+00
1.145951602899975796e+01,1.334331761415257001e+00,-1.677277770171729188e+00,8.039749078017727868e+00
1.060813062918911776e+01,1.218162689807307464e+00,-1.023985743558832873e+00,1.061120011313119171e+01
8.235015993683598268e+00,1.015038155064123426e+00,-3.906648395752051472e-01,1.192234465850751413e+01
5.507706791731513896e+00,6.577377728965899673e-01,1.398387305065127983e-01,1.167496128030767899e+01
3.572180238374556449e+00,3.473065532524747256e-01,2.948477613491242155e-01,1.028600448068986672e+01
2.599612414620046774e+00,3.713414167421163481e-01,-2.892117505072175354e-01,8.316250606654129740e+00
1.910762982922303177e+00,7.948350348788990605e-01,-1.769259351249014456e+00,6.063937135482544427e+00
9.403461649955262569e-01,1.348310063180492735e+00,-3.793593426044739036e+00,3.682764113584888754e+00
-2.723988449295669523e-01,1.620633117290671166e+00,-5.493334018448576828e+00,1.475891502561144319e+00
-1.474698596017146812e+00,1.344106788148550669e+00,-5.914518163070838774e+00,-1.066105641572754614e-01
-2.589485639212384616e+00,5.249348915438278862e-01,-4.677797600792528598e+00,-7.864048338318744280e-01
-3.560765920678416574e+00,-5.946168385113842492e-01,-2.356130614492061515e+00,-7.387836253487977123e-01
-4.183789215573484377e+00,-1.615714200930072009e+00,-1.669206902829064865e-01,-5.174064204323576277e-01
-4.311165547944210807e+00,-2.088757747052771840e+00,8.734911959889167798e-01,-6.102593778736162822e-01
-3.979359702945515664e+00,-1.735062046410883463e+00,6.480369157935634838e-01,-9.872520479566021523e-01
-3.196286924272629726e+00,-7.260766336702728641e-01,-1.245476188591422700e-01,-1.128641745834851440e+00
-1.950385790251757401e+00,2.610326476259662298e-01,-6.231025640278206046e-01,-6.058490509073378716e-01
-6.662931146419193151e-01,4.172008921141892035e-01,-5.941559887300920106e-01,3.863300093495035670e-01
-2.622092393037106506e-01,-5.916452684571448239e-01,-3.441711070028188324e-01,1.200642091556401114e+00
-1.271360294867252438e+00,-2.293807092767823352e+00,-1.866940672587891759e-01,1.437321018724441846e+00
-3.016239124968667085e+00,-3.698877244009794119e+00,-2.298526802536961233e-02,1.310509951993463096e+00
-4.036497913951325955e+00,-4.000840285926283713e+00,4.931502543260121718e-01,1.272480663664153244e+00
-3.319348827105266686e+00,-3.110056681188332117e+00,1.441680456606864169e+00,1.487391107219747211e+00
-9.223707997947845350e-01,-1.602932898562995589e+00,2.371817590837602019e+00,1.856328244250938342e+00
2.324116543947566615e+00,-2.254502357492926823e-01,2.582153442759911766e+00,2.406678124036712774e+00
5.222967660596460782e+00,5.725474135451948943e-01,1.680677774651315071e+00,3.361925475703219757e+00
6.469011579071213269e+00,7.561954300984007338e-01,-6.139987508376176101e-02,4.797989614591697816e+00
5.262617465259972427e+00,5.417385444049168663e-01,-1.805404841870331456e+00,6.438102805376536786e+00
2.072981830252505375e+00,1.870402838598024253e-01,-2.577817907533827224e+00,7.846747916140693668e+00
-1.481948608592073890e+00,-1.289867910069455725e-01,-1.774985879443575332e+00,8.658203805827890065e+00
-3.789132089703170170e+00,-3.498473212468916627e-01,4.934869158789633170e-01,8.557991057421851622e+00
-4.215711911309748317e+00,-5.460471000288562582e-01,3.388880603325921559e+00,7.262066651941936790e+00
-3.095971632707542387e+00,-8.668889959534299416e-01,5.708992013050219860e+00,4.744007499522507665e+00
-1.324871480816829372e+00,-1.412393500153598991e+00,6.477986010071474787e+00,1.474822215363239541e+00
-1.692792767976079304e-01,-2.074871078403501823e+00,5.432735334735421695e+00,-1.685621380243351508e+00
-8.367403866681522029e-01,-2.495591029705229058e+00,3.139645196960019202e+00,-3.911563879912030917e+00
-3.523934522133138181e+00,-2.255735027392007375e+00,7.108995889766075438e-01,-4.845132080549062081e+00
-6.985815682023689632e+00,-1.225003721953270119e+00,-7.242432656751069953e-01,-4.826658694495291613e+00
-9.528339311291988523e+00,2.108312827486410745e-01,-5.669403475395601300e-01,-4.783486812413165090e+00
-1.042995629797024471e+01,1.296642820087097192e+00,9.404789598688918506e-01,-5.682000875474985335e+00
-1.009481302830159954e+01,1.397138356442106266e+00,2.849675307462124163e+00,-7.806995285619975355e+00
-9.028124482682159169e+00,4.838571219008184210e-01,4.064067867861787420e+00,-1.052329361834692634e+01
-7.272303977196433067e+00,-7.839093937491379283e-01,3.983535693882403361e+00,-1.282803237873626578e+01
-4.928581803608232725e+00,-1.505753940749348985e+00,2.818038088295300447e+00,-1.410593422136734887e+01
-2.644246039444837049e+00,-1.204487042241934702e+00,1.404258835317505394e+00,-1.428560722018390194e+01
-1.235216475587223250e+00,-1.787471202712217766e-01,6.802822027572429375e-01,-1.345452990635168078e+01
-1.113463572382537681e+00,7.600804395387057433e-01,1.105820221511355061e+00,-1.168422636536496917e+01
-2.278460350864822015e+00,9.595693576131234526e-01,2.312039060344805552e+00,-9.333414570445818015e+00
-4.484038925261677022e+00,4.524593013340551528e-01,3.234055465094529680e+00,-7.229755231197762200e+00
-7.092015889289907449e+00,-9.377740963047258294e-02,2.798848009103917178e+00,-6.214123627165807129e+00
-9.138253387350431467e+00,3.948256165869614559e-02,8.174949110923787066e-01,-6.422961696423929112e+00
-1.010151685513846864e+01,9.824109167257871755e-01,-1.621870285211007179e+00,-7.109941712120346757e+00
-1.055895197454397660e+01,2.117713896476419499e+00,-2.751116179951922369e+00,-7.249832172270494368e+00
-1.166693930784248678e+01,2.560637178397566771e+00,-1.408944068441964959e+00,-6.386737076406089564e+00
-1.395357981745308962e+01,1.883801595655112404e+00,1.983088884797021834e+00,-5.017433387074492934e+00
-1.689189594726471810e+01,4.447409400565809356e-01,5.630044331090274135e+00,-4.241584108533549724e+00
-1.959750775476675599e+01,-9.685770919363443365e-01,7.669027818308557620e+00,-4.976011084232038861e+00
-2.157833367976468253e+01,-1.800779795116563831e+00,7.510993969850039420e+00,-7.323050983781747902e+00
-2.281693171774771756e+01,-2.073306075085951772e+00,6.117839013992692365e+00,-1.052816503437308526e+01
-2.359544612094271088e+01,-2.198712496839376751e+00,5.080818982092366376e+00,-1.345607073837579826e+01
-2.441302126514267812e+01,-2.599210068730935852e+00,5.409311815271952817e+00,-1.510705728197017095e+01
-2.563959813572711255e+01,-3.512961963733668647e+00,7.049194084733295895e+00,-1.483287591647455628e+01
-2.691329495770141023e+01,-5.008349877545033024e+00,9.306974653528264696e+00,-1.241299964294887204e+01
-2.715238905406260983e+01,-6.999175409546065652e+00,1.151288477976872215e+01,-8.292271177604767729e+00
-2.553830408517254824e+01,-9.188652233928971569e+00,1.326292980286728529e+01,-3.792134143536006530e+00
-2.240087976042336848e+01,-1.107418979831534322e+01,1.426305857557103174e+01,-7.210482945785784414e-01
-1.890743332144809585e+01,-1.211539161805682063e+01,1.425303794896630549e+01,-2.917815843210282978e-01
-1.599716150505847168e+01,-1.198401076859782677e+01,1.321982498899406977e+01,-2.165779934836509213e+00
-1.378426156769977773e+01,-1.073414551109352999e+01,1.159684880322086542e+01,-4.575277802080297107e+00
-1.174150133389140471e+01,-8.808890210824595002e+00,1.010661644604819465e+01,-5.504640377780040339e+00
-9.134795830891413004e+00,-6.893424115809290598e+00,9.336991005389341680e+00,-3.928051061593119897e+00
-5.520475610897450203e+00,-5.655431608709830194e+00,9.435645135203557743e+00,-1.712515197740764050e-01
-1.348798176375285873e+00,-5.441797187059885132e+00,1.013473354302056606e+01,4.642977243655802333e+00
1.946585924106605914e+00,-6.072452240956123681e+00,1.098145780896986956e+01,9.408024524706236846e+00
3.011186804682409068e+00,-6.908826511469173148e+00,1.155539333750037656e+01,1.346818648770570270e+01
1.947355282043544689e+00,-7.248879799850613814e+00,1.159901370368525519e+01,1.652675550217631439e+01
3.100279424403497019e-01,-6.833096385979012588e+00,1.109874181282764916e+01,1.836272040155164120e+01
-4.442491534514466656e-01,-6.069773939703713594e+00,1.030548016460397420e+01,1.880675396353775142e+01
-2.454176130350736174e-01,-5.736981869245328269e+00,9.620127546865703039e+00,1.804447198190707624e+01
-7.982782018726961026e-02,-6.337434829976161588e+00,9.343702770506190802e+00,1.678942025466915666e+01
-7.795590641144799493e-01,-7.618226384465062395e+00,9.438748155959920894e+00,1.588599099380602553e+01
-2.350210380919758979e+00,-8.686149815810296104e+00,9.492768256889652534e+00,1.559984026417079406e+01
-4.081152577420921190e+00,-8.669465437281735021e+00,8.957511639300344441e+00,1.538240187630414901e+01
-4.918258503529742143e+00,-7.395516382709693026e+00,7.545356264345526753e+00,1.445496719315340961e+01
-4.014913385368316767e+00,-5.516872953728425344e+00,5.515101731929802575e+00,1.261631032625931148e+01
-1.463812927210987214e+00,-3.993833615695578487e+00,3.590000669137605183e+00,1.043778562676021870e+01
1.499619899593491290e+00,-3.397825515501465166e+00,2.490169192912041751e+00,8.737577519189056119e+00
3.414504445667521981e+00,-3.607435013784586975e+00,2.407076584269926212e+00,7.946004252849543370e+00
3.847596365476853020e+00,-4.052821458221300688e+00,2.872648798901990652e+00,7.903970679980798941e+00
3.602482768904071264e+00,-4.182374586380277925e+00,3.166908366587701362e+00,8.102319734957859509e+00
3.811702742806793331e+00,-3.741834765518779804e+00,2.903506764086365877e+00,8.052178895978423512e+00
5.119642928852115027e+00,-2.755899333837498411e+00,2.257854976737941222e+00,7.505925755523350063e+00
7.582611167781374562e+00,-1.396430407506974891e+00,1.674400698448397451e+00,6.420371567426577109e+00
1.074843564602426582e+01,7.299996096090649589e-02,1.410129501955295739e+00,4.799702311376937480e+00
1.361994994325000796e+01,1.287380068552792522e+00,1.376450610135314445e+00,2.731917736269828811e+00
1.505173602203592154e+01,1.849771798313316173e+00,1.366307146476346546e+00,6.993515208606961853e-01
1.465965889049115134e+01,1.537979965069596222e+00,1.357329687581976252e+00,-2.862526982749400983e-01
1.320814984988762752e+01,5.056621237141800673e-01,1.562467113378865458e+00,7.922258260426610077e-01
1.183252128892151411e+01,-7.380520419696792178e-01,2.198122861932078731e+00,4.086377225674249658e+00
1.100760841960587477e+01,-1.617188699789011030e+00,3.222487411030677151e+00,8.618301979583993244e+00
1.043568029962613686e+01,-1.840389097907595195e+00,4.315514905015562341e+00,1.300564715664174464e+01
9.633680378956356094e+00,-1.543931707090370420e+00,5.128274945229792436e+00,1.638787864811712680e+01
8.267581379990726731e+00,-1.142085952488997913e+00,5.551525545599821143e+00,1.859942611260887446e+01
6.158243290508417900e+00,-1.037156607417328402e+00,5.726882373775609381e+00,1.968723141651645747e+01
3.488408087327397933e+00,-1.408877244819378705e+00,5.802606151468014062e+00,1.961397721346782319e+01
9.767938636661228635e-01,-2.188752817584906474e+00,5.722561314518294751e+00,1.846862330257415152e+01
-6.508231132456745449e-01,-3.168318368443222344e+00,5.292499178144200123e+00,1.667892985134866279e+01
-1.472084605174002192e+00,-4.112341465428916543e+00,4.436877360960728822e+00,1.480849954195773677e+01
-2.231680696629171567e+00,-4.788965768870885320e+00,3.335257398752834224e+00,1.319368325465415559e+01
-3.231405384784080681e+00,-4.950910746008759133e+00,2.275339310444755458e+00,1.184572115186461438e+01
-3.748930314973940803e+00,-4.386090847659076530e+00,1.404330162909581015e+00,1.061966530353205052e+01
-2.839368159041610440e+00,-3.080582518662052127e+00,6.887779060247303242e-01,9.399868940563605335e+00
-4.502940939204508330e-01,-1.348962539952516249e+00,1.274730380597471624e-01,8.204365964365321062e+00
2.518754921812779379e+00,2.740353853458553646e-01,-8.919817842216230808e-02,7.208483267979323372e+00
5.017397728216848485e+00,1.369974587580087722e+00,2.599022456308280882e-01,6.611399892785700061e+00
6.406804909200564779e+00,1.902213075298198053e+00,1.109177540534273421e+00,6.385096697570991964e+00
6.470690602392188850e+00,2.124528733167469596e+00,2.044731585835495746e+00,6.201719892592854499e+00
5.332142246990417611e+00,2.213464866908009032e+00,2.612080517870528862e+00,5.703629176527547529e+00
3.396418563041152527e+00,2.028867250209076101e+00,2.651719816499136240e+00,4.802789315509258472e+00
1.141481202432872211e+00,1.299359372140223456e+00,2.304666602030633893e+00,3.626239369356150988e+00
-9.647007408404018047e-01,7.360633617797518458e-02,1.733536373600749192e+00,2.259353067061951048e+00
-2.125719543831611436e+00,-1.051154591966902085e+00,9.113002669995891036e-01,7.539367276609401092e-01
-1.096007612537665432e+00,-1.247833956232686115e+00,-2.763693216782700524e-01,-5.685170293049893742e-01
2.905246681147427790e+00,-1.160750653866836346e-01,-1.725366915238194077e+00,-1.009322980179186535e+00
8.924978164658817548e+00,1.915078197321803177e+00,-2.951039394639447977e+00,1.247514442181086869e-01
1.439019129896684213e+01,3.844785623596881585e+00,-3.308417273357302513e+00,2.964710473709376792e+00
1.695162036780438086e+01,4.818034190062749467e+00,-2.470807521705994159e+00,6.854040272403783440e+00
1.622843019663985231e+01,4.680745884935159751e+00,-7.655138948817636901e-01,1.061446465861427058e+01
1.372131780570545168e+01,3.937080281669402826e+00,9.483864325083639635e-01,1.310184516787324860e+01
1.130162202967522944e+01,3.246871760139941721e+00,1.801602853370639634e+00,1.373331868265357336e+01
9.901812327744881514e+00,2.958657752243703420e+00,1.462046511626287737e+00,1.269155154601732249e+01
9.220076638741831587e+00,3.012418616746017630e+00,3.258339111329392468e-01,1.069168395539707284e+01
8.201540678952666141e+00,3.137633427773394601e+00,-7.742891518595955702e-01,8.538131985947332581e+00
5.957049674939868922e+00,3.075142464982157264e+00,-1.140043980798601142e+00,6.861168383734303156e+00
2.714185328496560246e+00,2.682803706039516012e+00,-6.464874052468121413e-01,6.118500207018936266e+00
-5.714358103236784336e-02,1.971330946048991395e+00,2.823625104696340093e-01,6.546893493234889227e+00
-8.091807604366566542e-01,1.116859532163839264e+00,1.109753240787656026e+00,7.883270714820543645e+00
6.448745690637647243e-01,4.045607901375636861e-01,1.608957711394763734e+00,9.210235173967257438e+00
2.997360771688979852e+00,8.581547408984990799e-02,1.885975180051971511e+00,9.363825550425671551e+00
4.696971776006843236e+00,2.482044254974309916e-01,2.055739014941785570e+00,7.700191724101132174e+00
5.075925607247945059e+00,7.981744678828486261e-01,1.982942887569024482e+00,4.518266087994280866e+00
4.363591598615457201e+00,1.526720442332140104e+00,1.389733317544311841e+00,8.117464499514709386e-01
3.163228942278933697e+00,2.171714643935955813e+00,2.164415178069243328e-01,-2.274159712664904465e+00
2.175709121732378737e+00,2.476423252348561199e+00,-1.144817067908714847e+00,-3.830917868710724150e+00
2.004551457485407973e+00,2.294256644400696654e+00,-2.007785544439460335e+00,-3.406198722687306724e+00
2.778741512449755646e+00,1.696531172963849476e+00,-1.852266058086922795e+00,-1.174575879827463698e+00
4.082132938449618109e+00,9.612528343311902423e-01,-7.161089548268254612e-01,2.068794424925520570e+00
5.485315618424727369e+00,4.157625112031938519e-01,8.245910192331249444e-01,5.221981337296909054e+00
6.925360530564441675e+00,2.593977868256059915e-01,2.079729590230099845e+00,7.311408236794769699e+00
8.302195212043919526e+00,4.952783828009171274e-01,2.686026482432883000e+00,7.793196543814183919e+00
9.041678780288400219e+00,9.738099566792126627e-01,2.669930519546280134e+00,6.715180567480419249e+00
8.609796336441560172e+00,1.479142586622099076e+00,2.154561918478103077e+00,4.767149497518179402e+00
7.390175885332397776e+00,1.818388334008637974e+00,1.116375791118994876e+00,3.027245270526955689e+00
6.520380128043064438e+00,1.890087473590409406e+00,-5.041601220195852662e-01,2.337818899465710754e+00
6.734131097713612846e+00,1.689514284631163932e+00,-2.494003781990322466e+00,2.760492801560568310e+00
7.725147399814938254e+00,1.249077549138793763e+00,-4.279581827179544717e+00,3.665343478906768482e+00
8.708223358039562711e+00,5.988237190634632112e-01,-5.237499855400618465e+00,4.357834354225770923e+00
9.150116321757568727e+00,-1.872717481201203737e-01,-5.128983184607755597e+00,4.566228256020868237e+00
8.767672022549863442e+00,-9.347838666960262000e-01,-4.238223707073204061e+00,4.394079547776354566e+00
7.326837178522644045e+00,-1.427788408960650512e+00,-3.110132528254570428e+00,4.024031160177703015e+00
4.963692547777204034e+00,-1.553342837788086461e+00,-2.180946134833073202e+00,3.581650283775299037e+00
2.545513953313989663e+00,-1.356882636393579533e+00,-1.630679770600242495e+00,3.144353105889567512e+00
1.256706051300257698e+00,-9.400115284536163518e-01,-1.479283235867196789e+00,2.697322149715267958e+00
1.699397137963198245e+00,-3.516093976735195636e-01,-1.702829755173049575e+00,2.092456954289565019e+00
3.432987284276725060e+00,3.756807686241890321e-01,-2.210979029676185093e+00,1.180580972528820327e+00
5.197568946711761839e+00,1.118675817375950343e+00,-2.755289934864257884e+00,2.985217449331338188e-02
5.493196212722229355e+00,1.677275018768332071e+00,-2.954649098229296555e+00,-1.019515151446926948e+00
3.428430148553244017e+00,1.927337238679400322e+00,-2.520051182611781293e+00,-1.525015512825682373e+00
-3.718819679669426170e-01,1.919748020960675650e+00,-1.532441989850929609e+00,-1.206697591212641640e+00
-3.759925677665223454e+00,1.785259749119593176e+00,-4.935691357395453061e-01,-1.996585642649605918e-01
-4.588518045209278640e+00,1.559107845307342144e+00,-1.444857856352739153e-02,8.448232960744365139e-01
-2.573640040807095630e+00,1.159906852719839954e+00,-3.504036659586656222e-01,1.058088398145180520e+00
5.176044588870587493e-01,5.759558717131331163e-01,-1.190666561427367931e+00,3.941895571517455010e-02
2.573914358548889503e+00,4.242568749324460153e-02,-1.917251956866095064e+00,-1.673913577149019893e+00
2.827932978466330738e+00,-3.325350505128880918e-02,-2.121024425929117552e+00,-2.977059231843518727e+00
2.005818651830428845e+00,6.186444215014106351e-01,-1.913490202425714548e+00,-3.124602722280771516e+00
1.399317659600278096e+00,1.856893149078600258e+00,-1.751216231383536215e+00,-2.199571917015976208e+00
1.972261845844142547e+00,3.150302580511621375e+00,-1.947962013584165542e+00,-6.808501306541269171e-01
3.769521504262242750e+00,3.893235535074420106e+00,-2.357269022223076771e+00,1.174893843534584370e+00
5.664920209668529161e+00,3.761907481891547000e+00,-2.542747566206924326e+00,3.310432615279557123e+00
5.997232064184110811e+00,2.834801246761746718e+00,-2.252442789854492755e+00,5.405785804746036760e+00
4.049408452185662810e+00,1.430077909552437410e+00,-1.690928790660417569e+00,6.777248579211794244e+00
8.720113694950365479e-01,-1.291365855710705224e-01,-1.298655316817426186e+00,6.826723295534843139e+00
-1.770884496694923094e+00,-1.588035201842370681e+00,-1.286367691590217799e+00,5.471279905809444344e+00
-3.207489153381382518e+00,-2.661731284731367442e+00,-1.443168435463321186e+00,3.154272014008396852e+00
-4.121721279529633186e+00,-2.969977579269296619e+00,-1.431192381387266233e+00,6.636895775929703145e-01
-4.961951127946886864e+00,-2.189947224572299955e+00,-1.228959307784750266e+00,-9.507508516879080718e-01
-4.691566121674676459e+00,-3.810929402549080303e-01,-1.194656536459651974e+00,-5.180086073723362272e-01
-1.670425213469912018e+00,1.790559210577503890e+00,-1.614633230875687220e+00,2.728281453036886628e+00
4.192361333514513788e+00,3.215907390429300960e+00,-2.196036525488951785e+00,8.306073756041685741e+00
1.033928767788408543e+01,2.929738501083062996e+00,-2.130730842175488693e+00,1.395918553548205487e+01
1.276575045919621054e+01,7.856289589548874908e-01,-8.368321435312179313e-01,1.627250380579180700e+01
8.739532663089944364e+00,-2.308402684978774655e+00,1.286630349653354877e+00,1.261533858844593148e+01
-9.991564337466081192e-01,-4.878561992624576682e+00,2.942233344851377108e+00,3.268836006933285798e+00
-1.245554036307318491e+01,-5.803256688040829836e+00,2.949186984395205435e+00,-8.204057627608650094e+00
-2.120802899286395160e+01,-4.956480492723469133e+00,1.282873466781794036e+00,-1.719888536675152579e+01
-2.561929793786025300e+01,-3.089315573347623189e+00,-9.021725293652963495e-01,-2.136957707080572177e+01
-2.748469862465534419e+01,-1.133357079990042315e+00,-2.328371590343725206e+00,-2.218415728305928525e+01
-2.957799920443143904e+01,4.349484160641265973e-01,-2.714055003548362599e+00,-2.337030690962416557e+01
-3.277010521218189609e+01,1.699281198512907043e+00,-2.899694103658800426e+00,-2.765253033861544196e+01
-3.559327745591502890e+01,2.936687798743816025e+00,-3.925842061826518403e+00,-3.455131390956948678e+01
-3.611396296491012947e+01,4.191626972511008020e+00,-5.985778385954471759e+00,-4.086814069566845831e+01
-3.367616464535262821e+01,5.150442087275348690e+00,-8.204866964524331507e+00,-4.317460703467503436e+01
-2.905103594146593693e+01,5.371442662647993416e+00,-9.368214948045064716e+00,-4.022871361703234783e+01
-2.367687998420780815e+01,4.643253718785959272e+00,-8.890400486814437286e+00,-3.360137867692346703e+01
-1.897167839618123963e+01,3.169912139356244385e+00,-7.214212319650066263e+00,-2.628927702735726513e+01
-1.571282843340094004e+01,1.447961931660139978e+00,-5.405754587857228621e+00,-2.054624146095360615e+01
-1.350071692991239658e+01,-3.257946565746141360e-02,-4.373236697135560291e+00,-1.662752102538880905e+01
-1.103321448554842199e+01,-1.001264654846573565e+00,-4.333871218544031123e+00,-1.328488897509207689e+01
-7.331677268215405441e+00,-1.396934324438228847e+00,-4.843204124747045647e+00,-9.332673010762077226e+00
-2.669328574893018668e+00,-1.235532392343609898e+00,-5.240154057391299247e+00,-4.780319731852518572e+00
1.823964136962543892e+00,-5.504814532445314601e-01,-5.117200965016614589e+00,-6.711629004109955776e-01
5.152010842816761027e+00,5.382275128667607378e-01,-4.508346518342436937e+00,1.894975847191088025e+00
6.765963364997540808e+00,1.756599054353964684e+00,-3.750587945063179607e+00,2.511976823336638187e+00
6.340686904405574253e+00,2.748971582874999875e+00,-3.189517336128246949e+00,1.528616812336051511e+00
3.987089485539776934e+00,3.260223107868421177e+00,-2.944611431616839248e+00,-2.941323399556136087e-01
7.465567665195014246e-01,3.266545367818797452e+00,-2.864651491059295729e+00,-2.147389758247072233e+00
-1.743619511188367666e+00,2.941950006412802576e+00,-2.684446511444562589e+00,-3.447074481334901908e+00
-2.463566266040230435e+00,2.498800841245518711e+00,-2.279353997941553800e+00,-3.993342021689191501e+00
-1.755972091257408607e+00,2.038306544582749957e+00,-1.819356713542981563e+00,-3.970771637018975841e+00
-8.094602989249857217e-01,1.525289330863891957e+00,-1.639733314817707566e+00,-3.822581585972666396e+00
-6.284288515532396868e-01,8.909608986657822083e-01,-1.865813259444662142e+00,-4.055680817053280762e+00
-1.441279246166093042e+00,1.524298294885707283e-01,-2.132812174176632602e+00,-4.927145765491549589e+00
-2.605679008772384897e+00,-5.748718785025522804e-01,-1.778802106276070827e+00,-6.062905881684012677e+00
-2.884488748646447220e+00,-1.172650837881606067e+00,-4.728556218121354737e-01,-6.411207242498419667e+00
-1.299319137581811390e+00,-1.586508798620166472e+00,1.288883969867918866e+00,-4.902004294355653435e+00
1.831113928106277156e+00,-1.754283021826446465e+00,2.407844513537383158e+00,-1.440674870758894777e+00
4.915717997465518962e+00,-1.487967680885415644e+00,2.058374741007927167e+00,2.758179043171887113e+00
6.550802265047781958e+00,-5.363660837970117834e-01,4.303580880723537616e-01,5.990558013574569074e+00
6.849368846441651115e+00,1.110429688894071898e+00,-1.399748006210998819e+00,7.318403752935487283e+00
7.033862306924474339e+00,2.952427384824934276e+00,-2.369580665973489708e+00,7.090792707841816700e+00
7.942106045832259653e+00,4.118338503123955441e+00,-2.237710681529017975e+00,6.402056923522134291e+00
9.394518598677167986e+00,3.936330472673497560e+00,-1.556504335898929448e+00,6.184592972291409474e+00
1.086530665836868614e+01,2.492276990364587608e+00,-9.396625759358696595e-01,6.715850597790095300e+00
1.211121055412986358e+01,6.443521357784800507e-01,-4.387280691412535627e-01,7.704417746829748559e+00
1.300750384490418021e+01,-5.909203671419678283e-01,3.422079950850481223e-01,8.684216360864185802e+00
1.336622419358122471e+01,-7.819302232616708315e-01,1.575519664157024602e+00,9.384763252739798389e+00
1.325196999418766097e+01,-3.120338112292712629e-01,2.739467153242912900e+00,9.796842934381368551e+00
1.304447855084247365e+01,7.957898723159234633e-02,2.882225338887206334e+00,9.880243263794607600e+00
1.279801024827770028e+01,-5.751186441302853780e-03,1.419432878077695470e+00,9.290099570449974919e+00
1.186546902115600410e+01,-3.232378978775903300e-01,-1.233399892314886781e+00,7.582812099059625055e+00
9.623031577862063202e+00,-2.913035805106418685e-01,-3.742251613054938364e+00,4.775288445437988472e+00
6.439195730994947020e+00,4.427730746286086538e-01,-4.628983877987272955e+00,1.589367412994372231e+00
3.561591841522497415e+00,1.699066437268749175e+00,-3.212164015688076635e+00,-9.680328178379089543e-01
2.105648239932701671e+00,2.918060393404083630e+00,-6.459349283600603064e-02,-2.271262420791453351e+00
2.349046384164305667e+00,3.546444447574848446e+00,3.338870660513856059e+00,-2.392668883926949874e+00
3.704163018903496418e+00,3.326975280516653921e+00,5.535729748074048828e+00,-1.966719003527873877e+00
4.884744549465775521e+00,2.357066142366045725e+00,5.902147705774480002e+00,-1.842895156808015855e+00
4.303130919644172714e+00,9.821116172295474289e-01,4.847963274304015968e+00,-2.667875443999898621e+00
1.114088709512470965e+00,-3.600732386306018107e-01,3.346444241288088595e+00,-4.498953224810574802e+00
-3.747990804076831495e+00,-1.276786828550739550e+00,2.222838989306306967e+00,-6.734687182596898580e+00
-7.970543228536171476e+00,-1.534348832925029438e+00,1.703963964688326893e+00,-8.541355447989063876e+00
-9.750751089418049133e+00,-1.156015997957345220e+00,1.464046490214853335e+00,-9.447955813603471142e+00
-9.304059499402741906e+00,-4.538035363200774164e-01,1.034162093774229296e+00,-9.578068659514501704e+00
-8.503220537436588344e+00,9.832315432712428194e-02,2.139148662578336246e-01,-9.441950482961072311e+00
-9.278094955206293903e+00,1.480971853829888829e-01,-8.293186032594198620e-01,-9.656501238228926809e+00
-1.233414141277546427e+01,-2.672026659963087081e-01,-1.798119529712729481e+00,-1.077551522978125753e+01
-1.681848316680221345e+01,-6.829234883485598706e-01,-2.558389361057564759e+00,-1.305692067667018108e+01
-2.077333561067088752e+01,-4.655218087184668785e-01,-3.174944643920126097e+00,-1.617123670012201231e+01
-2.232165135856581273e+01,7.596241516528647875e-01,-3.679259949925237194e+00,-1.925414191338441938e+01
-2.118361661358422054e+01,2.756744797714400175e+00,-3.886331218811626353e+00,-2.151109611766927543e+01
-1.919878341751971007e+01,4.668536162221549546e+00,-3.535612665399896937e+00,-2.289421427477928361e+01
-1.892942100266110472e+01,5.467307455542967709e+00,-2.630936613587942841e+00,-2.414566925936825470e+01
-2.149817240496085802e+01,4.657358895371727314e+00,-1.562455461210347840e+00,-2.612736572780526245e+01
-2.590879154689493902e+01,2.711639265184105252e+00,-7.952770769451183996e-01,-2.909700730826576986e+01
-3.042159712133003069e+01,8.152260530453742104e-01,-4.111929327218393215e-01,-3.259726044352748886e+01
-3.423673258949160214e+01,3.401130052405930415e-02,-3.029508430647370396e-03,-3.597265263887158682e+01
-3.778598492528240627e+01,5.649266816537888980e-01,9.385476307134233975e-01,-3.896897772921066405e+01
-4.184193333138095738e+01,1.690823233513048196e+00,2.541214914553722171e+00,-4.187946981899380461e+01
-4.663796473650278784e+01,2.442282070985873244e+00,4.455469764901703655e+00,-4.513453111894306602e+01
-5.156793759178510328e+01,2.364051699730473022e+00,6.189454894049921663e+00,-4.870626039864293944e+01
-5.543820623985750728e+01,1.771892907860675326e+00,7.475927620680341334e+00,-5.190242752750293675e+01
-5.724892926378120706e+01,1.402004486116212201e+00,8.318421261846948411e+00,-5.383960580330099077e+01
-5.710356506417740263e+01,1.837814167604486570e+00,8.773390259899123578e+00,-5.421990046693552756e+01
-5.626812890993770111e+01,3.145744794023364932e+00,8.799227621787455433e+00,-5.362592318420968951e+01
-5.604236983677601813e+01,4.871714428276889386e+00,8.369370940976661899e+00,-5.298214618307823542e+01
-5.660022377252786896e+01,6.295571305246119742e+00,7.701759518003876259e+00,-5.273357082738185397e+01
-5.707450134105272355e+01,6.776699644352460083e+00,7.281560479429288968e+00,-5.257906013663594536e+01
-5.653147483135832374e+01,6.052853155115408335e+00,7.522952551868343107e+00,-5.191134787229493952e+01
-5.454964923161467993e+01,4.365690321517267769e+00,8.277995626676700525e+00,-5.037985458537223593e+01
-5.114929065356856341e+01,2.327872118586565175e+00,8.642454400367384437e+00,-4.807159918390270548e+01
-4.680402691322528597e+01,5.918244716991902798e-01,7.391147516296337372e+00,-4.534569236812244242e+01
-4.254813176916192674e+01,-4.629078592462276820e-01,3.899944385493319565e+00,-4.257086791185527375e+01
-3.940290640765484653e+01,-8.187029939607427531e-01,-1.114814360828364270e+00,-3.989566517906534671e+01
-3.730039754520529272e+01,-6.763845849989112979e-01,-5.779503671642746809e+00,-3.714951227445786941e+01
-3.487583526295077263e+01,-2.577262621936554088e-01,-8.247744528788915730e+00,-3.398339416029043747e+01
-3.065434524512023273e+01,2.675367680525887470e-01,-8.022748180654087236e+00,-3.016787625572672127e+01
-2.435193805625684504e+01,7.237060878016627896e-01,-6.292181412416606889e+00,-2.578199108030886677e+01
-1.698371536034638041e+01,8.939389307649273642e-01,-4.974619644172357802e+00,-2.115565241516073414e+01
-1.006742649233871312e+01,6.264350334509870555e-01,-5.312337538131979287e+00,-1.668269951785114458e+01
-4.883601481669811228e+00,-2.894956440617362653e-03,-7.163084010122845235e+00,-1.265717477677437941e+01
-1.968870003899769294e+00,-6.674799706952407874e-01,-9.422728857294002225e+00,-9.177215351409422794e+00
-7.109976218146916160e-01,-9.533634387793040732e-01,-1.104454318109304189e+01,-6.153341957882131119e+00
4.186531078138828743e-01,-5.459547083933635747e-01,-1.176242807089930587e+01,-3.467337231098085670e+00
2.643503821252133346e+00,6.889766009647646516e-01,-1.203682579120405904e+01,-1.168113292574501028e+00
5.757611656883675266e+00,2.662492252520961333e+00,-1.244582479188878388e+01,5.516163582837102508e-01
8.544481648667204610e+00,4.979681137108048716e+00,-1.313502282897957230e+01,1.653529631085538076e+00
1.034961070479782386e+01,6.943719753824159291e+00,-1.376353525460830696e+01,2.493500117939888572e+00
1.186921158287774603e+01,7.824542811859928726e+00,-1.388166406720268320e+01,3.649971139432062639e+00
1.428877051448239399e+01,7.302063037158146308e+00,-1.332586861763076946e+01,5.477856530432832827e+00
1.799951907727798783e+01,5.737720071454903703e+00,-1.229493175557986362e+01,7.904590349769327062e+00
2.228817816403818597e+01,4.023643539399401448e+00,-1.112811453759017866e+01,1.069070700988624623e+01
2.590456663769471390e+01,3.094000421867506567e+00,-1.005817176853765815e+01,1.377630801817303130e+01
2.774944352294598460e+01,3.408020130343279330e+00,-9.148288167193271647e+00,1.725264516588345742e+01
2.747957260940139790e+01,4.693637445523608065e+00,-8.387692426603736706e+00,2.101695419069184467e+01
2.591385935778820127e+01,6.091386258861998471e+00,-7.793270719233842847e+00,2.455003437669751420e+01
2.464242902565782600e+01,6.650484543345601018e+00,-7.428907229345982799e+00,2.707411021904867710e+01
2.476641929269852938e+01,5.907993314604745194e+00,-7.364155647649877068e+00,2.798480596499699047e+01
2.597874511477361636e+01,4.154006344430776210e+00,-7.605488166550049556e+00,2.730369907739558144e+01
2.705641473248376627e+01,2.171008467749061310e+00,-7.996282211612282254e+00,2.585543191580776323e+01
2.709428292911443847e+01,6.717684041185182364e-01,-8.136460132244049959e+00,2.488119817710692772e+01
2.602401583757110970e+01,-8.768635210030786831e-02,-7.476938418290255406e+00,2.515846242976120806e+01
2.424193328418787985e+01,-2.666563303023363751e-01,-5.668611699819742000e+00,2.630723915403746815e+01
2.232722735443347517e+01,-1.470355250045622675e-01,-2.951105100425412520e+00,2.703948962827211489e+01
2.113961686386523908e+01,7.563215410068774291e-02,-1.869679195141030759e-01,2.627726738277716123e+01
2.158191379782901365e+01,2.840025350214401278e-01,1.614810002160512514e+00,2.415796531218069276e+01
2.388053198622234419e+01,3.303821579398701358e-01,1.966599172687953478e+00,2.201292391210714428e+01
2.727832831019719961e+01,1.699162188720328148e-03,1.219036339623940313e+00,2.136131061224937966e+01
3.058449974994876541e+01,-8.648272031377722824e-01,2.531154522901937209e-01,2.278206422163589551e+01
3.284145802604306397e+01,-2.174012762793050335e+00,-2.100579749552889397e-01,2.552471963673587041e+01
3.349114461987004177e+01,-3.455696854366927973e+00,-1.243265520618568737e-01,2.808437415814092120e+01
3.243676783304970002e+01,-4.039745744247618120e+00,-4.884703686172611747e-02,2.925610095079895956e+01
3.030395837566923234e+01,-3.514470365257195805e+00,-5.774169688407531087e-01,2.884861322005589201e+01
2.827635676803247833e+01,-2.129990890558273176e+00,-1.774353389519279345e+00,2.753594700291371566e+01
2.718143114166791463e+01,-7.323691239857336166e-01,-3.097489840648490311e+00,2.610156532744481694e+01
2.684583742718984567e+01,-1.857826643032154668e-01,-3.833132817802838321e+00,2.484990722293415288e+01
2.668440049001489456e+01,-7.311684170582672948e-01,-3.629622032009781840e+00,2.363278060020805427e+01
2.673660481386272636e+01,-1.822236139240339226e+00,-2.704755631426049689e+00,2.219979474442581946e+01
2.764440906276682242e+01,-2.566046507754757400e+00,-1.646098943511235202e+00,2.039835045344393549e+01
2.960947983247615056e+01,-2.383905121464727994e+00,-1.019804898356223122e+00,1.820825246475604686e+01
3.177873719302823829e+01,-1.365648622052304528e+00,-1.042494523575893561e+00,1.583957203625060473e+01
3.272516896660015817e+01,-9.780847303134196369e-02,-1.478001019848576236e+00,1.379658441048902162e+01
3.125524666172885091e+01,8.113953030422855761e-01,-1.823106587971980774e+00,1.262406186424169974e+01
2.691309755899638034e+01,1.092036446151823714e+00,-1.700281131310957372e+00,1.247654084887879478e+01
2.041609150467393974e+01,8.168317432863378968e-01,-1.194731571543547144e+00,1.301948483958045699e+01
1.388334956463910608e+01,1.595723362119103872e-01,-8.448211393401277025e-01,1.378804348950889036e+01
9.929207887492632167e+00,-7.899060667897018773e-01,-1.230535904295960492e+00,1.451375701801632090e+01
9.648943588701689222e+00,-1.981250630859416217e+00,-2.441898769069831054e+00,1.502724054191968328e+01
1.140257647420852116e+01,-3.245422764833862050e+00,-3.858190585144050555e+00,1.499870542468796053e+01
1.206318306263943718e+01,-4.260772132222125030e+00,-4.477584004513450289e+00,1.400115919553756072e+01
9.775853952861018215e+00,-4.719908162451607048e+00,-3.618712539262995076e+00,1.191291623672447386e+01
5.585587658583675896e+00,-4.543512429008202957e+00,-1.487470685831761674e+00,9.252966113011812155e+00
2.569895834807012669e+00,-3.935377382087900333e+00,8.527182245406567107e-01,7.135019368923334326e+00
3.444716051325510175e+00,-3.209670296059274452e+00,2.152245858018870361e+00,6.793054154735793659e+00
8.456943761407663018e+00,-2.511091093374878458e+00,1.843936655123547430e+00,8.794138123674450469e+00
1.484182335221607119e+01,-1.671865255156707919e+00,4.700748492071186169e-01,1.232937311860161245e+01
1.835518802927394688e+01,-3.914342843817881779e-01,-6.921489257711676002e-01,1.526625219455050519e+01
1.620511474391109630e+01,1.358603893060269741e+00,-5.727109662359516351e-01,1.528667250103610975e+01
9.160557633798918076e+00,3.088988268115471225e+00,8.847039876060551755e-01,1.138528816964373824e+01
7.265088839207244353e-01,4.022259272669034935e+00,2.689339823183054978e+00,4.456257348055895129e+00
-5.923500019600105304e+00,3.667416736147459222e+00,3.578555718802916008e+00,-3.466470965732159737e+00
-1.006831835599972891e+01,2.241328645271689179e+00,2.975616524401248686e+00,-1.045334274029994859e+01
-1.269923254661149592e+01,5.523314285291971437e-01,1.362705370895660906e+00,-1.535607622421607843e+01
-1.449471087203734498e+01,-5.662544637368196465e-01,-1.828710285273561775e-01,-1.778849911424092411e+01
-1.512365236716312467e+01,-8.253971991047990286e-01,-8.361353764641864528e-01,-1.793040305682703561e+01
-1.416849116447461299e+01,-6.436439906088515794e-01,-5.380553953667841505e-01,-1.640357268722803497e+01
-1.200276116084217648e+01,-8.187420245700989252e-01,1.687982314805230588e-01,-1.406473718169994491e+01
-9.678160691727493159e+00,-1.944058923091770641e+00,7.057485222468685704e-01,-1.168639140421676537e+01
-8.316634616049377371e+00,-3.947190688940040104e+00,8.629736818047538671e-01,-9.740090140219388459e+00
-8.530156853549090812e+00,-6.054765396984978842e+00,7.553422274758437860e-01,-8.362349237494884235e+00
-9.910288056538311352e+00,-7.233724038007806278e+00,5.297128542923762451e-01,-7.374456353158594268e+00
-1.096904272336398734e+01,-6.836938438169168464e+00,2.059826888746033036e-01,-6.337356670834793704e+00
-1.007143812759542278e+01,-5.011142468988957432e+00,-2.201106168054167977e-01,-4.773382432060404135e+00
-6.796932643210548797e+00,-2.583246067869505946e+00,-6.122480939595824623e-01,-2.512053734001622907e+00
-2.294256497274484996e+00,-5.271414341435946005e-01,-6.975721502737508573e-01,1.183157611255561126e-01
1.738174433961161336e+00,5.953166226347356149e-01,-2.470124656062970825e-01,2.420083365052833280e+00
4.181678772446587367e+00,8.476829993270283969e-01,7.326724571921280349e-01,3.668181824486635545e+00
4.715134389910678792e+00,6.914625918116633629e-01,1.939119510491724485e+00,3.509037612159374486e+00
3.615742871383600843e+00,5.387345903247617862e-01,2.887476461293795094e+00,2.311039111518733868e+00
1.851730886202587856e+00,4.515878615442188715e-01,3.152280064558857564e+00,1.210780688808535066e+00
9.982611849209396260e-01,2.122090124852738513e-01,2.615857119658296259e+00,1.557743579385630461e+00
2.338303591387558722e+00,-3.511493802753919979e-01,1.558053061970895659e+00,3.964845765540338185e+00
5.844765876308204433e+00,-1.123049835537597074e+00,5.041996678233692242e-01,7.751324241424104144e+00
1.023201024427222450e+01,-1.769185749270298036e+00,-7.538539134551901222e-02,1.132215566639650284e+01
1.392139522675423891e+01,-2.014199456452091752e+00,-1.467855088398861349e-02,1.313223138797183154e+01
1.576113507940160652e+01,-1.845037964256567076e+00,5.002540799505341695e-01,1.245802926257162291e+01
1.518409604142949298e+01,-1.469249171655369723e+00,1.096525047639312245e+00,9.625507888516068533e+00
1.243149146686610784e+01,-1.098892449739989674e+00,1.469889504393037560e+00,5.806086138147627196e+00
8.802882657715354497e+00,-7.617026510007671725e-01,1.548872969992252990e+00,2.472524590288221358e+00
6.080374022084510166e+00,-3.005209572774367732e-01,1.462405869081416565e+00,6.153549917948041292e-01
5.208686220748178997e+00,4.271201913017107499e-01,1.372531770157896069e+00,1.840562355807767725e-01
5.650572494195122530e+00,1.321923797369547460e+00,1.336048873570577111e+00,2.862422952677063370e-01
6.185685660449073531e+00,2.040392562934106202e+00,1.311489632868747979e+00,4.690536304842632398e-03
6.097801358149099293e+00,2.280835514236750239e+00,1.287157588394050034e+00,-9.551424816206777191e-01
5.463025227253586635e+00,2.078550790259162007e+00,1.374952008782510005e+00,-2.296521226397801652e+00
4.702366180299604181e+00,1.751472494514694223e+00,1.709834936054158261e+00,-3.559068298069585357e+00
4.218177289161759269e+00,1.516232991196610369e+00,2.193606823932811700e+00,-4.428672644288663029e+00
4.148834064847438441e+00,1.219062907049295541e+00,2.378844414034152255e+00,-4.831527812697727242e+00
3.994348206656877398e+00,5.347545001104114792e-01,1.763190222258606665e+00,-4.951205119078001538e+00
2.678473626983100431e+00,-5.646461288654632815e-01,3.415868373464345797e-01,-5.125668326700577815e+00
-3.976980399792172660e-01,-1.623369299299037838e+00,-1.143105160214331395e+00,-5.564007156032458212e+00
-4.222279422010190686e+00,-2.064051036575521358e+00,-1.644017028673624869e+00,-6.120913044472364284e+00
-6.503718250250230426e+00,-1.753243401975231874e+00,-6.428623450084678392e-01,-6.392624999149857601e+00
-5.412353177618366651e+00,-1.167632651778135688e+00,1.407088926016773822e+00,-5.988940907104360889e+00
-9.838550918284274527e-01,-9.448279205481417975e-01,3.453030409310180016e+00,-4.647503226897974571e+00
4.989700659066749644e+00,-1.246493277954681345e+00,4.645900981526670748e+00,-2.215806937275585753e+00
1.002691210707613401e+01,-1.593659871489317092e+00,4.834740968749208889e+00,1.198873495419858992e+00
1.204356999148388319e+01,-1.375682601254996973e+00,4.426348302320217698e+00,4.955980240753476096e+00
1.028895861290737024e+01,-5.257190606729121862e-01,3.903329259016271369e+00,7.960812229682545649e+00
5.955749009475114875e+00,3.489854361196778609e-01,3.474224561593578731e+00,9.306168855681319130e+00
1.688118174711026320e+00,5.405696985172798730e-01,3.051251187218623873e+00,8.982501483404355724e+00
-1.357955323409543169e-01,-5.412570312981934695e-02,2.431023160453975596e+00,7.970609202924946679e+00
1.073214982215308977e+00,-7.865592393835791896e-01,1.482108217096066660e+00,7.584601311783927713e+00
4.187971906844500047e+00,-7.756146929711794646e-01,2.632112500330003879e-01,8.547163021331103394e+00
7.565892928377157212e+00,4.053218266656633539e-01,-9.180440665556992563e-01,1.042733814023498695e+01
9.885819239291986804e+00,2.414722841640981610e+00,-1.552375645617691147e+00,1.184495138414142978e+01
1.025111920123051590e+01,4.347768255379587110e+00,-1.186191189578292171e+00,1.140643214858992849e+01
8.342092377744727116e+00,5.252942604512719882e+00,1.580430737847531297e-01,8.764433420094514204e+00
4.778158127832332625e+00,4.656117002780271186e+00,1.728829483260412081e+00,4.932191196891811735e+00
9.055944317282130784e-01,2.833538666263299088e+00,2.333826805831558548e+00,1.544484679756735090e+00
-2.147053804201701332e+00,6.766962648631060784e-01,1.143595436671256405e+00,-2.503627853443538553e-01
-4.154004892279134609e+00,-8.187421956966919323e-01,-1.553394236693055097e+00,-2.930716334586922489e-01
-5.563360505218646779e+00,-1.161256594695245559e+00,-4.336087293891137229e+00,8.923721201312913021e-01
-6.917371465871770653e+00,-6.635419641491038245e-01,-5.543760586941101742e+00,2.607998472277914814e+00
-8.576768474153764643e+00,-1.933087090978154732e-01,-4.447657017252990563e+00,4.209295682352554913e+00
-1.055034520842579582e+01,-5.302665447637963103e-01,-1.753526007981560220e+00,5.172738109136697737e+00
-1.221201838879333401e+01,-1.796192008810620688e+00,9.686681036198392380e-01,5.231229545259091118e+00
-1.243994051156999703e+01,-3.369919471020430546e+00,2.408137393200449505e+00,4.454939936654702670e+00
-1.049565907854506364e+01,-4.332301500604105904e+00,2.264146738027303929e+00,3.138030550715297906e+00
-6.790431468741191523e+00,-4.116543542685144885e+00,1.142286632646690059e+00,1.698500053230703299e+00
-2.576840794132707391e+00,-2.914630283486244089e+00,-1.173000664550813976e-01,7.687024659185124342e-01
1.021768731384085971e+00,-1.561139705078234297e+00,-1.022685208253384381e+00,1.186005877487609439e+00
3.499837450007347250e+00,-9.776144011749224871e-01,-1.516344778601523613e+00,3.531218407859438635e+00
4.814566668634641999e+00,-1.580396823419674357e+00,-1.683515123370021627e+00,7.482818527988983170e+00
5.309051400379163788e+00,-3.069888782822439932e+00,-1.502165764889716870e+00,1.168696178391096119e+01
5.772127024110304205e+00,-4.693230735356585193e+00,-8.983835218096012376e-01,1.442253055421549490e+01
6.953209861226154587e+00,-5.702076759873348166e+00,3.012093878505214470e-02,1.459928901499634790e+01
8.664910991224928694e+00,-5.657281416882062430e+00,9.650957536348427901e-01,1.239729169031840783e+01
9.655841621590708357e+00,-4.476624999040658359e+00,1.621634611009795890e+00,9.159535085090345419e+00
8.679380294093697046e+00,-2.369039514037238003e+00,2.041175002561852914e+00,6.555880346161218952e+00
5.575509588762827207e+00,2.021842806636861278e-01,2.550375678827201398e+00,5.443614713598996069e+00
1.226269617811219348e+00,2.557870907831025331e+00,3.350258772741082414e+00,5.222346611671818017e+00
-3.198193936898900525e+00,3.968914934792685312e+00,4.142093869014102481e+00,4.342710015459404715e+00
-6.678303243446817028e+00,3.976165621135823169e+00,4.240552125896301483e+00,1.707784870936825961e+00
-8.412772221241251458e+00,2.698323256011978977e+00,3.165333609603309117e+00,-2.219309281366379505e+00
-8.061110232622384686e+00,8.671669270944012409e-01,1.189322008969198485e+00,-5.620419559035668478e+00
-6.054626454190646712e+00,-5.385576784251171478e-01,-6.978237765819628180e-01,-6.681905081168435956e+00
-3.459179616836089100e+00,-8.812592772036307309e-01,-1.433769227530862889e+00,-4.988807895799744152e+00
-1.518440526028893345e+00,-2.629197994934850402e-01,-6.180934339757861995e-01,-1.913436610110766933e+00
-1.358081825895278261e+00,5.850878025157649764e-01,1.240273354206667289e+00,2.445273315366976175e-01
-3.672768525705331299e+00,8.558748341557064210e-01,3.121288959914478855e+00,-2.022869602829001079e-01
-8.027809353774809864e+00,2.453483082883628486e-01,4.194325950407645998e+00,-3.129795061160290270e+00
-1.245705594818470097e+01,-8.856818816481797363e-01,4.283749009110841222e+00,-6.626445088260342509e+00
-1.445873583707033561e+01,-1.870464551515314877e+00,3.797819069892788502e+00,-8.284904202969205045e+00
-1.292173783329097958e+01,-2.292873429006865749e+00,3.264284577035036605e+00,-6.798699577780602077e+00
-8.997241751484203576e+00,-2.257270205558453924e+00,2.882048607826385833e+00,-2.697068467357956134e+00
-4.962384071585958623e+00,-2.158431416192470476e+00,2.407877315832952725e+00,2.139207524852600795e+00
-2.449952044144830587e+00,-2.213681170646694341e+00,1.422458991243929383e+00,5.643853996907822079e+00
-1.792425036358189061e+00,-2.236721420145252548e+00,-2.103358950824485429e-01,6.692221784094124715e+00
-2.444722995833998436e+00,-1.863405992962886337e+00,-2.003827929013910492e+00,5.709874911394750008e+00
-3.406564453860721375e+00,-9.717357394523199465e-01,-2.938247966226063213e+00,4.433416871652809732e+00
-3.450629322803003163e+00,1.319929818536970390e-01,-2.062956423328245581e+00,4.782920943395867042e+00
-1.706922055652627224e+00,9.256792522243598720e-01,7.216625365090499900e-01,7.495366191989692339e+00
1.612924356717168273e+00,1.077534075244144240e+00,4.324469240882258703e+00,1.158061719182741633e+01
5.240829865596441373e+00,7.077202487952031218e-01,6.983671011520555361e+00,1.502123136812044635e+01
7.690841773416660310e+00,3.007332208663555106e-01,7.395911685532015056e+00,1.601378572171469727e+01
8.022879955678742903e+00,3.153886878656136927e-01,5.621330125609715012e+00,1.377302804777814771e+01
6.098973731698650980e+00,7.803945781932295489e-01,3.028316402764195114e+00,8.662606549733320449e+00
2.688157786443760688e+00,1.241939540592572833e+00,1.298211059679919899e+00,2.002485204335708868e+00
-6.040218060708478776e-01,1.186526712131508399e+00,1.256717439511142898e+00,-4.324648438586063293e+00
-2.162106184309154244e+00,5.976189451168116840e-01,2.393012797134352443e+00,-8.633521744070451476e+00
-1.680266999335951361e+00,7.295821767198656937e-02,3.353534386010575741e+00,-1.033819472360636915e+01
-5.666151388929056010e-01,2.946587566557306026e-01,2.971851470990615862e+00,-1.027132415794323350e+01
-7.425667068154947481e-01,1.327863190055006415e+00,1.060613607158218619e+00,-1.001890942027386977e+01
-3.053461155546224770e+00,2.465970662029085325e+00,-1.557162199225437416e+00,-1.076966911467800969e+01
-6.872745497503471412e+00,2.795888366217638143e+00,-3.693212421035684478e+00,-1.258814276520645059e+01
-1.088768360814009384e+01,1.916966905789766251e+00,-4.562995020309498884e+00,-1.456986917848348995e+01
-1.393399210437326730e+01,1.563896178468114073e-01,-4.157866453126530359e+00,-1.564167793253323779e+01
-1.536372305775290315e+01,-1.782892596457447798e+00,-3.110818710471524362e+00,-1.539456372626144187e+01
-1.521675171125903958e+01,-3.286210667437183375e+00,-2.279676904849187391e+00,-1.433480707386006792e+01
-1.417697495761431270e+01,-4.032383802122973648e+00,-2.284711380476609488e+00,-1.332057971381249928e+01
-1.304285544080092940e+01,-3.977410904127629543e+00,-3.135293003475404738e+00,-1.267087098220837582e+01
-1.213733766362079969e+01,-3.321292415537142606e+00,-4.111375429881539034e+00,-1.186411923916586630e+01
-1.140252801808402339e+01,-2.489959414746769628e+00,-4.097145090590393224e+00,-1.016814537771859683e+01
-1.089280390914957053e+01,-2.005140681419324888e+00,-2.306602625877739232e+00,-7.443712538386110467e+00
-1.066179533002240909e+01,-2.212407093650393008e+00,1.085948848473884842e+00,-4.172042006176662099e+00
-1.013518311043459796e+01,-3.048608668933598942e+00,4.966214707692166108e+00,-8.048657821786168176e-01
-8.249224972625023966e+00,-4.073896052821715408e+00,7.991615998868483395e+00,2.633257109045463729e+00
-4.664545466847028088e+00,-4.789525054311303265e+00,9.427893771330113637e+00,6.272682206347756306e+00
-5.363724480098663872e-01,-4.999404148275691462e+00,9.479040608806084123e+00,9.998326496552465414e+00
2.399542405095530295e+00,-4.914748417873703090e+00,8.953192915386084749e+00,1.345794574430684065e+01
3.510470905214671422e+00,-4.921507163387731865e+00,8.598853174667212329e+00,1.629393116487483084e+01
3.848610372068297814e+00,-5.227708610796858224e+00,8.604115838865176613e+00,1.821655400873036612e+01
5.144370368492092283e+00,-5.697339143641119819e+00,8.595593413991023723e+00,1.899676664015583682e+01
8.314066337531979656e+00,-5.979915476560371701e+00,8.112933654046543097e+00,1.861672458006210817e+01
1.262498236613414448e+01,-5.777511060339057813e+00,7.141513084460757277e+00,1.741725224842061692e+01
1.594615650852251143e+01,-5.027725697849617426e+00,6.202880999023035358e+00,1.592725501700872925e+01
1.610303198698560223e+01,-3.929353676032823817e+00,5.909186440246599226e+00,1.450255024548307503e+01
1.272863905928064199e+01,-2.862698386399664230e+00,6.415512839291840130e+00,1.319839562339998373e+01
8.023741164886541100e+00,-2.240578625117725320e+00,7.285209664120158912e+00,1.193268738772363058e+01
5.180296136262946050e+00,-2.305425810760132865e+00,7.857849455761678925e+00,1.059518262592223614e+01
5.577595599856381980e+00,-2.965309819562835791e+00,7.761909228190932986e+00,8.995863300424561615e+00
7.588921563285741634e+00,-3.809711728127393116e+00,7.150589806861950670e+00,6.953861399235480079e+00
8.276455907907406484e+00,-4.333296294405976745e+00,6.514240728957656934e+00,4.626681972867181969e+00
6.089898365910154432e+00,-4.226381962697078443e+00,6.250187927694895507e+00,2.669848883389698280e+00
1.910258799184423095e+00,-3.551272512417189109e+00,6.328986046156177991e+00,1.891831133710602630e+00
-2.006875718419362631e+00,-2.719458119791722250e+00,6.310674182661117904e+00,2.688149439271368291e+00
-3.667286624734760192e+00,-2.284678342055046052e+00,5.701156882767769218e+00,4.796660024706996595e+00
-2.313205097443419955e+00,-2.628877758348260318e+00,4.382914443272313498e+00,7.507660846615808126e+00
1.411966403772620948e+00,-3.694098011811443261e+00,2.792192281645502927e+00,1.004300484796540971e+01
5.953677924431205248e+00,-4.958160331962135459e+00,1.689372463812754299e+00,1.185505802254139773e+01
9.765809109108015917e+00,-5.729272088862708223e+00,1.661031991348470127e+00,1.278933909845848049e+01
1.199932501713118072e+01,-5.574729865587132238e+00,2.703380148109525649e+00,1.308114234486757788e+01
1.242263265462375088e+01,-4.566846025064839942e+00,4.202139659399210636e+00,1.317694729487006278e+01
1.105735607479083349e+01,-3.198608047222465167e+00,5.339489440451211877e+00,1.350525213357504128e+01
8.357753052571613495e+00,-2.104195224278297527e+00,5.632167706493166115e+00,1.432368449220685491e+01
5.606318907407912278e+00,-1.793737910608142805e+00,5.206296560849077437e+00,1.559252826469409925e+01
4.413087526151133311e+00,-2.460785678290984269e+00,4.629233438795700373e+00,1.684454553523575271e+01
5.403877333670325633e+00,-3.838360955831305876e+00,4.459914672235705702e+00,1.728758403307797664e+01
7.640433428389229675e+00,-5.202821592219105895e+00,4.862421539169035967e+00,1.632875223332492709e+01
9.563422921678972344e+00,-5.692998109786001848e+00,5.533078500578217707e+00,1.415465384316510367e+01
1.028799179459779189e+01,-4.866615649235079388e+00,5.940856762333321051e+00,1.169858876656266311e+01
9.868620316947179560e+00,-3.072404435655791577e+00,5.678869284817527507e+00,9.893149322770522502e+00
8.774392542484990898e+00,-1.247376616384186843e+00,4.688802276988549345e+00,8.924135546705059596e+00
7.575614046314879779e+00,-2.338505134825797915e-01,3.244551893401212972e+00,8.200834879858874160e+00
6.881950640425332111e+00,-1.727648344955175774e-01,1.761589316206187972e+00,6.967322881148478864e+00
6.979518744504320082e+00,-4.809886517438778930e-01,5.909261880029459402e-01,4.922239343468038264e+00
7.438511853673875684e+00,-4.000385465853456002e-01,-9.298394475553020677e-02,2.413148199868545341e+00
7.456742270778797810e+00,3.874521923926130818e-01,-3.004339253873195004e-01,2.201195808911166896e-01
6.713697259002595175e+00,1.587418201995175249e+00,-1.647243336080164988e-01,-8.874983878301009321e-01
5.661115877329083723e+00,2.635611539644908241e+00,1.576829801352013505e-01,-6.159115841222937426e-01
4.956646717080825049e+00,3.165264145123489747e+00,5.842770775878043388e-01,6.506706004103974816e-01
4.864522767229853883e+00,3.185109858892447132e+00,1.146190391683909349e+00,2.100168134543936027e+00
5.177491978483510948e+00,2.901254658622171245e+00,1.938887708861398274e+00,2.997057970768500557e+00
5.350766005111872836e+00,2.441628816521606904e+00,3.009838023090309900e+00,3.013683278835734392e+00
4.660550908154194261e+00,1.752571389749193909e+00,4.260179649301497840e+00,2.250125086816388009e+00
2.695029870786422865e+00,7.171469831636108072e-01,5.445941675973648977e+00,1.169992052455059550e+00
-3.890188966517191260e-02,-6.499253497682969671e-01,6.308452010136440080e+00,5.470318910675167068e-01
-2.305095631865516470e+00,-2.107217231656159040e+00,6.754881766866514425e+00,1.200170158394049391e+00
-3.208941661530914313e+00,-3.263723548735368851e+00,6.934495711026049669e+00,3.477235293593473386e+00
-2.846866078684035184e+00,-3.761784885796145339e+00,7.120521171964168339e+00,6.913452493165824109e+00
-1.695784618681300815e+00,-3.435480025202317655e+00,7.486787736664641812e+00,1.042539764210199493e+01
2.245800536110542089e-01,-2.372470155087467614e+00,7.980077234494333815e+00,1.283868070076331769e+01
3.065416218873759924e+00,-9.044647229533193666e-01,8.397091389925776639e+00,1.333678058912596320e+01
6.216353361707427361e+00,4.470816876139680485e-01,8.571570488001187371e+00,1.174175148283866754e+01
8.279386873883476383e+00,1.123997809707245832e+00,8.484665437471408111e+00,8.681600452744511642e+00
8.148606195475988301e+00,8.168067736409636570e-01,8.217664934797062060e+00,5.437406469408599285e+00
5.833625622842127711e+00,-2.763795453405162306e-01,7.830909342705012044e+00,3.272979880733766223e+00
2.235379881264759838e+00,-1.500792844359828848e+00,7.297186893182139755e+00,2.618453679652741783e+00
-1.452517285752267684e+00,-2.175219401880919889e+00,6.532952836899874605e+00,2.838638299763763140e+00
-4.050219989539032284e+00,-2.072178496328222153e+00,5.482746799922061598e+00,2.821129836270275248e+00
-4.706018533087187983e+00,-1.515222834170651289e+00,4.196999643679234282e+00,1.826592951961054201e+00
-3.406417111691401711e+00,-1.026450925786402735e+00,2.863841996949066715e+00,-7.774680570997430373e-02
-9.979106575333959173e-01,-8.840044070585734159e-01,1.766611229077653666e+00,-2.153148227320737629e+00
1.620948465232852076e+00,-9.683068937648775520e-01,1.160372746375212261e+00,-3.467405501682968794e+00
4.181969073422256322e+00,-9.424308339718054928e-01,1.116688152018799007e+00,-3.500305558109208182e+00
6.689148137313816633e+00,-5.450674884307536994e-01,1.437347976371596170e+00,-2.600251753272190935e+00
8.668907372277450563e+00,2.173164399876578723e-01,1.723879211368910314e+00,-1.866004106787903627e+00
9.260680029858651352e+00,1.056744700215177524e+00,1.597594371746866582e+00,-2.341447424867836080e+00
8.027125047986773509e+00,1.551736115292279283e+00,9.441673944892612358e-01,-4.122690474833293983e+00
5.322095128524956031e+00,1.384484456906155625e+00,3.742989920828006245e-03,-6.188531650003625373e+00
1.903399329220657021e+00,5.456814045012507997e-01,-7.748064672088132987e-01,-7.106051533488035865e+00
-1.442979365564712735e+00,-6.133706656989107442e-01,-1.005177100037230487e+00,-6.006785594216374591e+00
-3.957965277473119770e+00,-1.526228675396070544e+00,-5.592360924237456121e-01,-3.144397201049712542e+00
-5.156688291058867613e+00,-1.692842669724207383e+00,4.076847846403561793e-01,2.494789343996146602e-01
-5.280354876369855788e+00,-9.487418127420512715e-01,1.539617825821908426e+00,2.705561303296889708e+00
-5.164583111495708145e+00,4.450891360957990317e-01,2.384724071514438215e+00,3.434737923223002642e+00
-5.399329135670865476e+00,1.958602613065359543e+00,2.516719134075784403e+00,2.775050533404876063e+00
-5.826689473455121338e+00,3.083795688089781439e+00,1.699492804148874603e+00,1.763543450801681400e+00
-5.990948081200310860e+00,3.550763522143775663e+00,5.291692630623329868e-02,1.215825917863796013e+00
-5.721010911664746068e+00,3.351013695411705573e+00,-1.904302537866155109e+00,1.202017023342854207e+00
-4.995358766259076155e+00,2.637980288997221923e+00,-3.446722526659545593e+00,1.315531885270557089e+00
-3.612424391583805239e+00,1.651649835152981804e+00,-4.034405112136718152e+00,1.229461358397535342e+00
-1.527912105211372218e+00,7.051142165726870248e-01,-3.667233186155155256e+00,8.901262660536654048e-01
5.785292060032799499e-01,1.276369596904651516e-01,-2.894643466871916537e+00,3.588543253611204964e-01
1.593546521010962946e+00,8.593096549032966380e-02,-2.385941776943966808e+00,-2.679370063005772074e-01
1.003609375335103637e+00,3.986053249033328916e-01,-2.350137350563944683e+00,-7.508768418824069979e-01
-5.619544706318791993e-01,5.768418899545000311e-01,-2.309210222077028529e+00,-7.021087003437971319e-01
-1.837148633915406615e+00,1.728728168269861865e-01,-1.507096622478784065e+00,1.516597126522799266e-01
-1.808639678547880880e+00,-7.902469125944112660e-01,3.156480232958538967e-01,1.623610587560049279e+00
-3.096002766804155648e-01,-1.686787960616172644e+00,2.464499361934740396e+00,2.937931000219867528e+00
1.785629352337568587e+00,-1.650509901848728589e+00,3.653274658058332847e+00,3.020752706183238434e+00
2.957094887556683815e+00,-2.222298155558165567e-01,2.967366961799389191e+00,1.196040227114244292e+00
2.219945565434520152e+00,2.227810534396306164e+00,6.010174374588945767e-01,-2.146615033412160312e+00
2.369836943421728404e-01,4.699878502076019871e+00,-2.295993115991025846e+00,-5.610707681706604610e+00
-1.123968241402383939e+00,6.261876560671507441e+00,-4.500625732962520331e+00,-7.762188118584893992e+00
-7.496269992409489991e-01,6.648365780628656019e+00,-5.521363765218135100e+00,-8.195277034771638824e+00
3.697617049059160332e-01,6.263750054218068186e+00,-5.700008074479136155e+00,-7.650061359997922139e+00
6.934318980517954756e-02,5.692120922528541627e+00,-5.706752855895373955e+00,-7.139641399137416578e+00
-2.814875930539916471e+00,5.258519096547582983e+00,-5.985310974420782415e+00,-7.082098058844205291e+00
-7.394809595794012758e+00,4.995633703718501906e+00,-6.547771083523611146e+00,-7.237583171257286452e+00
-1.157451531763536501e+01,4.851916281145352450e+00,-7.100153836539703001e+00,-7.231659187162554403e+00
-1.353719968338974411e+01,4.789766212033256920e+00,-7.275836293530800525e+00,-6.964737609322139811e+00
-1.263228377192106677e+01,4.709013894067801687e+00,-6.831172110817254506e+00,-6.625362564023201450e+00
-9.520277979098430876e+00,4.419262625721612991e+00,-5.776392249594263895e+00,-6.499137020940866094e+00
-5.736405786703615561e+00,3.800418278875392630e+00,-4.421932300462521503e+00,-6.756961969526043887e+00
-2.723937108244936844e+00,3.003678130194855189e+00,-3.285817738284947609e+00,-7.286641904447358264e+00
-9.429092114646173695e-01,2.438551624946224461e+00,-2.853071228086779598e+00,-7.703720139433313463e+00
2.663921662373800250e-02,2.478811864183905644e+00,-3.295628140734673028e+00,-7.630830314440683715e+00
5.702192136882678897e-01,3.105282334610167005e+00,-4.331730418990613174e+00,-7.016887802435840094e+00
6.304458744278701454e-01,3.821739521730732836e+00,-5.340946805239157769e+00,-6.146240654807556325e+00
2.948863866848204784e-01,3.992833866888345629e+00,-5.689409538548383161e+00,-5.353431407612548654e+00
2.075841547502151885e-01,3.368042186883522859e+00,-5.076209184312973299e+00,-4.809766051566175094e+00
8.850544132061232139e-01,2.328274989092578906e+00,-3.690822632745186738e+00,-4.557801818318425013e+00
1.882704900549509786e+00,1.609643453716095740e+00,-2.094091839830660273e+00,-4.579812491542105235e+00
2.168944988746449365e+00,1.743988885522744114e+00,-9.145722250789226626e-01,-4.740938517709881950e+00
1.296538461680887044e+00,2.691991725864439911e+00,-5.484932105517080769e-01,-4.791405114398004095e+00
-1.597195048647230831e-01,3.908407884292729229e+00,-1.005687647668173312e+00,-4.573725368075153952e+00
-1.268409654649824692e+00,4.703188351314479654e+00,-1.937675559404059555e+00,-4.192040135579754079e+00
-1.490698072906983196e+00,4.637044648175529638e+00,-2.820191203535609592e+00,-3.877420450997905110e+00
-8.669269733338049733e-01,3.774734324270423880e+00,-3.229798139531131262e+00,-3.737476034771296973e+00
6.515748690247646913e-02,2.674783267575476575e+00,-3.092939604401307552e+00,-3.754965824578315292e+00
4.997002630275466650e-01,2.046179016582159171e+00,-2.738186384157698328e+00,-3.977319190923885639e+00
3.400136669420038282e-03,2.222771557366636230e+00,-2.665638966992649905e+00,-4.525876666015352434e+00
-8.874919148601556618e-01,2.857822803987366989e+00,-3.160297032136423212e+00,-5.378809098663050570e+00
-1.128061097255736778e+00,3.151464117179342050e+00,-4.033224937298313328e+00,-6.275951437717179893e+00
-4.615387338862139144e-01,2.461057433334910893e+00,-4.702235031601933457e+00,-6.888306182095374375e+00
1.566735059672703656e-01,7.780230862442325535e-01,-4.571739925469221255e+00,-6.983406281635884838e+00
-2.051381962956038973e-01,-1.309836864144659385e+00,-3.454390319834166778e+00,-6.429491302480660586e+00
-1.145136553993409523e+00,-3.071267366582767888e+00,-1.750676901233783056e+00,-5.260485376953350389e+00
-1.370526705946079282e+00,-4.076201582843122395e+00,-2.591745552848228051e-01,-3.893971323221033121e+00
-3.058391575158087572e-01,-4.308682877608125850e+00,2.748145735982678861e-01,-3.125195161057733539e+00
1.236466493407250455e+00,-3.972171656487315961e+00,-4.166256220259397236e-01,-3.628724509615935290e+00
1.968666363157908439e+00,-3.254946700445223495e+00,-2.009563148817158584e+00,-5.397472838977340537e+00
1.276832914604660862e+00,-2.276303726249405468e+00,-3.837110159865456005e+00,-7.753611542332803808e+00
-5.141544584212494051e-01,-1.190837377463845215e+00,-5.281757447440590170e+00,-9.878613830449848976e+00
-2.481584217692639260e+00,-2.533075590983514536e-01,-6.033167548011932446e+00,-1.123927398973716052e+01
-3.545635314480706235e+00,2.839340913010234280e-01,-6.119298928528317028e+00,-1.161298034913824040e+01
-3.072568330182816609e+00,3.576138143116050494e-01,-5.802387860688075882e+00,-1.098872131606772307e+01
-1.429594308573402195e+00,1.739444720003370248e-01,-5.434422187445683505e+00,-9.572461810184229591e+00
2.561967718016955886e-01,8.702434673862763370e-02,-5.294158620038876606e+00,-7.759132576042190976e+00
1.126527176576500588e+00,3.599055740040730811e-01,-5.445751901749520840e+00,-5.973348578565608413e+00
1.222937065522980093e+00,9.959630510698943562e-01,-5.720419368238852442e+00,-4.556279467532234229e+00
1.019420347045304931e+00,1.774467851923175576e+00,-5.865033082928174046e+00,-3.774755650838186760e+00
7.251092160218786109e-01,2.452936707147780560e+00,-5.740060424785396798e+00,-3.724926711786812117e+00
3.579475447956533829e-01,2.951028497734257794e+00,-5.390131591239195608e+00,-4.056918220873507508e+00
1.550702577476586463e-01,3.347387433116789435e+00,-4.949549460954290048e+00,-3.919820941896206445e+00
3.934870735609132808e-01,3.700013342173242403e+00,-4.511189852044379833e+00,-2.472557700560666927e+00
9.131753242677124183e-01,3.879988222132103370e+00,-4.083297136248122072e+00,3.843236677643370736e-01
1.292737849857459320e+00,3.611505476375067136e+00,-3.632108804890136877e+00,3.783939925805880122e+00
1.495863409029925650e+00,2.717411005407301960e+00,-3.141892773441990805e+00,6.421245068641002973e+00
1.901582697869180105e+00,1.354156553657352546e+00,-2.653516066719768141e+00,7.381812633524771350e+00
2.624608211939775781e+00,6.676780104017574283e-03,-2.262505649169246791e+00,6.679721147615314436e+00
3.245776431629097569e+00,-7.680342234913881683e-01,-2.053821394551889057e+00,5.206696993658675332e+00
3.402042286913456781e+00,-6.407474431431584572e-01,-2.011985993815796903e+00,4.093222124751870084e+00
3.278603531651380631e+00,3.442349208956012596e-01,-2.031071759481806183e+00,3.816937471216772071e+00
3.268978749041712373e+00,1.798658446265062327e+00,-2.080140767484183861e+00,3.750524863078465554e+00
3.424367422292404317e+00,3.127080171483232363e+00,-2.357299440377126132e+00,2.682390071527205766e+00
3.472711054508158757e+00,3.753744259651081716e+00,-3.183264253920290887e+00,-4.249660747637636071e-02
3.105882733857301403e+00,3.407466793857009790e+00,-4.641495290235583937e+00,-3.847195453398572607e+00
1.980636068635597047e+00,2.286655734207356350e+00,-6.315624085456534864e+00,-7.392164873540692405e+00
-2.529580720703309415e-01,9.127963918156688505e-01,-7.466502204399821707e+00,-9.693353690954857882e+00
-3.476992574008272996e+00,-2.440138163280347328e-01,-7.573196940060207716e+00,-1.079681953491151880e+01
-6.778962568679186340e+00,-1.025719751580681516e+00,-6.768558992561139576e+00,-1.147983951992407903e+01
-9.020938123109299767e+00,-1.518868033958463704e+00,-5.759812842486448758e+00,-1.239397915219284663e+01
-9.755229868037291752e+00,-1.813189300352261446e+00,-5.287120846463994717e+00,-1.344414127602528097e+01
-9.328887780626809345e+00,-1.879777299807547930e+00,-5.582881090830547066e+00,-1.388903388907387182e+01
-8.244974985535304057e+00,-1.644425215004921670e+00,-6.272485135801932010e+00,-1.305896063895875692e+01
-6.879955813687609556e+00,-1.094280550985195610e+00,-6.754592029051693203e+00,-1.107704939188657001e+01
-5.772412600312684106e+00,-2.814879735016526663e-01,-6.702944933293610852e+00,-8.881234736548893949e+00
-5.543019253773042720e+00,7.346455036286076989e-01,-6.276501530252164507e+00,-7.431435177619166055e+00
-6.195425046974652794e+00,1.895348144496688425e+00,-5.910769337720425121e+00,-6.856705126825556995e+00
-6.878261451839051688e+00,3.080827958792066834e+00,-5.914163413379707634e+00,-6.461623681755379600e+00
-6.715631635769932828e+00,4.063751489286224761e+00,-6.225798183949137865e+00,-5.602693621467710550e+00
-5.689098033860932269e+00,4.556382047221862130e+00,-6.526363820936995630e+00,-4.464553163433293115e+00
-4.471117817414975271e+00,4.345886745981525578e+00,-6.577404241281763930e+00,-3.906268154340000631e+00
-3.682801360986451389e+00,3.440246677419525501e+00,-6.456964490616250885e+00,-4.594314854292284700e+00
-3.671242740086242407e+00,2.131970155348973606e+00,-6.457847898584548219e+00,-6.317397541291202678e+00
-4.731747999515350855e+00,9.264246565771031561e-01,-6.758103171426950162e+00,-8.077581171305977747e+00
-6.932396485048974988e+00,3.508920817564065153e-01,-7.230468560667273614e+00,-8.832123627946998567e+00
-9.600080042012079318e+00,7.186700228600551021e-01,-7.630368353068946341e+00,-8.296312489972727633e+00
-1.135685875992073512e+01,1.949475302192481330e+00,-7.980141563307854291e+00,-7.167409218031308704e+00
-1.087850378575799759e+01,3.552967237252810051e+00,-8.688073277750666179e+00,-6.506985583840584120e+00
-7.616415834514770111e+00,4.843349503089976693e+00,-1.014784174757432211e+01,-6.749871535938321010e+00
-2.085700467682243264e+00,5.318281148457005614e+00,-1.212111588116613170e+01,-7.299453165851362613e+00
4.052563021068190885e+00,4.960877812817125587e+00,-1.356087962289197257e+01,-7.196136349988496939e+00
8.318222370031319812e+00,4.206939717718227278e+00,-1.322633624926470652e+01,-6.197458804037187186e+00
8.679457094923259675e+00,3.569296909016840935e+00,-1.066029209137805722e+01,-5.105916432062700849e+00
5.129021491640202157e+00,3.227789505665464187e+00,-6.641403573996479182e+00,-5.012181311945229645e+00
-1.387274383718152537e-01,2.933355914038362933e+00,-2.655407173297872792e+00,-6.275649208177218163e+00
-4.424648864012274530e+00,2.269719003463427587e+00,1.513112600826963805e-01,-8.170742134826802783e+00
-6.358905171057239514e+00,9.962644299776077794e-01,1.640944314563686612e+00,-9.311180749996115225e+00
-6.151508624778531775e+00,-8.036559945876616817e-01,2.531357656100948983e+00,-8.398164353988107678e+00
-4.678897812020605507e+00,-2.792882316758920513e+00,3.718966698251895853e+00,-4.914983512608688265e+00
-2.857533385643749479e+00,-4.529543912178256804e+00,5.660142383744743100e+00,4.771946967330783496e-01
-1.571218641750628864e+00,-5.617078192562068750e+00,8.144375400349055383e+00,6.118380939604504576e+00
-1.433853136027779307e+00,-5.866494632065188064e+00,1.045053290518312572e+01,1.014229635359500925e+01
-2.380772395070740455e+00,-5.423155291004582601e+00,1.173646187763032778e+01,1.141278767046986431e+01
-3.782775060039967663e+00,-4.719379157165987770e+00,1.149343672552885920e+01,9.996174626344913605e+00
-5.027909649824559679e+00,-4.203379330865135266e+00,9.861244551801636504e+00,6.995514517029030266e+00
-5.755949798456677868e+00,-4.026150853621831338e+00,7.602046532836743253e+00,3.981162179406068979e+00
-5.649281372396132817e+00,-3.962613846147623242e+00,5.694971076647150632e+00,2.256389009609233387e+00
-4.557104808573292587e+00,-3.644859316061928034e+00,4.782526892998964385e+00,2.181703945822134116e+00
-3.030497836671334433e+00,-2.890047796103957900e+00,4.841207649900054477e+00,2.990213429378659971e+00
-2.249055046582801420e+00,-1.837610068794999885e+00,5.299284027667685137e+00,3.425050618288465465e+00
-2.958370357341989720e+00,-8.217758306952697156e-01,5.481517754836101375e+00,2.782359841927517508e+00
-4.609305453527691832e+00,-1.367669709278744872e-01,5.014255403544357392e+00,1.362702576319955394e+00
-5.821853033029808167e+00,1.191886405714347730e-01,3.903757044825521660e+00,-1.204327260621024243e-01
-5.599301247396946124e+00,6.256368407669804510e-02,2.337100977717397665e+00,-1.450643275598960003e+00
-3.967881374287849372e+00,-4.743007863488456211e-02,5.060805233969606354e-01,-3.081221836752358278e+00
-1.769306417905227802e+00,7.524021793367902111e-02,-1.353311215945449453e+00,-5.441774131577901130e+00
-2.192713960050768074e-01,5.968816363875261155e-01,-2.847862555872395340e+00,-8.247795350515666257e+00
-4.163984878795338185e-01,1.438586373706037813e+00,-3.524412782203584005e+00,-1.061395573885775612e+01
-2.634679419982798976e+00,2.297292414348366840e+00,-3.209042799696703252e+00,-1.187462337543858837e+01
-5.896498596198217257e+00,2.875454773481834092e+00,-2.263737908685542255e+00,-1.229658951050450000e+01
-8.579067212799150965e+00,3.153926619359051386e+00,-1.423318002629752055e+00,-1.293122903721237904e+01
-9.640315310483588362e+00,3.422564938087557795e+00,-1.271497145939342932e+00,-1.460600198329223964e+01
-9.128628428654090854e+00,3.995846025369519161e+00,-1.808964510106059409e+00,-1.693555762721820557e+01
-7.604534049947520025e+00,4.880746072909335709e+00,-2.519136515724690994e+00,-1.841357733739539881e+01
-5.535165587909935958e+00,5.721774376641630688e+00,-2.866786818599083908e+00,-1.769369143322415638e+01
-3.403128115438410095e+00,6.061353852773678774e+00,-2.747617416624156927e+00,-1.487058352615378176e+01
-1.922776502406991828e+00,5.668433510121089647e+00,-2.478641925380379529e+00,-1.143140453837064285e+01
-1.688794090164786210e+00,4.683255530106128717e+00,-2.398347688015008305e+00,-8.907095867587450755e+00
-2.692123645420031686e+00,3.520362620747873095e+00,-2.518998256464955787e+00,-7.601076987019309783e+00
-4.355104455127889906e+00,2.631665985595672996e+00,-2.564838557265805896e+00,-6.574859543896519831e+00
-5.859780043244514403e+00,2.266852143867549518e+00,-2.297571903329443721e+00,-4.715992012991219617e+00
-6.386046683709965421e+00,2.339486665056366821e+00,-1.754748065565808757e+00,-1.826050530794547377e+00
-5.612063023289195485e+00,2.464578740477277208e+00,-1.171047585768319355e+00,1.064515157004699120e+00
-4.553414691669083858e+00,2.168592271891205403e+00,-7.124645312334960678e-01,2.261717861396038476e+00
-5.449260917873639087e+00,1.186743297238767481e+00,-3.294087053706648560e-01,5.603941238795463464e-01
-9.635330708542120703e+00,-3.076375166168756614e-01,1.282744703672011044e-01,-3.592833402021372358e+00
-1.504464005622788569e+01,-1.708012709051428768e+00,6.853855966472329753e-01,-7.806691930783886235e+00
-1.664245161059927014e+01,-2.287476038419374191e+00,1.170160082299775972e+00,-8.946103113925657269e+00
-1.053936885154493197e+01,-1.683142910176055107e+00,1.389657669227328363e+00,-5.300378953724959707e+00
1.884028613319775225e+00,-2.152815629731975045e-01,1.362521002489872401e+00,1.919244919892708845e+00
